<?xml version = "1.0"?>
<XML ID = "EQInterfaceDefinitionLanguage">
	<Schema xmlns = "EverQuestData" xmlns:dt = "EverQuestDataTypes"/>
	
	<Button item = "CD_Yes_Button">

		<ScreenID>Yes_Button</ScreenID>

		<RelativePosition>true</RelativePosition>
		<AutoStretch>true</AutoStretch>
		<LeftAnchorOffset>2</LeftAnchorOffset>
		<TopAnchorOffset>22</TopAnchorOffset>
		<RightAnchorOffset>66</RightAnchorOffset>
		<BottomAnchorOffset>2</BottomAnchorOffset>
		<TopAnchorToTop>false</TopAnchorToTop>
		<BottomAnchorToTop>false</BottomAnchorToTop>
		<LeftAnchorToLeft>true</LeftAnchorToLeft>
		<RightAnchorToLeft>true</RightAnchorToLeft>
		<Style_Checkbox>false</Style_Checkbox>

		<Text>Yes</Text>

		<TextColor>
				<R>255</R>
				<G>255</G>
				<B>255</B>
		</TextColor>

		<ButtonDrawTemplate>
			<Normal>A_SmallBtnNormal</Normal>
			<Pressed>A_SmallBtnPressed</Pressed>
			<Flyby>A_SmallBtnFlyby</Flyby>
			<Disabled>A_SmallBtnDisabled</Disabled>
			<PressedFlyby>A_SmallBtnPressedFlyby</PressedFlyby>
		</ButtonDrawTemplate>

	</Button>

	<Button item = "CD_No_Button">
	
		<ScreenID>No_Button</ScreenID>

		<RelativePosition>true</RelativePosition>
		<AutoStretch>true</AutoStretch>
		<LeftAnchorOffset>66</LeftAnchorOffset>
		<TopAnchorOffset>22</TopAnchorOffset>
		<RightAnchorOffset>2</RightAnchorOffset>
		<BottomAnchorOffset>2</BottomAnchorOffset>
		<TopAnchorToTop>false</TopAnchorToTop>
		<BottomAnchorToTop>false</BottomAnchorToTop>
		<LeftAnchorToLeft>false</LeftAnchorToLeft>
		<RightAnchorToLeft>false</RightAnchorToLeft>
		<Style_Checkbox>false</Style_Checkbox>

		<Text>No</Text>

		<TextColor>
				<R>255</R>
				<G>255</G>
				<B>255</B>
		</TextColor>

		<ButtonDrawTemplate>
			<Normal>A_SmallBtnNormal</Normal>
			<Pressed>A_SmallBtnPressed</Pressed>
			<Flyby>A_SmallBtnFlyby</Flyby>
			<Disabled>A_SmallBtnDisabled</Disabled>
			<PressedFlyby>A_SmallBtnPressedFlyby</PressedFlyby>
		</ButtonDrawTemplate>

	</Button>

	<Button item = "CD_OK_Button">

		<ScreenID>OK_Button</ScreenID>

		<RelativePosition>true</RelativePosition>
		<AutoStretch>true</AutoStretch>
		<LeftAnchorOffset>105</LeftAnchorOffset>
		<TopAnchorOffset>22</TopAnchorOffset>
		<RightAnchorOffset>169</RightAnchorOffset>
		<BottomAnchorOffset>2</BottomAnchorOffset>
		<TopAnchorToTop>false</TopAnchorToTop>
		<BottomAnchorToTop>false</BottomAnchorToTop>
		<LeftAnchorToLeft>true</LeftAnchorToLeft>
		<RightAnchorToLeft>true</RightAnchorToLeft>
		<Style_Checkbox>false</Style_Checkbox>

		<Text>Ok</Text>

		<TextColor>
				<R>255</R>
				<G>255</G>
				<B>255</B>
		</TextColor>

		<ButtonDrawTemplate>
			<Normal>A_SmallBtnNormal</Normal>
			<Pressed>A_SmallBtnPressed</Pressed>
			<Flyby>A_SmallBtnFlyby</Flyby>
			<Disabled>A_SmallBtnDisabled</Disabled>
			<PressedFlyby>A_SmallBtnPressedFlyby</PressedFlyby>
		</ButtonDrawTemplate>

	</Button>

	<StaticText item ="CD_StaticText1">
		<ScreenID>Text1</ScreenID>
		<!--<Font>3</Font>-->
		<RelativePosition>true</RelativePosition>
		<Location>
			<X>5</X>
			<Y>5</Y>
		</Location>
		<Size>
			<CX>96</CX>
			<CY>100</CY>
		</Size>
		<Text>UTF16:00410042AC01AC02AC03AC04AC05</Text>
		<TextColor>
				<R>255</R>
				<G>0</G>
				<B>0</B>
		</TextColor>
		<NoWrap>false</NoWrap>
		<AlignCenter>false</AlignCenter>
		<AlignRight>false</AlignRight>
	</StaticText>

	<STMLbox item = "CD_TextOutput">

		<ScreenID>TextOutput</ScreenID>
		<DrawTemplate>WDT_Inner</DrawTemplate>

		<RelativePosition>true</RelativePosition>
		<AutoStretch>true</AutoStretch>
		<LeftAnchorOffset>2</LeftAnchorOffset>
		<TopAnchorOffset>2</TopAnchorOffset>
		<RightAnchorOffset>2</RightAnchorOffset>
		<BottomAnchorOffset>24</BottomAnchorOffset>
		<TopAnchorToTop>true</TopAnchorToTop>
		<BottomAnchorToTop>false</BottomAnchorToTop>
		<LeftAnchorToLeft>true</LeftAnchorToLeft>
		<RightAnchorToLeft>false</RightAnchorToLeft>
		<Style_Checkbox>false</Style_Checkbox>
		<Style_VScroll>true</Style_VScroll>

	</STMLbox>

	<Screen item = "ConfirmationDialogBox">
		<!--<ScreenID/>-->
		<!--<Font/>-->
		<RelativePosition>false</RelativePosition>
		<Location>
			<X>550</X>
			<Y>350</Y>
		</Location>
		<Size>
			<CX>274</CX>
			<CY>200</CY>
		</Size>
		<Style_Transparent>false</Style_Transparent>
		<!--<TooltipReference/>-->
		<DrawTemplate>WDT_RoundedNoTitle</DrawTemplate>
		<Style_Titlebar>true</Style_Titlebar>
		<Style_Closebox>false</Style_Closebox>
		<Style_Minimizebox>false</Style_Minimizebox>
		<Style_Border>true</Style_Border>
		<Style_Sizable>true</Style_Sizable>
		<Pieces>CD_Yes_Button</Pieces>
		<Pieces>CD_No_Button</Pieces>
		<Pieces>CD_OK_Button</Pieces>
		<Pieces>CD_TextOutput</Pieces>
	</Screen>

</XML>
