<?xml version="1.0" encoding="us-ascii"?>
<XML ID="EQInterfaceDefinitionLanguage">
  <Schema xmlns="EverQuestData" xmlns:dt="EverQuestDataTypes" />
  <!-- Jibartik: Thisis the start of a static aniamtion -->
  <Ui2DAnimation item="Jib_BankBackgroundTexture">
    <Cycle>true</Cycle>
    <Frames>
      <Texture>classic_backgrounds03.png</Texture>
      <Location>
        <X>0</X>
        <!-- changes texture postion -->
        <Y>0</Y>
        <!-- changes texture postion -->
      </Location>
      <Size>
        <CX>119</CX>
        <!-- changes size of image -->
        <CY>505</CY>
        <!-- changes size of image -->
      </Size>
      <Duration>1000</Duration>
    </Frames>
  </Ui2DAnimation>
  <!-- this is the end of the pressed button -->
  <!-- Jibartik Start: This positions a static aniamtion on the ui -->
  <StaticAnimation item="Jib_BankBackgroud">
    <RelativePosition>true</RelativePosition>
    <Location>
      <X>0</X>
      <!-- will move the image around -->
      <Y>0</Y>
      <!-- will move the image around -->
    </Location>
    <Size>
      <CX>119</CX>
      <!-- stretches button around -->
      <CY>505</CY>
      <!-- stretches button around -->
    </Size>
    <Animation>Jib_BankBackgroundTexture</Animation>
  </StaticAnimation>
  <!-- END: place a static anaitmion -->
  <Label item="BW_BankerName">
    <ScreenID>BW_BankerName</ScreenID>
    <!--<Font>3</Font>-->
    <RelativePosition>true</RelativePosition>
    <Location>
      <X>8</X>
      <Y>12</Y>
    </Location>
    <Size>
      <CX>100</CX>
      <CY>40</CY>
    </Size>
    <Text>Banker Name</Text>
    <TextColor>
      <R>255</R>
      <G>255</G>
      <B>255</B>
    </TextColor>
    <NoWrap>false</NoWrap>
    <AlignCenter>true</AlignCenter>
    <AlignRight>false</AlignRight>
  </Label>
  <InvSlot item="BW_BankSlot0">
    <ScreenID>BW_BankSlot0</ScreenID>
    <!--<Font>3</Font>-->
    <RelativePosition>true</RelativePosition>
    <Location>
      <X>14</X>
      <Y>94</Y>
    </Location>
    <Size>
      <CX>40</CX>
      <CY>40</CY>
    </Size>
    <EQType>2000</EQType>
    <ItemOffsetX>2</ItemOffsetX>
    <ItemOffsetY>2</ItemOffsetY>
  </InvSlot>
  <InvSlot item="BW_BankSlot1">
    <ScreenID>BW_BankSlot1</ScreenID>
    <!--<Font>3</Font>-->
    <RelativePosition>true</RelativePosition>
    <Location>
      <X>14</X>
      <Y>143</Y>
    </Location>
    <Size>
      <CX>40</CX>
      <CY>40</CY>
    </Size>
    <EQType>2001</EQType>
    <ItemOffsetX>2</ItemOffsetX>
    <ItemOffsetY>2</ItemOffsetY>
  </InvSlot>
  <InvSlot item="BW_BankSlot2">
    <ScreenID>BW_BankSlot2</ScreenID>
    <!--<Font>3</Font>-->
    <RelativePosition>true</RelativePosition>
    <Location>
      <X>14</X>
      <Y>192</Y>
    </Location>
    <Size>
      <CX>40</CX>
      <CY>40</CY>
    </Size>
    <EQType>2002</EQType>
    <ItemOffsetX>2</ItemOffsetX>
    <ItemOffsetY>2</ItemOffsetY>
  </InvSlot>
  <InvSlot item="BW_BankSlot3">
    <ScreenID>BW_BankSlot3</ScreenID>
    <!--<Font>3</Font>-->
    <RelativePosition>true</RelativePosition>
    <Location>
      <X>14</X>
      <Y>241</Y>
    </Location>
    <Size>
      <CX>40</CX>
      <CY>40</CY>
    </Size>
    <EQType>2003</EQType>
    <ItemOffsetX>2</ItemOffsetX>
    <ItemOffsetY>2</ItemOffsetY>
  </InvSlot>
  <InvSlot item="BW_BankSlot4">
    <ScreenID>BW_BankSlot4</ScreenID>
    <!--<Font>3</Font>-->
    <RelativePosition>true</RelativePosition>
    <Location>
      <X>63</X>
      <Y>94</Y>
    </Location>
    <Size>
      <CX>40</CX>
      <CY>40</CY>
    </Size>
    <EQType>2004</EQType>
    <ItemOffsetX>2</ItemOffsetX>
    <ItemOffsetY>2</ItemOffsetY>
  </InvSlot>
  <InvSlot item="BW_BankSlot5">
    <ScreenID>BW_BankSlot5</ScreenID>
    <!--<Font>3</Font>-->
    <RelativePosition>true</RelativePosition>
    <Location>
      <X>63</X>
      <Y>143</Y>
    </Location>
    <Size>
      <CX>40</CX>
      <CY>40</CY>
    </Size>
    <EQType>2005</EQType>
    <ItemOffsetX>2</ItemOffsetX>
    <ItemOffsetY>2</ItemOffsetY>
  </InvSlot>
  <InvSlot item="BW_BankSlot6">
    <ScreenID>BW_BankSlot6</ScreenID>
    <!--<Font>3</Font>-->
    <RelativePosition>true</RelativePosition>
    <Location>
      <X>63</X>
      <Y>192</Y>
    </Location>
    <Size>
      <CX>40</CX>
      <CY>40</CY>
    </Size>
    <EQType>2006</EQType>
    <ItemOffsetX>2</ItemOffsetX>
    <ItemOffsetY>2</ItemOffsetY>
  </InvSlot>
  <InvSlot item="BW_BankSlot7">
    <ScreenID>BW_BankSlot7</ScreenID>
    <!--<Font>3</Font>-->
    <RelativePosition>true</RelativePosition>
    <Location>
      <X>60</X>
      <Y>241</Y>
    </Location>
    <Size>
      <CX>40</CX>
      <CY>40</CY>
    </Size>
    <EQType>2007</EQType>
    <ItemOffsetX>2</ItemOffsetX>
    <ItemOffsetY>2</ItemOffsetY>
  </InvSlot>
  <InvSlot item="BW_SharedBankSlot0">
    <ScreenID>BW_SharedBankSlot0</ScreenID>
  </InvSlot>
  <InvSlot item="BW_SharedBankSlot1">
    <ScreenID>BW_SharedBankSlot1</ScreenID>
  </InvSlot>
  <Button item="BW_SharedMoney0">
    <ScreenID>BW_SharedMoney0</ScreenID>
  </Button>
  <Button item="BW_Money0">
    <ScreenID>BW_Money0</ScreenID>
    <RelativePosition>true</RelativePosition>
    <Location>
      <X>25</X>
      <Y>320</Y>
    </Location>
    <Size>
      <CX>90</CX>
      <CY>24</CY>
    </Size>
    <Style_Transparent>false</Style_Transparent>
    <TooltipReference>Drop coins here or click to pick up Platinum</TooltipReference>
    <Style_Checkbox>false</Style_Checkbox>
    <Text>60000</Text>
    <TextColor>
      <R>255</R>
      <G>255</G>
      <B>255</B>
    </TextColor>
    <DecalOffset>
      <X>2</X>
      <Y>2</Y>
    </DecalOffset>
    <DecalSize>
      <CX>18</CX>
      <CY>18</CY>
    </DecalSize>
  </Button>
  <Button item="BW_Money1">
    <ScreenID>BW_Money1</ScreenID>
    <RelativePosition>true</RelativePosition>
    <Location>
      <X>25</X>
      <Y>355</Y>
    </Location>
    <Size>
      <CX>90</CX>
      <CY>24</CY>
    </Size>
    <Style_Transparent>false</Style_Transparent>
    <TooltipReference>Drop coins here or click to pick up Gold</TooltipReference>
    <Style_Checkbox>false</Style_Checkbox>
    <Text>60000</Text>
    <TextColor>
      <R>255</R>
      <G>255</G>
      <B>255</B>
    </TextColor>
    <DecalOffset>
      <X>2</X>
      <Y>2</Y>
    </DecalOffset>
    <DecalSize>
      <CX>18</CX>
      <CY>18</CY>
    </DecalSize>
  </Button>
  <Button item="BW_Money2">
    <ScreenID>BW_Money2</ScreenID>
    <RelativePosition>true</RelativePosition>
    <Location>
      <X>25</X>
      <Y>392</Y>
    </Location>
    <Size>
      <CX>90</CX>
      <CY>24</CY>
    </Size>
    <Style_Transparent>false</Style_Transparent>
    <TooltipReference>Drop coins here or click to pick up Silver</TooltipReference>
    <Style_Checkbox>false</Style_Checkbox>
    <Text>60000</Text>
    <TextColor>
      <R>255</R>
      <G>255</G>
      <B>255</B>
    </TextColor>
    <DecalOffset>
      <X>2</X>
      <Y>2</Y>
    </DecalOffset>
    <DecalSize>
      <CX>18</CX>
      <CY>18</CY>
    </DecalSize>
  </Button>
  <Button item="BW_Money3">
    <ScreenID>BW_Money3</ScreenID>
    <RelativePosition>true</RelativePosition>
    <Location>
      <X>25</X>
      <Y>428</Y>
    </Location>
    <Size>
      <CX>90</CX>
      <CY>24</CY>
    </Size>
    <Style_Transparent>false</Style_Transparent>
    <TooltipReference>Drop coins here or click to pick up Copper</TooltipReference>
    <Style_Checkbox>false</Style_Checkbox>
    <Text>60000</Text>
    <TextColor>
      <R>255</R>
      <G>255</G>
      <B>255</B>
    </TextColor>
    <DecalOffset>
      <X>2</X>
      <Y>2</Y>
    </DecalOffset>
    <DecalSize>
      <CX>18</CX>
      <CY>18</CY>
    </DecalSize>
  </Button>
  <Button item="BW_ChangeButton">
    <ScreenID>ChangeButton</ScreenID>
    <RelativePosition>true</RelativePosition>
    <Location>
      <X>4</X>
      <Y>530</Y>
    </Location>
    <Size>
      <CX>50</CX>
      <CY>24</CY>
    </Size>
    <Style_Transparent>false</Style_Transparent>
    <Style_Checkbox>false</Style_Checkbox>
    <Text>Change</Text>
    <TextColor>
      <R>7</R>
      <G>7</G>
      <B>7</B>
    </TextColor>
    <ButtonDrawTemplate>
      <Normal>A_BtnNormal</Normal>
      <Pressed>A_BtnPressed</Pressed>
      <Flyby>A_BtnFlyby</Flyby>
      <Disabled>A_BtnDisabled</Disabled>
      <PressedFlyby>A_BtnPressedFlyby</PressedFlyby>
    </ButtonDrawTemplate>
  </Button>
  <Button item="BW_DoneButton">
    <ScreenID>DoneButton</ScreenID>
    <RelativePosition>true</RelativePosition>
    <Location>
      <X>32</X>
      <Y>468</Y>
    </Location>
    <Size>
      <CX>48</CX>
      <CY>19</CY>
    </Size>
    <Style_Transparent>false</Style_Transparent>
    <Style_Checkbox>false</Style_Checkbox>
    <ButtonDrawTemplate>
      <Normal>A_ClassicDoneNormal</Normal>
      <Pressed>A_ClassicDonePressed</Pressed>
      <Flyby>A_ClassicDoneNormal</Flyby>
      <Disabled>A_ClassicDonePressed</Disabled>
      <PressedFlyby>A_ClassicDonePressed</PressedFlyby>
    </ButtonDrawTemplate>
  </Button>
  <Button item="BW_AltStorageButton">
    <ScreenID>AltStorageButton</ScreenID>
  </Button>
  <Screen item="BankWnd">
    <RelativePosition>false</RelativePosition>
    <Location>
      <X>0</X>
      <Y>25</Y>
    </Location>
    <Size>
      <CX>119</CX>
      <CY>505</CY>
    </Size>
    <Text>Bank</Text>
    <Style_Transparent>false</Style_Transparent>
    <!--<TooltipReference/>-->
    <DrawTemplate>WDT_RoundedNoTitle</DrawTemplate>
    <Style_Titlebar>false</Style_Titlebar>
    <Style_Closebox>false</Style_Closebox>
    <Style_Minimizebox>false</Style_Minimizebox>
    <Style_Border>false</Style_Border>
    <Style_Sizable>false</Style_Sizable>
    <Pieces>Jib_BankBackgroud</Pieces>
    <Pieces>BW_BankerName</Pieces>
    <Pieces>BW_BankSlot0</Pieces>
    <Pieces>BW_BankSlot1</Pieces>
    <Pieces>BW_BankSlot2</Pieces>
    <Pieces>BW_BankSlot3</Pieces>
    <Pieces>BW_BankSlot4</Pieces>
    <Pieces>BW_BankSlot5</Pieces>
    <Pieces>BW_BankSlot6</Pieces>
    <Pieces>BW_BankSlot7</Pieces>
    <Pieces>BW_SharedBankSlot0</Pieces>
    <Pieces>BW_SharedBankSlot1</Pieces>
    <Pieces>BW_SharedMoney0</Pieces>
    <Pieces>BW_Money0</Pieces>
    <Pieces>BW_Money1</Pieces>
    <Pieces>BW_Money2</Pieces>
    <Pieces>BW_Money3</Pieces>
    <Pieces>BW_DoneButton</Pieces>
    <Pieces>BW_ChangeButton</Pieces>
    <Pieces>BW_AltStorageButton</Pieces>
  </Screen>
</XML>