<?xml version="1.0" encoding="us-ascii"?>
<XML ID="EQInterfaceDefinitionLanguage">
  <Schema xmlns="EverQuestData" xmlns:dt="EverQuestDataTypes" />
  <Label item="GTMW_StatusText">
    <ScreenID />
    <Font>4</Font>
    <RelativePosition>true</RelativePosition>
    <AutoStretch>true</AutoStretch>
    <LeftAnchorOffset>60</LeftAnchorOffset>
    <TopAnchorOffset>4</TopAnchorOffset>
    <RightAnchorOffset>0</RightAnchorOffset>
    <BottomAnchorOffset>24</BottomAnchorOffset>
    <LeftAnchorToLeft>true</LeftAnchorToLeft>
    <TopAnchorToTop>true</TopAnchorToTop>
    <RightAnchorToLeft>false</RightAnchorToLeft>
    <BottomAnchorToTop>true</BottomAnchorToTop>
    <Text>Opted In</Text>
    <TextColor>
      <R>255</R>
      <G>255</G>
      <B>255</B>
    </TextColor>
    <NoWrap>false</NoWrap>
    <AlignCenter>false</AlignCenter>
    <AlignRight>false</AlignRight>
  </Label>
  <Button item="GTMW_StatusButton">
    <ScreenID>GuildStatusButton</ScreenID>
    <RelativePosition>true</RelativePosition>
    <AutoStretch>true</AutoStretch>
    <LeftAnchorOffset>37</LeftAnchorOffset>
    <TopAnchorOffset>4</TopAnchorOffset>
    <RightAnchorOffset>53</RightAnchorOffset>
    <BottomAnchorOffset>20</BottomAnchorOffset>
    <LeftAnchorToLeft>true</LeftAnchorToLeft>
    <TopAnchorToTop>true</TopAnchorToTop>
    <RightAnchorToLeft>true</RightAnchorToLeft>
    <BottomAnchorToTop>true</BottomAnchorToTop>
    <Style_Transparent>false</Style_Transparent>
    <Style_Checkbox>true</Style_Checkbox>
    <Text />
    <TextColor>
      <R>255</R>
      <G>255</G>
      <B>255</B>
    </TextColor>
    <ButtonDrawTemplate>
      <Normal>A_CheckBoxNormal</Normal>
      <Pressed>A_CheckBoxPressed</Pressed>
    </ButtonDrawTemplate>
  </Button>
  <Label item="GTMW_PointsText">
    <ScreenID />
    <Font>4</Font>
    <RelativePosition>true</RelativePosition>
    <AutoStretch>true</AutoStretch>
    <LeftAnchorOffset>0</LeftAnchorOffset>
    <TopAnchorOffset>25</TopAnchorOffset>
    <RightAnchorOffset>80</RightAnchorOffset>
    <BottomAnchorOffset>49</BottomAnchorOffset>
    <LeftAnchorToLeft>true</LeftAnchorToLeft>
    <TopAnchorToTop>true</TopAnchorToTop>
    <RightAnchorToLeft>false</RightAnchorToLeft>
    <BottomAnchorToTop>true</BottomAnchorToTop>
    <Text>Current Favor:</Text>
    <TextColor>
      <R>255</R>
      <G>255</G>
      <B>255</B>
    </TextColor>
    <NoWrap>false</NoWrap>
    <AlignCenter>false</AlignCenter>
    <AlignRight>false</AlignRight>
  </Label>
  <Label item="GTMW_PointsLabel">
    <ScreenID />
    <Font>4</Font>
    <RelativePosition>true</RelativePosition>
    <AutoStretch>true</AutoStretch>
    <LeftAnchorOffset>80</LeftAnchorOffset>
    <TopAnchorOffset>25</TopAnchorOffset>
    <RightAnchorOffset>0</RightAnchorOffset>
    <BottomAnchorOffset>49</BottomAnchorOffset>
    <LeftAnchorToLeft>false</LeftAnchorToLeft>
    <TopAnchorToTop>true</TopAnchorToTop>
    <RightAnchorToLeft>false</RightAnchorToLeft>
    <BottomAnchorToTop>true</BottomAnchorToTop>
    <EQType>122</EQType>
    <TextColor>
      <R>255</R>
      <G>255</G>
      <B>255</B>
    </TextColor>
    <NoWrap>false</NoWrap>
    <AlignCenter>true</AlignCenter>
    <AlignRight>false</AlignRight>
  </Label>
  <Label item="GTMW_TimerText">
    <ScreenID />
    <Font>4</Font>
    <RelativePosition>true</RelativePosition>
    <AutoStretch>true</AutoStretch>
    <LeftAnchorOffset>0</LeftAnchorOffset>
    <TopAnchorOffset>50</TopAnchorOffset>
    <RightAnchorOffset>80</RightAnchorOffset>
    <BottomAnchorOffset>74</BottomAnchorOffset>
    <LeftAnchorToLeft>true</LeftAnchorToLeft>
    <TopAnchorToTop>true</TopAnchorToTop>
    <RightAnchorToLeft>false</RightAnchorToLeft>
    <BottomAnchorToTop>true</BottomAnchorToTop>
    <Text>Time Left:</Text>
    <TextColor>
      <R>255</R>
      <G>255</G>
      <B>255</B>
    </TextColor>
    <NoWrap>false</NoWrap>
    <AlignCenter>false</AlignCenter>
    <AlignRight>false</AlignRight>
  </Label>
  <Label item="GTMW_TimerLabel">
    <ScreenID />
    <Font>4</Font>
    <RelativePosition>true</RelativePosition>
    <AutoStretch>true</AutoStretch>
    <LeftAnchorOffset>80</LeftAnchorOffset>
    <TopAnchorOffset>50</TopAnchorOffset>
    <RightAnchorOffset>0</RightAnchorOffset>
    <BottomAnchorOffset>74</BottomAnchorOffset>
    <LeftAnchorToLeft>false</LeftAnchorToLeft>
    <TopAnchorToTop>true</TopAnchorToTop>
    <RightAnchorToLeft>false</RightAnchorToLeft>
    <BottomAnchorToTop>true</BottomAnchorToTop>
    <EQType>121</EQType>
    <TextColor>
      <R>255</R>
      <G>255</G>
      <B>255</B>
    </TextColor>
    <NoWrap>false</NoWrap>
    <AlignCenter>true</AlignCenter>
    <AlignRight>false</AlignRight>
  </Label>
  <Label item="GTMW_CostText">
    <ScreenID />
    <Font>4</Font>
    <RelativePosition>true</RelativePosition>
    <AutoStretch>true</AutoStretch>
    <LeftAnchorOffset>0</LeftAnchorOffset>
    <TopAnchorOffset>75</TopAnchorOffset>
    <RightAnchorOffset>80</RightAnchorOffset>
    <BottomAnchorOffset>99</BottomAnchorOffset>
    <LeftAnchorToLeft>true</LeftAnchorToLeft>
    <TopAnchorToTop>true</TopAnchorToTop>
    <RightAnchorToLeft>false</RightAnchorToLeft>
    <BottomAnchorToTop>true</BottomAnchorToTop>
    <Text>Current Cost:</Text>
    <TextColor>
      <R>255</R>
      <G>255</G>
      <B>255</B>
    </TextColor>
    <NoWrap>false</NoWrap>
    <AlignCenter>false</AlignCenter>
    <AlignRight>false</AlignRight>
  </Label>
  <Label item="GTMW_CostLabel">
    <ScreenID />
    <Font>4</Font>
    <RelativePosition>true</RelativePosition>
    <AutoStretch>true</AutoStretch>
    <LeftAnchorOffset>80</LeftAnchorOffset>
    <TopAnchorOffset>75</TopAnchorOffset>
    <RightAnchorOffset>0</RightAnchorOffset>
    <BottomAnchorOffset>99</BottomAnchorOffset>
    <LeftAnchorToLeft>false</LeftAnchorToLeft>
    <TopAnchorToTop>true</TopAnchorToTop>
    <RightAnchorToLeft>false</RightAnchorToLeft>
    <BottomAnchorToTop>true</BottomAnchorToTop>
    <EQType>123</EQType>
    <TextColor>
      <R>255</R>
      <G>255</G>
      <B>255</B>
    </TextColor>
    <NoWrap>false</NoWrap>
    <AlignCenter>true</AlignCenter>
    <AlignRight>false</AlignRight>
  </Label>
  <Screen item="GTMW_LabelWnd">
    <ScreenID>GuildLabelWnd</ScreenID>
    <!--<Font/>-->
    <RelativePosition>true</RelativePosition>
    <AutoStretch>true</AutoStretch>
    <LeftAnchorOffset>200</LeftAnchorOffset>
    <TopAnchorOffset>100</TopAnchorOffset>
    <RightAnchorOffset>0</RightAnchorOffset>
    <BottomAnchorOffset>0</BottomAnchorOffset>
    <LeftAnchorToLeft>false</LeftAnchorToLeft>
    <TopAnchorToTop>false</TopAnchorToTop>
    <RightAnchorToLeft>false</RightAnchorToLeft>
    <BottomAnchorToTop>false</BottomAnchorToTop>
    <Style_VScroll>false</Style_VScroll>
    <Style_Transparent>true</Style_Transparent>
    <DrawTemplate>WDT_Inner</DrawTemplate>
    <Style_Titlebar>false</Style_Titlebar>
    <Style_Closebox>false</Style_Closebox>
    <Style_Minimizebox>false</Style_Minimizebox>
    <Style_Border>false</Style_Border>
    <Style_Sizable>false</Style_Sizable>
    <Pieces>GTMW_CostText</Pieces>
    <Pieces>GTMW_CostLabel</Pieces>
    <Pieces>GTMW_TimerText</Pieces>
    <Pieces>GTMW_TimerLabel</Pieces>
    <Pieces>GTMW_PointsText</Pieces>
    <Pieces>GTMW_PointsLabel</Pieces>
    <Pieces>GTMW_StatusText</Pieces>
    <Pieces>GTMW_StatusButton</Pieces>
  </Screen>
  <Label item="GTMW_ActiveLabel">
    <ScreenID />
    <Font>4</Font>
    <RelativePosition>true</RelativePosition>
    <AutoStretch>true</AutoStretch>
    <LeftAnchorOffset>0</LeftAnchorOffset>
    <TopAnchorOffset>0</TopAnchorOffset>
    <RightAnchorOffset>0</RightAnchorOffset>
    <BottomAnchorOffset>24</BottomAnchorOffset>
    <LeftAnchorToLeft>true</LeftAnchorToLeft>
    <TopAnchorToTop>true</TopAnchorToTop>
    <RightAnchorToLeft>false</RightAnchorToLeft>
    <BottomAnchorToTop>true</BottomAnchorToTop>
    <Text>Active Benefits</Text>
    <TextColor>
      <R>255</R>
      <G>255</G>
      <B>255</B>
    </TextColor>
    <NoWrap>false</NoWrap>
    <AlignCenter>true</AlignCenter>
    <AlignRight>false</AlignRight>
  </Label>
  <Listbox item="GTMW_ActiveBenefitList">
    <ScreenID>GuildActiveBenefitList</ScreenID>
    <DrawTemplate>WDT_Inner</DrawTemplate>
    <AutoStretch>true</AutoStretch>
    <LeftAnchorOffset>0</LeftAnchorOffset>
    <TopAnchorOffset>26</TopAnchorOffset>
    <RightAnchorOffset>0</RightAnchorOffset>
    <BottomAnchorOffset>24</BottomAnchorOffset>
    <LeftAnchorToLeft>true</LeftAnchorToLeft>
    <TopAnchorToTop>true</TopAnchorToTop>
    <RightAnchorToLeft>false</RightAnchorToLeft>
    <BottomAnchorToTop>false</BottomAnchorToTop>
    <Columns>
      <Width>120</Width>
      <Heading>Benefit Name</Heading>
    </Columns>
    <Columns>
      <Width>30</Width>
      <Heading>Tier</Heading>
    </Columns>
    <Columns>
      <Width>50</Width>
      <Heading>Cost</Heading>
    </Columns>
    <Style_Border>true</Style_Border>
    <Style_VScroll>true</Style_VScroll>
  </Listbox>
  <Button item="GTMW_DowngradeButton">
    <ScreenID>GuildDowngradeButton</ScreenID>
    <!--<Font>3</Font>-->
    <RelativePosition>true</RelativePosition>
    <AutoStretch>true</AutoStretch>
    <LeftAnchorOffset>40</LeftAnchorOffset>
    <TopAnchorOffset>22</TopAnchorOffset>
    <RightAnchorOffset>40</RightAnchorOffset>
    <BottomAnchorOffset>2</BottomAnchorOffset>
    <TopAnchorToTop>false</TopAnchorToTop>
    <BottomAnchorToTop>false</BottomAnchorToTop>
    <LeftAnchorToLeft>true</LeftAnchorToLeft>
    <RightAnchorToLeft>false</RightAnchorToLeft>
    <Style_Transparent>false</Style_Transparent>
    <TooltipReference>Click this button to deactivate/downgrade the selected benefit.</TooltipReference>
    <Style_Checkbox>false</Style_Checkbox>
    <Text>Downgrade</Text>
    <TextColor>
      <R>255</R>
      <G>255</G>
      <B>255</B>
    </TextColor>
    <ButtonDrawTemplate>
      <Normal>A_SmallBtnNormal</Normal>
      <Pressed>A_SmallBtnPressed</Pressed>
      <Flyby>A_SmallBtnFlyby</Flyby>
      <Disabled>A_SmallBtnDisabled</Disabled>
      <PressedFlyby>A_SmallBtnPressedFlyby</PressedFlyby>
    </ButtonDrawTemplate>
  </Button>
  <Screen item="GTMW_ActiveBenefitArea">
    <ScreenID />
    <!--<Font/>-->
    <RelativePosition>true</RelativePosition>
    <Location>
      <X>290</X>
      <Y>0</Y>
    </Location>
    <Size>
      <CX>200</CX>
      <CY>180</CY>
    </Size>
    <Style_VScroll>false</Style_VScroll>
    <Style_Transparent>true</Style_Transparent>
    <DrawTemplate>WDT_Inner</DrawTemplate>
    <Style_Titlebar>false</Style_Titlebar>
    <Style_Closebox>false</Style_Closebox>
    <Style_Minimizebox>false</Style_Minimizebox>
    <Style_Border>false</Style_Border>
    <Style_Sizable>false</Style_Sizable>
    <Pieces>GTMW_ActiveBenefitList</Pieces>
    <Pieces>GTMW_ActiveLabel</Pieces>
    <Pieces>GTMW_DowngradeButton</Pieces>
  </Screen>
  <Label item="GTMW_MasterLabel">
    <ScreenID />
    <Font>4</Font>
    <RelativePosition>true</RelativePosition>
    <AutoStretch>true</AutoStretch>
    <LeftAnchorOffset>0</LeftAnchorOffset>
    <TopAnchorOffset>0</TopAnchorOffset>
    <RightAnchorOffset>0</RightAnchorOffset>
    <BottomAnchorOffset>24</BottomAnchorOffset>
    <LeftAnchorToLeft>true</LeftAnchorToLeft>
    <TopAnchorToTop>true</TopAnchorToTop>
    <RightAnchorToLeft>false</RightAnchorToLeft>
    <BottomAnchorToTop>true</BottomAnchorToTop>
    <Text>Available Benefits</Text>
    <TextColor>
      <R>255</R>
      <G>255</G>
      <B>255</B>
    </TextColor>
    <NoWrap>false</NoWrap>
    <AlignCenter>true</AlignCenter>
    <AlignRight>false</AlignRight>
  </Label>
  <Listbox item="GTMW_BenefitMasterList">
    <ScreenID>GuildBenefitMasterList</ScreenID>
    <DrawTemplate>WDT_Inner</DrawTemplate>
    <AutoStretch>true</AutoStretch>
    <LeftAnchorOffset>0</LeftAnchorOffset>
    <TopAnchorOffset>26</TopAnchorOffset>
    <RightAnchorOffset>0</RightAnchorOffset>
    <BottomAnchorOffset>24</BottomAnchorOffset>
    <LeftAnchorToLeft>true</LeftAnchorToLeft>
    <TopAnchorToTop>true</TopAnchorToTop>
    <RightAnchorToLeft>false</RightAnchorToLeft>
    <BottomAnchorToTop>false</BottomAnchorToTop>
    <Columns>
      <Width>120</Width>
      <Heading>Benefit Name</Heading>
    </Columns>
    <Columns>
      <Width>30</Width>
      <Heading>Tier</Heading>
    </Columns>
    <Columns>
      <Width>50</Width>
      <Heading>Level</Heading>
    </Columns>
    <Columns>
      <Width>50</Width>
      <Heading>Cost</Heading>
    </Columns>
    <Style_Border>true</Style_Border>
    <Style_VScroll>true</Style_VScroll>
  </Listbox>
  <Button item="GTMW_UpgradeButton">
    <ScreenID>GuildUpgradeButton</ScreenID>
    <!--<Font>3</Font>-->
    <RelativePosition>true</RelativePosition>
    <AutoStretch>true</AutoStretch>
    <LeftAnchorOffset>40</LeftAnchorOffset>
    <TopAnchorOffset>22</TopAnchorOffset>
    <RightAnchorOffset>40</RightAnchorOffset>
    <BottomAnchorOffset>2</BottomAnchorOffset>
    <TopAnchorToTop>false</TopAnchorToTop>
    <BottomAnchorToTop>false</BottomAnchorToTop>
    <LeftAnchorToLeft>true</LeftAnchorToLeft>
    <RightAnchorToLeft>false</RightAnchorToLeft>
    <Style_Transparent>false</Style_Transparent>
    <TooltipReference>Click this button to activate/upgrade the selected benefit.</TooltipReference>
    <Style_Checkbox>false</Style_Checkbox>
    <Text>Upgrade</Text>
    <TextColor>
      <R>255</R>
      <G>255</G>
      <B>255</B>
    </TextColor>
    <ButtonDrawTemplate>
      <Normal>A_SmallBtnNormal</Normal>
      <Pressed>A_SmallBtnPressed</Pressed>
      <Flyby>A_SmallBtnFlyby</Flyby>
      <Disabled>A_SmallBtnDisabled</Disabled>
      <PressedFlyby>A_SmallBtnPressedFlyby</PressedFlyby>
    </ButtonDrawTemplate>
  </Button>
  <Screen item="GTMW_BenefitMasterArea">
    <ScreenID />
    <!--<Font/>-->
    <RelativePosition>true</RelativePosition>
    <Location>
      <X>0</X>
      <Y>0</Y>
    </Location>
    <Size>
      <CX>290</CX>
      <CY>180</CY>
    </Size>
    <Style_VScroll>false</Style_VScroll>
    <Style_Transparent>true</Style_Transparent>
    <DrawTemplate>WDT_Inner</DrawTemplate>
    <Style_Titlebar>false</Style_Titlebar>
    <Style_Closebox>false</Style_Closebox>
    <Style_Minimizebox>false</Style_Minimizebox>
    <Style_Border>false</Style_Border>
    <Style_Sizable>false</Style_Sizable>
    <Pieces>GTMW_BenefitMasterList</Pieces>
    <Pieces>GTMW_MasterLabel</Pieces>
    <Pieces>GTMW_UpgradeButton</Pieces>
  </Screen>
  <HorizontalLayoutBox item="GTMW_Layout">
    <ScreenID>GuildLayout</ScreenID>
    <DrawTemplate>WDT_Inner</DrawTemplate>
    <AutoStretch>true</AutoStretch>
    <LeftAnchorOffset>4</LeftAnchorOffset>
    <TopAnchorOffset>0</TopAnchorOffset>
    <RightAnchorOffset>4</RightAnchorOffset>
    <BottomAnchorOffset>184</BottomAnchorOffset>
    <TopAnchorToTop>true</TopAnchorToTop>
    <BottomAnchorToTop>false</BottomAnchorToTop>
    <LeftAnchorToLeft>true</LeftAnchorToLeft>
    <RightAnchorToLeft>false</RightAnchorToLeft>
    <Spacing>4</Spacing>
    <Style_Border>false</Style_Border>
    <Style_VScroll>false</Style_VScroll>
    <Style_Transparent>true</Style_Transparent>
    <Pieces>Screen:GTMW_BenefitMasterArea</Pieces>
    <Pieces>Screen:GTMW_ActiveBenefitArea</Pieces>
  </HorizontalLayoutBox>
  <STMLbox item="GTMW_Description">
    <ScreenID>GuildDescription</ScreenID>
    <DrawTemplate>WDT_Inner</DrawTemplate>
    <RelativePosition>true</RelativePosition>
    <Style_VScroll>true</Style_VScroll>
    <Style_Transparent>false</Style_Transparent>
    <AutoStretch>true</AutoStretch>
    <LeftAnchorOffset>2</LeftAnchorOffset>
    <TopAnchorOffset>182</TopAnchorOffset>
    <RightAnchorOffset>2</RightAnchorOffset>
    <BottomAnchorOffset>102</BottomAnchorOffset>
    <TopAnchorToTop>false</TopAnchorToTop>
    <BottomAnchorToTop>false</BottomAnchorToTop>
    <LeftAnchorToLeft>true</LeftAnchorToLeft>
    <RightAnchorToLeft>false</RightAnchorToLeft>
    <Style_Border>true</Style_Border>
    <Text>Description Area</Text>
  </STMLbox>
  <Button item="GTMW_SelectedItem">
    <ScreenID>GuildSelectedItem</ScreenID>
    <!--<Font>3</Font>-->
    <RelativePosition>true</RelativePosition>
    <Location>
      <X>29</X>
      <Y>20</Y>
    </Location>
    <Size>
      <CX>42</CX>
      <CY>42</CY>
    </Size>
    <TooltipReference>This is the item you will donate when you press the Donate button</TooltipReference>
    <Style_Checkbox>false</Style_Checkbox>
    <ButtonDrawTemplate>
      <Normal>A_RecessedBox</Normal>
      <NormalDecal>A_DragItem</NormalDecal>
    </ButtonDrawTemplate>
    <DecalOffset>
      <X>2</X>
      <Y>2</Y>
    </DecalOffset>
    <DecalSize>
      <CX>40</CX>
      <CY>40</CY>
    </DecalSize>
  </Button>
  <Label item="GTMW_ValueText">
    <ScreenID />
    <Font>4</Font>
    <RelativePosition>true</RelativePosition>
    <Location>
      <X>0</X>
      <Y>68</Y>
    </Location>
    <Size>
      <CX>52</CX>
      <CY>24</CY>
    </Size>
    <Text>Value:</Text>
    <TextColor>
      <R>255</R>
      <G>255</G>
      <B>255</B>
    </TextColor>
    <NoWrap>false</NoWrap>
    <AlignCenter>false</AlignCenter>
    <AlignRight>true</AlignRight>
  </Label>
  <Label item="GTMW_ValueLabel">
    <ScreenID>GuildValueLabel</ScreenID>
    <Font>4</Font>
    <RelativePosition>true</RelativePosition>
    <Location>
      <X>56</X>
      <Y>68</Y>
    </Location>
    <Size>
      <CX>44</CX>
      <CY>24</CY>
    </Size>
    <Text>0</Text>
    <TextColor>
      <R>255</R>
      <G>255</G>
      <B>255</B>
    </TextColor>
    <NoWrap>false</NoWrap>
    <AlignCenter>false</AlignCenter>
    <AlignRight>false</AlignRight>
  </Label>
  <Button item="GTMW_CoinButton">
    <ScreenID>GuildCoinButton</ScreenID>
    <!--<Font>3</Font>-->
    <RelativePosition>true</RelativePosition>
    <Location>
      <X>115</X>
      <Y>18</Y>
    </Location>
    <Size>
      <CX>70</CX>
      <CY>24</CY>
    </Size>
    <Style_Transparent>false</Style_Transparent>
    <!--<TooltipReference/>-->
    <Style_Checkbox>false</Style_Checkbox>
    <!--<RadioGroup/>-->
    <Text>9999</Text>
    <TextColor>
      <R>255</R>
      <G>255</G>
      <B>255</B>
    </TextColor>
    <ButtonDrawTemplate>
      <Normal>A_RecessedBox</Normal>
      <NormalDecal>A_PlatinumCoin</NormalDecal>
    </ButtonDrawTemplate>
    <DecalOffset>
      <X>1</X>
      <Y>3</Y>
    </DecalOffset>
    <DecalSize>
      <CX>18</CX>
      <CY>18</CY>
    </DecalSize>
  </Button>
  <Button item="GTMW_DonateButton">
    <ScreenID>GuildDonateButton</ScreenID>
    <RelativePosition>true</RelativePosition>
    <Location>
      <X>120</X>
      <Y>60</Y>
    </Location>
    <Size>
      <CX>60</CX>
      <CY>20</CY>
    </Size>
    <Style_Transparent>false</Style_Transparent>
    <TooltipReference>Press this button to donate the selected item or coin.</TooltipReference>
    <Style_Checkbox>false</Style_Checkbox>
    <Text>Donate</Text>
    <TextColor>
      <R>255</R>
      <G>255</G>
      <B>255</B>
    </TextColor>
    <ButtonDrawTemplate>
      <Normal>A_BtnNormal</Normal>
      <Pressed>A_BtnPressed</Pressed>
      <Flyby>A_BtnFlyby</Flyby>
      <Disabled>A_BtnDisabled</Disabled>
      <PressedFlyby>A_BtnPressedFlyby</PressedFlyby>
    </ButtonDrawTemplate>
  </Button>
  <Screen item="GTMW_DonateWnd">
    <ScreenID>GuildDonateWnd</ScreenID>
    <!--<Font/>-->
    <RelativePosition>true</RelativePosition>
    <AutoStretch>true</AutoStretch>
    <LeftAnchorOffset>0</LeftAnchorOffset>
    <TopAnchorOffset>100</TopAnchorOffset>
    <RightAnchorOffset>200</RightAnchorOffset>
    <BottomAnchorOffset>0</BottomAnchorOffset>
    <LeftAnchorToLeft>true</LeftAnchorToLeft>
    <TopAnchorToTop>false</TopAnchorToTop>
    <RightAnchorToLeft>true</RightAnchorToLeft>
    <BottomAnchorToTop>false</BottomAnchorToTop>
    <Style_VScroll>false</Style_VScroll>
    <Style_Transparent>true</Style_Transparent>
    <DrawTemplate>WDT_Inner</DrawTemplate>
    <Style_Titlebar>false</Style_Titlebar>
    <Style_Closebox>false</Style_Closebox>
    <Style_Minimizebox>false</Style_Minimizebox>
    <Style_Border>false</Style_Border>
    <Style_Sizable>false</Style_Sizable>
    <Pieces>GTMW_ValueText</Pieces>
    <Pieces>GTMW_ValueLabel</Pieces>
    <Pieces>GTMW_SelectedItem</Pieces>
    <Pieces>GTMW_DonateButton</Pieces>
    <Pieces>GTMW_CoinButton</Pieces>
  </Screen>
  <Button item="GTMW_LockButton">
    <ScreenID>LockButton</ScreenID>
    <RelativePosition>true</RelativePosition>
    <AutoStretch>true</AutoStretch>
    <LeftAnchorOffset>235</LeftAnchorOffset>
    <TopAnchorOffset>80</TopAnchorOffset>
    <RightAnchorOffset>305</RightAnchorOffset>
    <BottomAnchorOffset>40</BottomAnchorOffset>
    <LeftAnchorToLeft>true</LeftAnchorToLeft>
    <TopAnchorToTop>false</TopAnchorToTop>
    <RightAnchorToLeft>true</RightAnchorToLeft>
    <BottomAnchorToTop>false</BottomAnchorToTop>
    <Style_Transparent>false</Style_Transparent>
    <TooltipReference>Officer's Only: Press this button to begin changing benefit selections.</TooltipReference>
    <Style_Checkbox>false</Style_Checkbox>
    <Text>Modify Benefits</Text>
    <TextColor>
      <R>255</R>
      <G>255</G>
      <B>255</B>
    </TextColor>
    <ButtonDrawTemplate>
      <Normal>A_BtnNormal</Normal>
      <Pressed>A_BtnPressed</Pressed>
      <Flyby>A_BtnFlyby</Flyby>
      <Disabled>A_BtnDisabled</Disabled>
      <PressedFlyby>A_BtnPressedFlyby</PressedFlyby>
    </ButtonDrawTemplate>
  </Button>
  <Screen item="GuildTributeMasterWnd">
    <RelativePosition>false</RelativePosition>
    <Location>
      <X>20</X>
      <Y>25</Y>
    </Location>
    <Size>
      <CX>550</CX>
      <CY>400</CY>
    </Size>
    <Text>Tribute Master</Text>
    <Style_Transparent>false</Style_Transparent>
    <DrawTemplate>WDT_RoundedNoTitle</DrawTemplate>
    <Style_Titlebar>true</Style_Titlebar>
    <Style_Closebox>true</Style_Closebox>
    <Style_Minimizebox>false</Style_Minimizebox>
    <Style_Border>true</Style_Border>
    <Style_Sizable>true</Style_Sizable>
    <Pieces>GTMW_Description</Pieces>
    <Pieces>GTMW_LabelWnd</Pieces>
    <Pieces>GTMW_Layout</Pieces>
    <Pieces>GTMW_DonateWnd</Pieces>
    <Pieces>GTMW_LockButton</Pieces>
  </Screen>
</XML>