<?xml version="1.0" encoding="us-ascii"?>
<XML ID="EQInterfaceDefinitionLanguage">
  <Schema xmlns="EverQuestData" xmlns:dt="EverQuestDataTypes" />
  <Label item="GVW_NPCName">
    <ScreenID>GVW_NPCName</ScreenID>
    <!--<Font>3</Font>-->
    <RelativePosition>true</RelativePosition>
    <Location>
      <X>8</X>
      <Y>13</Y>
    </Location>
    <Size>
      <CX>100</CX>
      <CY>40</CY>
    </Size>
    <Text>NPC Name</Text>
    <TextColor>
      <R>255</R>
      <G>255</G>
      <B>255</B>
    </TextColor>
    <NoWrap>false</NoWrap>
    <AlignCenter>true</AlignCenter>
    <AlignRight>false</AlignRight>
  </Label>
  <InvSlot item="GVW_MyItemSlot0">
    <ScreenID>GVW_MyItemSlot0</ScreenID>
    <!--<Font>3</Font>-->
    <RelativePosition>true</RelativePosition>
    <Location>
      <X>39</X>
      <Y>43</Y>
    </Location>
    <Size>
      <CX>40</CX>
      <CY>40</CY>
    </Size>
    <EQType>3000</EQType>
    <ItemOffsetX>2</ItemOffsetX>
    <ItemOffsetY>2</ItemOffsetY>
  </InvSlot>
  <InvSlot item="GVW_MyItemSlot1">
    <ScreenID>GVW_MyItemSlot1</ScreenID>
    <!--<Font>3</Font>-->
    <RelativePosition>true</RelativePosition>
    <Location>
      <X>39</X>
      <Y>97</Y>
    </Location>
    <Size>
      <CX>40</CX>
      <CY>40</CY>
    </Size>
    <EQType>3001</EQType>
    <ItemOffsetX>2</ItemOffsetX>
    <ItemOffsetY>2</ItemOffsetY>
  </InvSlot>
  <InvSlot item="GVW_MyItemSlot2">
    <ScreenID>GVW_MyItemSlot2</ScreenID>
    <!--<Font>3</Font>-->
    <RelativePosition>true</RelativePosition>
    <Location>
      <X>39</X>
      <Y>151</Y>
    </Location>
    <Size>
      <CX>40</CX>
      <CY>40</CY>
    </Size>
    <EQType>3002</EQType>
    <ItemOffsetX>2</ItemOffsetX>
    <ItemOffsetY>2</ItemOffsetY>
  </InvSlot>
  <InvSlot item="GVW_MyItemSlot3">
    <ScreenID>GVW_MyItemSlot3</ScreenID>
    <!--<Font>3</Font>-->
    <RelativePosition>true</RelativePosition>
    <Location>
      <X>39</X>
      <Y>205</Y>
    </Location>
    <Size>
      <CX>40</CX>
      <CY>40</CY>
    </Size>
    <EQType>3003</EQType>
    <ItemOffsetX>2</ItemOffsetX>
    <ItemOffsetY>2</ItemOffsetY>
  </InvSlot>
  <Button item="GVW_MyMoney0">
    <ScreenID>GVW_MyMoney0</ScreenID>
    <!--<Font>3</Font>-->
    <RelativePosition>true</RelativePosition>
    <Location>
      <X>14</X>
      <Y>262</Y>
    </Location>
    <Size>
      <CX>95</CX>
      <CY>25</CY>
    </Size>
    <Style_Transparent>false</Style_Transparent>
    <TooltipReference>Drop coins here</TooltipReference>
    <Style_Checkbox>false</Style_Checkbox>
    <RadioGroup />
    <Text>60000</Text>
    <TextColor>
      <R>255</R>
      <G>255</G>
      <B>255</B>
    </TextColor>
    <DecalOffset>
      <X>2</X>
      <Y>2</Y>
    </DecalOffset>
    <DecalSize>
      <CX>18</CX>
      <CY>18</CY>
    </DecalSize>
  </Button>
  <Button item="GVW_MyMoney1">
    <ScreenID>GVW_MyMoney1</ScreenID>
    <!--<Font>3</Font>-->
    <RelativePosition>true</RelativePosition>
    <Location>
      <X>14</X>
      <Y>283</Y>
    </Location>
    <Size>
      <CX>95</CX>
      <CY>20</CY>
    </Size>
    <Style_Transparent>false</Style_Transparent>
    <TooltipReference>Drop coins here</TooltipReference>
    <Style_Checkbox>false</Style_Checkbox>
    <!--<RadioGroup/>-->
    <Text>60000</Text>
    <TextColor>
      <R>255</R>
      <G>255</G>
      <B>255</B>
    </TextColor>
    <DecalOffset>
      <X>2</X>
      <Y>2</Y>
    </DecalOffset>
    <DecalSize>
      <CX>18</CX>
      <CY>18</CY>
    </DecalSize>
  </Button>
  <Button item="GVW_MyMoney2">
    <ScreenID>GVW_MyMoney2</ScreenID>
    <!--<Font>3</Font>-->
    <RelativePosition>true</RelativePosition>
    <Location>
      <X>14</X>
      <Y>302</Y>
    </Location>
    <Size>
      <CX>96</CX>
      <CY>19</CY>
    </Size>
    <Style_Transparent>false</Style_Transparent>
    <TooltipReference>Drop coins here</TooltipReference>
    <Style_Checkbox>false</Style_Checkbox>
    <!--<RadioGroup/>-->
    <Text>60000</Text>
    <TextColor>
      <R>255</R>
      <G>255</G>
      <B>255</B>
    </TextColor>
    <DecalOffset>
      <X>2</X>
      <Y>2</Y>
    </DecalOffset>
    <DecalSize>
      <CX>18</CX>
      <CY>18</CY>
    </DecalSize>
  </Button>
  <Button item="GVW_MyMoney3">
    <ScreenID>GVW_MyMoney3</ScreenID>
    <!--<Font>3</Font>-->
    <RelativePosition>true</RelativePosition>
    <Location>
      <X>14</X>
      <Y>320</Y>
    </Location>
    <Size>
      <CX>95</CX>
      <CY>20</CY>
    </Size>
    <Style_Transparent>false</Style_Transparent>
    <TooltipReference>Drop coins here</TooltipReference>
    <Style_Checkbox>false</Style_Checkbox>
    <!--<RadioGroup/>-->
    <Text>60000</Text>
    <TextColor>
      <R>255</R>
      <G>255</G>
      <B>255</B>
    </TextColor>
    <DecalOffset>
      <X>2</X>
      <Y>2</Y>
    </DecalOffset>
    <DecalSize>
      <CX>18</CX>
      <CY>18</CY>
    </DecalSize>
  </Button>
  <!-- Jibartik Start: classic Button -->
  <Ui2DAnimation item="Jib_GiveNormal">
    <Cycle>true</Cycle>
    <Frames>
      <Texture>classic_backgrounds03.png</Texture>
      <Location>
        <X>355</X>
        <Y>373</Y>
      </Location>
      <Size>
        <CX>40</CX>
        <CY>40</CY>
      </Size>
      <Hotspot>
        <X>0</X>
        <Y>0</Y>
      </Hotspot>
      <Duration>1000</Duration>
    </Frames>
  </Ui2DAnimation>
  <Ui2DAnimation item="Jib_GivePressed">
    <Cycle>true</Cycle>
    <Frames>
      <Texture>classic_backgrounds03.png</Texture>
      <Location>
        <X>436</X>
        <Y>68</Y>
      </Location>
      <Size>
        <CX>40</CX>
        <CY>40</CY>
      </Size>
      <Hotspot>
        <X>0</X>
        <Y>0</Y>
      </Hotspot>
      <Duration>1000</Duration>
    </Frames>
  </Ui2DAnimation>
  <!-- Jibartik End: classic Button -->
  <!-- Jibartik Start: classic Button -->
  <Ui2DAnimation item="Jib_CancelNormal">
    <Cycle>true</Cycle>
    <Frames>
      <Texture>classic_backgrounds03.png</Texture>
      <Location>
        <X>345</X>
        <Y>434</Y>
      </Location>
      <Size>
        <CX>60</CX>
        <CY>27</CY>
      </Size>
      <Hotspot>
        <X>0</X>
        <Y>0</Y>
      </Hotspot>
      <Duration>1000</Duration>
    </Frames>
  </Ui2DAnimation>
  <Ui2DAnimation item="Jib_CancelPressed">
    <Cycle>true</Cycle>
    <Frames>
      <Texture>classic_backgrounds03.png</Texture>
      <Location>
        <X>436</X>
        <Y>0</Y>
      </Location>
      <Size>
        <CX>60</CX>
        <CY>27</CY>
      </Size>
      <Hotspot>
        <X>0</X>
        <Y>0</Y>
      </Hotspot>
      <Duration>1000</Duration>
    </Frames>
  </Ui2DAnimation>
  <!-- Jibartik End: classic Button -->
  <Button item="GVW_Give_Button">
    <ScreenID>GVW_Give_Button</ScreenID>
    <!--<Font>3</Font>-->
    <RelativePosition>true</RelativePosition>
    <Location>
      <X>38</X>
      <Y>373</Y>
    </Location>
    <Size>
      <CX>40</CX>
      <CY>40</CY>
    </Size>
    <Style_Transparent>false</Style_Transparent>
    <!--<TooltipReference/>-->
    <Style_Checkbox>false</Style_Checkbox>
    <!--<RadioGroup/>-->
    <ButtonDrawTemplate>
      <Normal>Jib_GiveNormal</Normal>
      <Pressed>Jib_GivePressed</Pressed>
      <Flyby>Jib_GiveNormal</Flyby>
      <Disabled>Jib_GivePressed</Disabled>
      <PressedFlyby>Jib_GivePressed</PressedFlyby>
    </ButtonDrawTemplate>
  </Button>
  <Button item="GVW_Cancel_Button">
    <ScreenID>GVW_Cancel_Button</ScreenID>
    <!--<Font>3</Font>-->
    <RelativePosition>true</RelativePosition>
    <Location>
      <X>28</X>
      <Y>434</Y>
    </Location>
    <Size>
      <CX>60</CX>
      <CY>27</CY>
    </Size>
    <BottomAnchorToTop>false</BottomAnchorToTop>
    <Style_Transparent>false</Style_Transparent>
    <!--<TooltipReference/>-->
    <Style_Checkbox>false</Style_Checkbox>
    <!--<RadioGroup/>-->
    <ButtonDrawTemplate>
      <Normal>Jib_CancelNormal</Normal>
      <Pressed>Jib_CancelPressed</Pressed>
      <Flyby>Jib_CancelNormal</Flyby>
      <Disabled>Jib_CancelPressed</Disabled>
      <PressedFlyby>Jib_CancelPressed</PressedFlyby>
    </ButtonDrawTemplate>
  </Button>
  <!--Jib: Background texture load END -->
  <Ui2DAnimation item="Jib_GiveBGTexture">
    <Cycle>true</Cycle>
    <Frames>
      <Texture>classic_backgrounds03.png</Texture>
      <Location>
        <X>317</X>
        <!-- changes texture postion -->
        <Y>0</Y>
        <!-- changes texture postion -->
      </Location>
      <Size>
        <CX>119</CX>
        <CY>474</CY>
      </Size>
      <Duration>1000</Duration>
    </Frames>
  </Ui2DAnimation>
  <!-- this is the end of the pressed button -->
  <!-- Jibartik Start: This positions a static aniamtion on the ui -->
  <StaticAnimation item="Jib_GiveBackgroud">
    <RelativePosition>true</RelativePosition>
    <Location>
      <X>0</X>
      <!-- will move the image around -->
      <Y>0</Y>
      <!-- will move the image around -->
    </Location>
    <Size>
      <CX>119</CX>
      <CY>474</CY>
    </Size>
    <Animation>Jib_GiveBGTexture</Animation>
  </StaticAnimation>
  <!-- END: place a static anaitmion -->
  <Screen item="GiveWnd">
    <!--<ScreenID/>-->
    <RelativePosition>false</RelativePosition>
    <Location>
      <X>0</X>
      <Y>25</Y>
    </Location>
    <Size>
      <CX>119</CX>
      <CY>474</CY>
    </Size>
    <Text>Give</Text>
    <Style_Transparent>false</Style_Transparent>
    <!--<TooltipReference/>-->
    <DrawTemplate>WDT_RoundedNoTitle</DrawTemplate>
    <Style_Titlebar>false</Style_Titlebar>
    <Style_Closebox>false</Style_Closebox>
    <Style_Minimizebox>false</Style_Minimizebox>
    <Style_Border>false</Style_Border>
    <Style_Sizable>false</Style_Sizable>
    <Pieces>GVW_NPCName</Pieces>
    <Pieces>Jib_GiveBackgroud</Pieces>
    <Pieces>GVW_MyItemSlot0</Pieces>
    <Pieces>GVW_MyItemSlot1</Pieces>
    <Pieces>GVW_MyItemSlot2</Pieces>
    <Pieces>GVW_MyItemSlot3</Pieces>
    <Pieces>GVW_MyMoney0</Pieces>
    <Pieces>GVW_MyMoney1</Pieces>
    <Pieces>GVW_MyMoney2</Pieces>
    <Pieces>GVW_MyMoney3</Pieces>
    <Pieces>GVW_Give_Button</Pieces>
    <Pieces>GVW_Cancel_Button</Pieces>
  </Screen>
</XML>