<?xml version="1.0" encoding="us-ascii"?>
<XML ID="EQInterfaceDefinitionLanguage">
  <Schema xmlns="EverQuestData" xmlns:dt="EverQuestDataTypes" />
  <Button item="BOOK_DoneButton">
    <ScreenID>DoneButton</ScreenID>
    <!--<Font>3</Font>-->
    <RelativePosition>true</RelativePosition>
    <Location>
      <X>206</X>
      <Y>323</Y>
    </Location>
    <Size>
      <CX>48</CX>
      <CY>19</CY>
    </Size>
    <Style_Transparent>false</Style_Transparent>
    <!--<TooltipReference/>-->
    <Style_Checkbox>false</Style_Checkbox>
    <!--<RadioGroup/>-->
    <Text />
    <TextColor>
      <R>7</R>
      <G>7</G>
      <B>7</B>
    </TextColor>
    <ButtonDrawTemplate>
      <Normal>A_ClassicDoneNormal</Normal>
      <Pressed>A_ClassicDonePressed</Pressed>
      <Flyby>A_ClassicDoneNormal</Flyby>
      <Disabled>A_ClassicDonePressed</Disabled>
      <PressedFlyby>A_ClassicDonePressed</PressedFlyby>
    </ButtonDrawTemplate>
  </Button>
  <Button item="BOOK_RightButton">
    <ScreenID>RightButton</ScreenID>
    <!--<Font>3</Font>-->
    <RelativePosition>true</RelativePosition>
    <Location>
      <X>425</X>
      <Y>322</Y>
    </Location>
    <Size>
      <CX>30</CX>
      <CY>32</CY>
    </Size>
    <Style_VScroll>false</Style_VScroll>
    <Style_HScroll>false</Style_HScroll>
    <Style_Transparent>false</Style_Transparent>
    <!--<TooltipReference/>-->
    <Style_Checkbox>false</Style_Checkbox>
    <!--<RadioGroup/>-->
    <Text />
    <TextColor>
      <R>255</R>
      <G>255</G>
      <B>255</B>
    </TextColor>
    <ButtonDrawTemplate>
      <Normal>A_RightArrowBtnNormal</Normal>
      <Pressed>A_RightArrowBtnPressed</Pressed>
      <Flyby>A_RightArrowBtnFlyby</Flyby>
      <Disabled>A_RightArrowBtnDisabled</Disabled>
      <PressedFlyby>A_RightArrowBtnPressedFlyby</PressedFlyby>
    </ButtonDrawTemplate>
  </Button>
  <Button item="BOOK_LeftButton">
    <ScreenID>LeftButton</ScreenID>
    <!--<Font>3</Font>-->
    <RelativePosition>true</RelativePosition>
    <Location>
      <X>9</X>
      <Y>322</Y>
    </Location>
    <Size>
      <CX>30</CX>
      <CY>32</CY>
    </Size>
    <Style_VScroll>false</Style_VScroll>
    <Style_HScroll>false</Style_HScroll>
    <Style_Transparent>false</Style_Transparent>
    <!--<TooltipReference/>-->
    <Style_Checkbox>false</Style_Checkbox>
    <!--<RadioGroup/>-->
    <Text />
    <TextColor>
      <R>255</R>
      <G>255</G>
      <B>255</B>
    </TextColor>
    <ButtonDrawTemplate>
      <Normal>A_LeftArrowBtnNormal</Normal>
      <Pressed>A_LeftArrowBtnPressed</Pressed>
      <Flyby>A_LeftArrowBtnFlyby</Flyby>
      <Disabled>A_LeftArrowBtnDisabled</Disabled>
      <PressedFlyby>A_LeftArrowBtnPressedFlyby</PressedFlyby>
    </ButtonDrawTemplate>
  </Button>
  <StaticText item="BOOK_Page0Number">
    <ScreenID>Page0Number</ScreenID>
    <!--<Font>3</Font>-->
    <RelativePosition>true</RelativePosition>
    <Location>
      <X>121</X>
      <Y>280</Y>
    </Location>
    <Size>
      <CX>17</CX>
      <CY>17</CY>
    </Size>
    <Text>0</Text>
    <TextColor>
      <R>0</R>
      <G>0</G>
      <B>0</B>
    </TextColor>
    <NoWrap>true</NoWrap>
    <AlignCenter>true</AlignCenter>
    <AlignRight>false</AlignRight>
    <Font>3</Font>
  </StaticText>
  <StaticText item="BOOK_Page1Number">
    <ScreenID>Page1Number</ScreenID>
    <!--<Font>3</Font>-->
    <RelativePosition>true</RelativePosition>
    <Location>
      <X>331</X>
      <Y>280</Y>
    </Location>
    <Size>
      <CX>17</CX>
      <CY>17</CY>
    </Size>
    <Text>1</Text>
    <TextColor>
      <R>0</R>
      <G>0</G>
      <B>0</B>
    </TextColor>
    <NoWrap>true</NoWrap>
    <AlignCenter>true</AlignCenter>
    <AlignRight>false</AlignRight>
    <Font>3</Font>
  </StaticText>
  <Editbox item="BOOK_Page0">
    <ScreenID>Page0</ScreenID>
    <DrawTemplate>WDT_Inner</DrawTemplate>
    <RelativePosition>true</RelativePosition>
    <Style_Transparent>true</Style_Transparent>
    <Style_Border>false</Style_Border>
    <Location>
      <X>43</X>
      <Y>52</Y>
    </Location>
    <Size>
      <CX>168</CX>
      <CY>213</CY>
    </Size>
    <TextColor>
      <R>0</R>
      <G>0</G>
      <B>0</B>
    </TextColor>
    <Style_Multiline>true</Style_Multiline>
    <Font>3</Font>
  </Editbox>
  <Editbox item="BOOK_Page1">
    <ScreenID>Page1</ScreenID>
    <DrawTemplate>WDT_Inner</DrawTemplate>
    <RelativePosition>true</RelativePosition>
    <Style_Transparent>true</Style_Transparent>
    <Style_Border>false</Style_Border>
    <Location>
      <X>254</X>
      <Y>52</Y>
    </Location>
    <Size>
      <CX>168</CX>
      <CY>213</CY>
    </Size>
    <TextColor>
      <R>0</R>
      <G>0</G>
      <B>0</B>
    </TextColor>
    <Style_Multiline>true</Style_Multiline>
    <Font>3</Font>
  </Editbox>
  <StaticAnimation item="BOOK_BookBG1">
    <ScreenID>BookBG1</ScreenID>
    <RelativePosition>true</RelativePosition>
    <Location>
      <X>0</X>
      <Y>0</Y>
    </Location>
    <Size>
      <CX>256</CX>
      <CY>256</CY>
    </Size>
    <Animation>A_SpellBook01</Animation>
  </StaticAnimation>
  <StaticAnimation item="BOOK_BookBG2">
    <ScreenID>BookBG2</ScreenID>
    <RelativePosition>true</RelativePosition>
    <Location>
      <X>256</X>
      <Y>0</Y>
    </Location>
    <Size>
      <CX>256</CX>
      <CY>256</CY>
    </Size>
    <Animation>A_SpellBook02</Animation>
  </StaticAnimation>
  <StaticAnimation item="BOOK_BookBG3">
    <ScreenID>BookBG3</ScreenID>
    <RelativePosition>true</RelativePosition>
    <Location>
      <X>0</X>
      <Y>256</Y>
    </Location>
    <Size>
      <CX>256</CX>
      <CY>128</CY>
    </Size>
    <Animation>A_SpellBook03</Animation>
  </StaticAnimation>
  <StaticAnimation item="BOOK_BookBG4">
    <ScreenID>BookBG4</ScreenID>
    <RelativePosition>true</RelativePosition>
    <Location>
      <X>256</X>
      <Y>256</Y>
    </Location>
    <Size>
      <CX>256</CX>
      <CY>128</CY>
    </Size>
    <Animation>A_SpellBook04</Animation>
  </StaticAnimation>
  <Screen item="BookWindow">
    <!--<ScreenID/>-->
    <!--<Font/>-->
    <RelativePosition>false</RelativePosition>
    <Location>
      <X>120</X>
      <Y>20</Y>
    </Location>
    <Size>
      <CX>464</CX>
      <CY>370</CY>
    </Size>
    <Style_VScroll>false</Style_VScroll>
    <Style_HScroll>false</Style_HScroll>
    <Style_Transparent>false</Style_Transparent>
    <!--<TooltipReference/>-->
    <DrawTemplate>WDT_Rounded</DrawTemplate>
    <Style_Titlebar>false</Style_Titlebar>
    <Style_Closebox>false</Style_Closebox>
    <Style_Minimizebox>false</Style_Minimizebox>
    <Style_Border>false</Style_Border>
    <Style_Sizable>false</Style_Sizable>
    <Pieces>BOOK_BookBG1</Pieces>
    <Pieces>BOOK_BookBG2</Pieces>
    <Pieces>BOOK_BookBG3</Pieces>
    <Pieces>BOOK_BookBG4</Pieces>
    <Pieces>BOOK_RightButton</Pieces>
    <Pieces>BOOK_LeftButton</Pieces>
    <Pieces>BOOK_Page0</Pieces>
    <Pieces>BOOK_Page1</Pieces>
    <Pieces>BOOK_Page0Number</Pieces>
    <Pieces>BOOK_Page1Number</Pieces>
    <Pieces>BOOK_DoneButton</Pieces>
  </Screen>
</XML>