<?xml version="1.0" encoding="us-ascii"?>
<XML ID="EQInterfaceDefinitionLanguage">
  <Schema xmlns="EverQuestData" xmlns:dt="EverQuestDataTypes" />
  <Label item="LW_CorpseName">
    <ScreenID>LW_CorpseName</ScreenID>
    <Font>1</Font>
    <RelativePosition>true</RelativePosition>
    <Location>
      <X>2</X>
      <Y>15</Y>
    </Location>
    <Size>
      <CX>100</CX>
      <CY>40</CY>
    </Size>
    <Text>Blahblahblah's Corpse</Text>
    <TextColor>
      <R>255</R>
      <G>255</G>
      <B>255</B>
    </TextColor>
    <NoWrap>false</NoWrap>
    <AlignCenter>true</AlignCenter>
    <AlignRight>false</AlignRight>
  </Label>
<Ui2DAnimation item="Jib_RecessedBox">
    <Cycle>true</Cycle>
    <Frames>
      <Texture>lootwindow.png</Texture>
      <Location>
        <X>123</X>
        <Y>0</Y>
      </Location>
      <Size>
        <CX>39</CX>
        <CY>39</CY>
      </Size>
      <Hotspot>
        <X>0</X>
        <Y>0</Y>
      </Hotspot>
      <Duration>1000</Duration>
    </Frames>
</Ui2DAnimation>
  <InvSlot item="LW_LootSlot0">
    <ScreenID>LW_LootSlot0</ScreenID>
    <!--<Font>3</Font>-->
    <RelativePosition>true</RelativePosition>
    <Location>
      <X>8</X>
      <Y>5</Y>
    </Location>
    <Size>
      <CX>40</CX>
      <CY>40</CY>
    </Size>
    <Background>Jib_RecessedBox</Background>
    <EQType>5000</EQType>
    <ItemOffsetX>2</ItemOffsetX>
    <ItemOffsetY>2</ItemOffsetY>
  </InvSlot>
  <InvSlot item="LW_LootSlot1">
    <ScreenID>LW_LootSlot1</ScreenID>
    <!--<Font>3</Font>-->
    <RelativePosition>true</RelativePosition>
    <Location>
      <X>48</X>
      <Y>5</Y>
    </Location>
    <Size>
      <CX>40</CX>
      <CY>40</CY>
    </Size>
    <Background>Jib_RecessedBox</Background>
    <EQType>5001</EQType>
    <ItemOffsetX>2</ItemOffsetX>
    <ItemOffsetY>2</ItemOffsetY>
  </InvSlot>
  <InvSlot item="LW_LootSlot2">
    <ScreenID>LW_LootSlot2</ScreenID>
    <!--<Font>3</Font>-->
    <RelativePosition>true</RelativePosition>
    <Location>
      <X>8</X>
      <Y>46</Y>
    </Location>
    <Size>
      <CX>40</CX>
      <CY>40</CY>
    </Size>
    <Background>Jib_RecessedBox</Background>
    <EQType>5002</EQType>
    <ItemOffsetX>2</ItemOffsetX>
    <ItemOffsetY>2</ItemOffsetY>
  </InvSlot>
  <InvSlot item="LW_LootSlot3">
    <ScreenID>LW_LootSlot3</ScreenID>
    <!--<Font>3</Font>-->
    <RelativePosition>true</RelativePosition>
    <Location>
      <X>48</X>
      <Y>46</Y>
    </Location>
    <Size>
      <CX>40</CX>
      <CY>40</CY>
    </Size>
    <Background>Jib_RecessedBox</Background>
    <EQType>5003</EQType>
    <ItemOffsetX>2</ItemOffsetX>
    <ItemOffsetY>2</ItemOffsetY>
  </InvSlot>
  <InvSlot item="LW_LootSlot4">
    <ScreenID>LW_LootSlot4</ScreenID>
    <!--<Font>3</Font>-->
    <RelativePosition>true</RelativePosition>
    <Location>
      <X>8</X>
      <Y>87</Y>
    </Location>
    <Size>
      <CX>40</CX>
      <CY>40</CY>
    </Size>
    <Background>Jib_RecessedBox</Background>
    <EQType>5004</EQType>
    <ItemOffsetX>2</ItemOffsetX>
    <ItemOffsetY>2</ItemOffsetY>
  </InvSlot>
  <InvSlot item="LW_LootSlot5">
    <ScreenID>LW_LootSlot5</ScreenID>
    <!--<Font>3</Font>-->
    <RelativePosition>true</RelativePosition>
    <Location>
      <X>48</X>
      <Y>87</Y>
    </Location>
    <Size>
      <CX>40</CX>
      <CY>40</CY>
    </Size>
    <Background>Jib_RecessedBox</Background>
    <EQType>5005</EQType>
    <ItemOffsetX>2</ItemOffsetX>
    <ItemOffsetY>2</ItemOffsetY>
  </InvSlot>
  <InvSlot item="LW_LootSlot6">
    <ScreenID>LW_LootSlot6</ScreenID>
    <!--<Font>3</Font>-->
    <RelativePosition>true</RelativePosition>
    <Location>
      <X>8</X>
      <Y>128</Y>
    </Location>
    <Size>
      <CX>40</CX>
      <CY>40</CY>
    </Size>
    <Background>Jib_RecessedBox</Background>
    <EQType>5006</EQType>
    <ItemOffsetX>2</ItemOffsetX>
    <ItemOffsetY>2</ItemOffsetY>
  </InvSlot>
  <InvSlot item="LW_LootSlot7">
    <ScreenID>LW_LootSlot7</ScreenID>
    <!--<Font>3</Font>-->
    <RelativePosition>true</RelativePosition>
    <Location>
      <X>48</X>
      <Y>128</Y>
    </Location>
    <Size>
      <CX>40</CX>
      <CY>40</CY>
    </Size>
    <Background>Jib_RecessedBox</Background>
    <EQType>5007</EQType>
    <ItemOffsetX>2</ItemOffsetX>
    <ItemOffsetY>2</ItemOffsetY>
  </InvSlot>
  <InvSlot item="LW_LootSlot8">
    <ScreenID>LW_LootSlot8</ScreenID>
    <!--<Font>3</Font>-->
    <RelativePosition>true</RelativePosition>
    <Location>
      <X>8</X>
      <Y>169</Y>
    </Location>
    <Size>
      <CX>40</CX>
      <CY>40</CY>
    </Size>
    <Background>Jib_RecessedBox</Background>
    <EQType>5008</EQType>
    <ItemOffsetX>2</ItemOffsetX>
    <ItemOffsetY>2</ItemOffsetY>
  </InvSlot>
  <InvSlot item="LW_LootSlot9">
    <ScreenID>LW_LootSlot9</ScreenID>
    <!--<Font>3</Font>-->
    <RelativePosition>true</RelativePosition>
    <Location>
      <X>48</X>
      <Y>169</Y>
    </Location>
    <Size>
      <CX>40</CX>
      <CY>40</CY>
    </Size>
    <Background>Jib_RecessedBox</Background>
    <EQType>5009</EQType>
    <ItemOffsetX>2</ItemOffsetX>
    <ItemOffsetY>2</ItemOffsetY>
  </InvSlot>
  <InvSlot item="LW_LootSlot10">
    <ScreenID>LW_LootSlot10</ScreenID>
    <!--<Font>3</Font>-->
    <RelativePosition>true</RelativePosition>
    <Location>
      <X>8</X>
      <Y>210</Y>
    </Location>
    <Size>
      <CX>40</CX>
      <CY>40</CY>
    </Size>
    <Background>Jib_RecessedBox</Background>
    <EQType>5010</EQType>
    <ItemOffsetX>2</ItemOffsetX>
    <ItemOffsetY>2</ItemOffsetY>
  </InvSlot>
  <InvSlot item="LW_LootSlot11">
    <ScreenID>LW_LootSlot11</ScreenID>
    <!--<Font>3</Font>-->
    <RelativePosition>true</RelativePosition>
    <Location>
      <X>48</X>
      <Y>210</Y>
    </Location>
    <Size>
      <CX>40</CX>
      <CY>40</CY>
    </Size>
    <Background>Jib_RecessedBox</Background>
    <EQType>5011</EQType>
    <ItemOffsetX>2</ItemOffsetX>
    <ItemOffsetY>2</ItemOffsetY>
  </InvSlot>
  <InvSlot item="LW_LootSlot12">
    <ScreenID>LW_LootSlot12</ScreenID>
    <!--<Font>3</Font>-->
    <RelativePosition>true</RelativePosition>
    <Location>
      <X>8</X>
      <Y>251</Y>
    </Location>
    <Size>
      <CX>40</CX>
      <CY>40</CY>
    </Size>
    <Background>Jib_RecessedBox</Background>
    <EQType>5012</EQType>
    <ItemOffsetX>2</ItemOffsetX>
    <ItemOffsetY>2</ItemOffsetY>
  </InvSlot>
  <InvSlot item="LW_LootSlot13">
    <ScreenID>LW_LootSlot13</ScreenID>
    <!--<Font>3</Font>-->
    <RelativePosition>true</RelativePosition>
    <Location>
      <X>48</X>
      <Y>251</Y><!--15 (266)-->
    </Location>
    <Size>
      <CX>40</CX>
      <CY>40</CY>
    </Size>
    <Background>Jib_RecessedBox</Background>
    <EQType>5013</EQType>
    <ItemOffsetX>2</ItemOffsetX>
    <ItemOffsetY>2</ItemOffsetY>
  </InvSlot>
  <InvSlot item="LW_LootSlot14">
    <ScreenID>LW_LootSlot14</ScreenID>
    <!--<Font>3</Font>-->
    <RelativePosition>true</RelativePosition>
    <Location>
      <X>8</X>
      <Y>291</Y>
    </Location>
    <Size>
      <CX>40</CX>
      <CY>40</CY>
    </Size>
    <Background>Jib_RecessedBox</Background>
    <EQType>5014</EQType>
    <ItemOffsetX>2</ItemOffsetX>
    <ItemOffsetY>2</ItemOffsetY>
  </InvSlot>
  <InvSlot item="LW_LootSlot15">
    <ScreenID>LW_LootSlot15</ScreenID>
    <!--<Font>3</Font>-->
    <RelativePosition>true</RelativePosition>
    <Location>
      <X>48</X>
      <Y>291</Y>
    </Location>
    <Size>
      <CX>40</CX>
      <CY>40</CY>
    </Size>
    <Background>Jib_RecessedBox</Background>
    <EQType>5015</EQType>
    <ItemOffsetX>2</ItemOffsetX>
    <ItemOffsetY>2</ItemOffsetY>
  </InvSlot>
  <InvSlot item="LW_LootSlot16">
    <ScreenID>LW_LootSlot16</ScreenID>
    <!--<Font>3</Font>-->
    <RelativePosition>true</RelativePosition>
    <Location>
      <X>8</X>
      <Y>333</Y>
    </Location>
    <Size>
      <CX>40</CX>
      <CY>40</CY>
    </Size>
    <Background>Jib_RecessedBox</Background>
    <EQType>5016</EQType>
    <ItemOffsetX>2</ItemOffsetX>
    <ItemOffsetY>2</ItemOffsetY>
  </InvSlot>
  <InvSlot item="LW_LootSlot17">
    <ScreenID>LW_LootSlot17</ScreenID>
    <!--<Font>3</Font>-->
    <RelativePosition>true</RelativePosition>
    <Location>
      <X>48</X>
      <Y>333</Y><!-- 21 -->
    </Location>
    <Size>
      <CX>40</CX>
      <CY>40</CY>
    </Size>
    <Background>Jib_RecessedBox</Background>
    <EQType>5017</EQType>
    <ItemOffsetX>2</ItemOffsetX>
    <ItemOffsetY>2</ItemOffsetY>
  </InvSlot>
  <InvSlot item="LW_LootSlot18">
    <ScreenID>LW_LootSlot18</ScreenID>
    <!--<Font>3</Font>-->
    <RelativePosition>true</RelativePosition>
    <Location>
      <X>8</X>
      <Y>374</Y>
    </Location>
    <Size>
      <CX>40</CX>
      <CY>40</CY>
    </Size>
    <Background>Jib_RecessedBox</Background>
    <EQType>5018</EQType>
    <ItemOffsetX>2</ItemOffsetX>
    <ItemOffsetY>2</ItemOffsetY>
  </InvSlot>
  <InvSlot item="LW_LootSlot19">
    <ScreenID>LW_LootSlot19</ScreenID>
    <!--<Font>3</Font>-->
    <RelativePosition>true</RelativePosition>
    <Location>
      <X>48</X>
      <Y>374</Y>
    </Location>
    <Size>
      <CX>40</CX>
      <CY>40</CY>
    </Size>
    <Background>Jib_RecessedBox</Background>
    <EQType>5019</EQType>
    <ItemOffsetX>2</ItemOffsetX>
    <ItemOffsetY>2</ItemOffsetY>
  </InvSlot>
  <InvSlot item="LW_LootSlot20">
    <ScreenID>LW_LootSlot20</ScreenID>
    <!--<Font>3</Font>-->
    <RelativePosition>true</RelativePosition>
    <Location>
      <X>8</X>
      <Y>415</Y>
    </Location>
    <Size>
      <CX>40</CX>
      <CY>40</CY>
    </Size>
    <Background>Jib_RecessedBox</Background>
    <EQType>5020</EQType>
    <ItemOffsetX>2</ItemOffsetX>
    <ItemOffsetY>2</ItemOffsetY>
  </InvSlot>
  <InvSlot item="LW_LootSlot21">
    <ScreenID>LW_LootSlot21</ScreenID>
    <!--<Font>3</Font>-->
    <RelativePosition>true</RelativePosition>
    <Location>
      <X>48</X>
      <Y>415</Y><!-- 27 -->
    </Location>
    <Size>
      <CX>40</CX>
      <CY>40</CY>
    </Size>
    <Background>Jib_RecessedBox</Background>
    <EQType>5021</EQType>
    <ItemOffsetX>2</ItemOffsetX>
    <ItemOffsetY>2</ItemOffsetY>
  </InvSlot>
  <InvSlot item="LW_LootSlot22">
    <ScreenID>LW_LootSlot22</ScreenID>
    <!--<Font>3</Font>-->
    <RelativePosition>true</RelativePosition>
    <Location>
      <X>8</X>
      <Y>456</Y>
    </Location>
    <Size>
      <CX>40</CX>
      <CY>40</CY>
    </Size>
    <Background>Jib_RecessedBox</Background>
    <EQType>5022</EQType>
    <ItemOffsetX>2</ItemOffsetX>
    <ItemOffsetY>2</ItemOffsetY>
  </InvSlot>
  <InvSlot item="LW_LootSlot23">
    <ScreenID>LW_LootSlot23</ScreenID>
    <!--<Font>3</Font>-->
    <RelativePosition>true</RelativePosition>
    <Location>
      <X>48</X>
      <Y>456</Y>
    </Location>
    <Size>
      <CX>40</CX>
      <CY>40</CY>
    </Size>
    <Background>Jib_RecessedBox</Background>
    <EQType>5023</EQType>
    <ItemOffsetX>2</ItemOffsetX>
    <ItemOffsetY>2</ItemOffsetY>
  </InvSlot>
  <InvSlot item="LW_LootSlot24">
    <ScreenID>LW_LootSlot24</ScreenID>
    <!--<Font>3</Font>-->
    <RelativePosition>true</RelativePosition>
    <Location>
      <X>8</X>
      <Y>497</Y>
    </Location>
    <Size>
      <CX>40</CX>
      <CY>40</CY>
    </Size>
    <Background>Jib_RecessedBox</Background>
    <EQType>5024</EQType>
    <ItemOffsetX>2</ItemOffsetX>
    <ItemOffsetY>2</ItemOffsetY>
  </InvSlot>
  <InvSlot item="LW_LootSlot25">
    <ScreenID>LW_LootSlot25</ScreenID>
    <!--<Font>3</Font>-->
    <RelativePosition>true</RelativePosition>
    <Location>
      <X>48</X>
      <Y>497</Y>
    </Location>
    <Size>
      <CX>40</CX>
      <CY>40</CY>
    </Size>
    <Background>Jib_RecessedBox</Background>
    <EQType>5025</EQType>
    <ItemOffsetX>2</ItemOffsetX>
    <ItemOffsetY>2</ItemOffsetY>
  </InvSlot>
  <InvSlot item="LW_LootSlot26">
    <ScreenID>LW_LootSlot26</ScreenID>
    <!--<Font>3</Font>-->
    <RelativePosition>true</RelativePosition>
    <Location>
      <X>8</X>
      <Y>538</Y>
    </Location>
    <Size>
      <CX>40</CX>
      <CY>40</CY>
    </Size>
    <Background>Jib_RecessedBox</Background>
    <EQType>5026</EQType>
    <ItemOffsetX>2</ItemOffsetX>
    <ItemOffsetY>2</ItemOffsetY>
  </InvSlot>
  <InvSlot item="LW_LootSlot27">
    <ScreenID>LW_LootSlot27</ScreenID>
    <!--<Font>3</Font>-->
    <RelativePosition>true</RelativePosition>
    <Location>
      <X>48</X>
      <Y>538</Y>
    </Location>
    <Size>
      <CX>40</CX>
      <CY>40</CY>
    </Size>
    <Background>Jib_RecessedBox</Background>
    <EQType>5027</EQType>
    <ItemOffsetX>2</ItemOffsetX>
    <ItemOffsetY>2</ItemOffsetY>
  </InvSlot>
  <InvSlot item="LW_LootSlot28">
    <ScreenID>LW_LootSlot28</ScreenID>
    <!--<Font>3</Font>-->
    <RelativePosition>true</RelativePosition>
    <Location>
      <X>8</X>
      <Y>579</Y>
    </Location>
    <Size>
      <CX>40</CX>
      <CY>40</CY>
    </Size>
    <Background>Jib_RecessedBox</Background>
    <EQType>5028</EQType>
    <ItemOffsetX>2</ItemOffsetX>
    <ItemOffsetY>2</ItemOffsetY>
  </InvSlot>
  <InvSlot item="LW_LootSlot29">
    <ScreenID>LW_LootSlot29</ScreenID>
    <!--<Font>3</Font>-->
    <RelativePosition>true</RelativePosition>
    <Location>
      <X>48</X>
      <Y>579</Y>
    </Location>
    <Size>
      <CX>40</CX>
      <CY>40</CY>
    </Size>
    <Background>Jib_RecessedBox</Background>
    <EQType>5029</EQType>
    <ItemOffsetX>2</ItemOffsetX>
    <ItemOffsetY>2</ItemOffsetY>
  </InvSlot>
  <InvSlot item="LW_LootSlot30">
    <ScreenID>LW_LootSlot30</ScreenID>
    <!--<Font>3</Font>-->
    <RelativePosition>true</RelativePosition>
    <Location>
      <X>8</X>
      <Y>620</Y>
    </Location>
    <Size>
      <CX>40</CX>
      <CY>40</CY>
    </Size>
    <Background>Jib_RecessedBox</Background>
    <EQType>5030</EQType>
    <ItemOffsetX>2</ItemOffsetX>
    <ItemOffsetY>2</ItemOffsetY>
  </InvSlot>
  <Screen item="LW_LootInvWnd">
    <ScreenID>LootInvWnd</ScreenID>
    <!--<Font/>-->
    <RelativePosition>true</RelativePosition>
    <AutoStretch>true</AutoStretch>
    <LeftAnchorOffset>0</LeftAnchorOffset>
    <TopAnchorOffset>42</TopAnchorOffset>
    <RightAnchorOffset>0</RightAnchorOffset>
    <BottomAnchorOffset>56</BottomAnchorOffset>
    <RightAnchorToLeft>false</RightAnchorToLeft>
    <BottomAnchorToTop>false</BottomAnchorToTop>
    <Style_VScroll>true</Style_VScroll>
    <Style_Transparent>false</Style_Transparent>
    <!--<TooltipReference/>-->
    <DrawTemplate>JIB_TransBorder</DrawTemplate>
    <Pieces>LW_LootSlot0</Pieces>
    <Pieces>LW_LootSlot1</Pieces>
    <Pieces>LW_LootSlot2</Pieces>
    <Pieces>LW_LootSlot3</Pieces>
    <Pieces>LW_LootSlot4</Pieces>
    <Pieces>LW_LootSlot5</Pieces>
    <Pieces>LW_LootSlot6</Pieces>
    <Pieces>LW_LootSlot7</Pieces>
    <Pieces>LW_LootSlot8</Pieces>
    <Pieces>LW_LootSlot9</Pieces>
    <Pieces>LW_LootSlot10</Pieces>
    <Pieces>LW_LootSlot11</Pieces>
    <Pieces>LW_LootSlot12</Pieces>
    <Pieces>LW_LootSlot13</Pieces>
    <Pieces>LW_LootSlot14</Pieces>
    <Pieces>LW_LootSlot15</Pieces>
    <Pieces>LW_LootSlot16</Pieces>
    <Pieces>LW_LootSlot17</Pieces>
    <Pieces>LW_LootSlot18</Pieces>
    <Pieces>LW_LootSlot19</Pieces>
    <Pieces>LW_LootSlot20</Pieces>
    <Pieces>LW_LootSlot21</Pieces>
    <Pieces>LW_LootSlot22</Pieces>
    <Pieces>LW_LootSlot23</Pieces>
    <Pieces>LW_LootSlot24</Pieces>
    <Pieces>LW_LootSlot25</Pieces>
    <Pieces>LW_LootSlot26</Pieces>
    <Pieces>LW_LootSlot27</Pieces>
    <Pieces>LW_LootSlot28</Pieces>
    <Pieces>LW_LootSlot29</Pieces>
    <Pieces>LW_LootSlot30</Pieces>
  </Screen>
  <Button item="LW_BroadcastButton">
    <ScreenID>BroadcastButton</ScreenID>
    <!--<Font>3</Font>-->
    <RelativePosition>true</RelativePosition>
    <Location>
      <X>-45</X>
      <Y>0</Y>
    </Location>
    <Size>
      <CX>2</CX>
      <CY>2</CY>
    </Size>
    <Style_Transparent>false</Style_Transparent>
    <!--<TooltipReference/>-->
    <Style_Checkbox>false</Style_Checkbox>
    <!--<RadioGroup/>-->
    <Text>Link all</Text>
    <TextColor>
      <R>7</R>
      <G>7</G>
      <B>7</B>
    </TextColor>
    <ButtonDrawTemplate>
      <Normal>A_BigBtnNormal</Normal>
      <Pressed>A_BigBtnPressed</Pressed>
      <Flyby>A_BigBtnFlyby</Flyby>
      <Disabled>A_BigBtnDisabled</Disabled>
      <PressedFlyby>A_BigBtnPressedFlyby</PressedFlyby>
    </ButtonDrawTemplate>
  </Button>
  <Button item="LW_DoneButton">
    <ScreenID>DoneButton</ScreenID>
    <!--<Font>3</Font>-->
    <RelativePosition>true</RelativePosition>
    <AutoStretch>true</AutoStretch>
    <LeftAnchorOffset>28</LeftAnchorOffset>
    <TopAnchorOffset>40</TopAnchorOffset>
    <RightAnchorOffset>28</RightAnchorOffset>
    <BottomAnchorOffset>16</BottomAnchorOffset>
    <RightAnchorToLeft>false</RightAnchorToLeft>
    <BottomAnchorToTop>false</BottomAnchorToTop>
    <TopAnchorToTop>false</TopAnchorToTop>
    <Style_Transparent>false</Style_Transparent>
    <!--<TooltipReference/>-->
    <Style_Checkbox>false</Style_Checkbox>
    <!--<RadioGroup/>-->
    <ButtonDrawTemplate>
      <Normal>Jib_MerchDoneNormal</Normal>
      <Pressed>Jib_MerchDonePressed</Pressed>
      <Flyby>Jib_MerchDoneNormal</Flyby>
      <Disabled>Jib_MerchDonePressed</Disabled>
      <PressedFlyby>Jib_MerchDonePressed</PressedFlyby>
    </ButtonDrawTemplate>
  </Button>
<!-- Jibartik Start: This is a static aniamtion of a classic background -->
  <TextureInfo item="lootwindow.png">
    <Size>
      <CX>512</CX>
      <CY>512</CY>
    </Size>
  </TextureInfo>
<!-- end load texture map -->
  <Ui2DAnimation item="Jib_LootwinBackground">
    <Cycle>true</Cycle>
    <Frames>
      <Texture>lootwindow.png</Texture>
      <Location>
        <X>0</X>
        <Y>0</Y>
      </Location>
      <Size>
        <CX>512</CX>
        <CY>512</CY>
      </Size>
      <Hotspot>
        <X>0</X>
        <Y>0</Y>
      </Hotspot>
      <Duration>1000</Duration>
    </Frames>
  </Ui2DAnimation>
<!-- Jibartik Start: This positions a static aniamtion on the ui -->
  <StaticAnimation item="LotwindowBackgroud">
    <RelativePosition>true</RelativePosition>
    <Location>
      <X>0</X>
      <Y>0</Y>
    </Location>
    <Size>
      <CX>512</CX>
      <CY>512</CY>
    </Size>
    <Animation>Jib_LootwinBackground</Animation>
  </StaticAnimation>
<!-- END: place a static anaitmion -->
  <Screen item="LootWnd">
    <RelativePosition>false</RelativePosition>
	<Location>
      <X>0</X>
      <Y>25</Y>
    </Location>
    <Size>
      <CX>121</CX>
      <CY>420</CY>
    </Size>
    <Text>Loot</Text>
    <Style_VScroll>false</Style_VScroll>
    <Style_HScroll>false</Style_HScroll>
    <Style_Transparent>false</Style_Transparent>
    <DrawTemplate>WDT_RoundedNoTitle</DrawTemplate>
    <Style_Titlebar>false</Style_Titlebar>
    <Style_Closebox>true</Style_Closebox>
    <Style_Minimizebox>false</Style_Minimizebox>
    <Style_Border>true</Style_Border>
    <Style_Sizable>false</Style_Sizable>
	<Pieces>LotwindowBackgroud</Pieces>
    <Pieces>LW_CorpseName</Pieces>
    <Pieces>LW_LootInvWnd</Pieces>
    <Pieces>LW_BroadcastButton</Pieces>
    <Pieces>LW_DoneButton</Pieces>
  </Screen>
</XML>