<?xml version="1.0" encoding="us-ascii"?>
<XML ID="EQInterfaceDefinitionLanguage">
  <Schema xmlns="EverQuestData" xmlns:dt="EverQuestDataTypes" />
  <Button item="CAW_Button1">
    <ScreenID>CAW_Button1</ScreenID>
    <Font>1</Font>
    <RelativePosition>true</RelativePosition>
    <Location>
      <X>2</X>
      <Y>45</Y>
    </Location>
    <Size>
      <CX>40</CX>
      <CY>40</CY>
    </Size>
    <Text>1</Text>
    <TextColor>
      <R>7</R>
      <G>7</G>
      <B>7</B>
    </TextColor>
    <DecalSize>
      <CX>40</CX>
      <CY>40</CY>
    </DecalSize>
    <ButtonDrawTemplate>
      <Normal>A_SquareBtnNormal</Normal>
      <PressedFlyby>A_SquareBtnPressedFlyby</PressedFlyby>
      <Pressed>A_SquareBtnPressed</Pressed>
      <Flyby>A_SquareBtnFlyby</Flyby>
      <Disabled>A_SquareBtnDisabled</Disabled>
    </ButtonDrawTemplate>
  </Button>
  <Button item="CAW_Button2">
    <ScreenID>CAW_Button2</ScreenID>
    <Font>1</Font>
    <RelativePosition>true</RelativePosition>
    <Location>
      <X>42</X>
      <Y>45</Y>
    </Location>
    <Size>
      <CX>40</CX>
      <CY>40</CY>
    </Size>
    <Text>2</Text>
    <TextColor>
      <R>7</R>
      <G>7</G>
      <B>7</B>
    </TextColor>
    <DecalSize>
      <CX>40</CX>
      <CY>40</CY>
    </DecalSize>
    <ButtonDrawTemplate>
      <Normal>A_SquareBtnNormal</Normal>
      <PressedFlyby>A_SquareBtnPressedFlyby</PressedFlyby>
      <Pressed>A_SquareBtnPressed</Pressed>
      <Flyby>A_SquareBtnFlyby</Flyby>
      <Disabled>A_SquareBtnDisabled</Disabled>
    </ButtonDrawTemplate>
  </Button>
  <Button item="CAW_Button3">
    <ScreenID>CAW_Button3</ScreenID>
    <Font>1</Font>
    <RelativePosition>true</RelativePosition>
    <Location>
      <X>82</X>
      <Y>45</Y>
    </Location>
    <Size>
      <CX>40</CX>
      <CY>40</CY>
    </Size>
    <Text>3</Text>
    <TextColor>
      <R>7</R>
      <G>7</G>
      <B>7</B>
    </TextColor>
    <DecalSize>
      <CX>40</CX>
      <CY>40</CY>
    </DecalSize>
    <ButtonDrawTemplate>
      <Normal>A_SquareBtnNormal</Normal>
      <PressedFlyby>A_SquareBtnPressedFlyby</PressedFlyby>
      <Pressed>A_SquareBtnPressed</Pressed>
      <Flyby>A_SquareBtnFlyby</Flyby>
      <Disabled>A_SquareBtnDisabled</Disabled>
    </ButtonDrawTemplate>
  </Button>
  <Button item="CAW_Button4">
    <ScreenID>CAW_Button4</ScreenID>
    <Font>1</Font>
    <RelativePosition>true</RelativePosition>
    <Location>
      <X>122</X>
      <Y>45</Y>
    </Location>
    <Size>
      <CX>40</CX>
      <CY>40</CY>
    </Size>
    <Text>4</Text>
    <TextColor>
      <R>7</R>
      <G>7</G>
      <B>7</B>
    </TextColor>
    <DecalSize>
      <CX>40</CX>
      <CY>40</CY>
    </DecalSize>
    <ButtonDrawTemplate>
      <Normal>A_SquareBtnNormal</Normal>
      <PressedFlyby>A_SquareBtnPressedFlyby</PressedFlyby>
      <Pressed>A_SquareBtnPressed</Pressed>
      <Flyby>A_SquareBtnFlyby</Flyby>
      <Disabled>A_SquareBtnDisabled</Disabled>
    </ButtonDrawTemplate>
  </Button>
  <Button item="CAW_Button5">
    <ScreenID>CAW_Button5</ScreenID>
    <Font>1</Font>
    <RelativePosition>true</RelativePosition>
    <Location>
      <X>2</X>
      <Y>85</Y>
    </Location>
    <Size>
      <CX>40</CX>
      <CY>40</CY>
    </Size>
    <Text>5</Text>
    <TextColor>
      <R>7</R>
      <G>7</G>
      <B>7</B>
    </TextColor>
    <DecalSize>
      <CX>40</CX>
      <CY>40</CY>
    </DecalSize>
    <ButtonDrawTemplate>
      <Normal>A_SquareBtnNormal</Normal>
      <PressedFlyby>A_SquareBtnPressedFlyby</PressedFlyby>
      <Pressed>A_SquareBtnPressed</Pressed>
      <Flyby>A_SquareBtnFlyby</Flyby>
      <Disabled>A_SquareBtnDisabled</Disabled>
    </ButtonDrawTemplate>
  </Button>
  <Button item="CAW_Button6">
    <ScreenID>CAW_Button6</ScreenID>
    <Font>1</Font>
    <RelativePosition>true</RelativePosition>
    <Location>
      <X>42</X>
      <Y>85</Y>
    </Location>
    <Size>
      <CX>40</CX>
      <CY>40</CY>
    </Size>
    <Text>6</Text>
    <TextColor>
      <R>7</R>
      <G>7</G>
      <B>7</B>
    </TextColor>
    <DecalSize>
      <CX>40</CX>
      <CY>40</CY>
    </DecalSize>
    <ButtonDrawTemplate>
      <Normal>A_SquareBtnNormal</Normal>
      <PressedFlyby>A_SquareBtnPressedFlyby</PressedFlyby>
      <Pressed>A_SquareBtnPressed</Pressed>
      <Flyby>A_SquareBtnFlyby</Flyby>
      <Disabled>A_SquareBtnDisabled</Disabled>
    </ButtonDrawTemplate>
  </Button>
  <Button item="CAW_Button7">
    <ScreenID>CAW_Button7</ScreenID>
    <Font>1</Font>
    <RelativePosition>true</RelativePosition>
    <Location>
      <X>82</X>
      <Y>85</Y>
    </Location>
    <Size>
      <CX>40</CX>
      <CY>40</CY>
    </Size>
    <Text>7</Text>
    <TextColor>
      <R>7</R>
      <G>7</G>
      <B>7</B>
    </TextColor>
    <DecalSize>
      <CX>40</CX>
      <CY>40</CY>
    </DecalSize>
    <ButtonDrawTemplate>
      <Normal>A_SquareBtnNormal</Normal>
      <PressedFlyby>A_SquareBtnPressedFlyby</PressedFlyby>
      <Pressed>A_SquareBtnPressed</Pressed>
      <Flyby>A_SquareBtnFlyby</Flyby>
      <Disabled>A_SquareBtnDisabled</Disabled>
    </ButtonDrawTemplate>
  </Button>
  <Button item="CAW_Button8">
    <ScreenID>CAW_Button8</ScreenID>
    <Font>1</Font>
    <RelativePosition>true</RelativePosition>
    <Location>
      <X>122</X>
      <Y>85</Y>
    </Location>
    <Size>
      <CX>40</CX>
      <CY>40</CY>
    </Size>
    <Text>8</Text>
    <TextColor>
      <R>7</R>
      <G>7</G>
      <B>7</B>
    </TextColor>
    <DecalSize>
      <CX>40</CX>
      <CY>40</CY>
    </DecalSize>
    <ButtonDrawTemplate>
      <Normal>A_SquareBtnNormal</Normal>
      <PressedFlyby>A_SquareBtnPressedFlyby</PressedFlyby>
      <Pressed>A_SquareBtnPressed</Pressed>
      <Flyby>A_SquareBtnFlyby</Flyby>
      <Disabled>A_SquareBtnDisabled</Disabled>
    </ButtonDrawTemplate>
  </Button>
  <Button item="CAW_CombatEffectButton">
    <ScreenID>CAW_CombatEffectButton</ScreenID>
    <RelativePosition>true</RelativePosition>
    <Location>
      <X>5</X>
      <Y>5</Y>
    </Location>
    <Size>
      <CX>20</CX>
      <CY>20</CY>
    </Size>
    <Style_VScroll>false</Style_VScroll>
    <Style_HScroll>false</Style_HScroll>
    <Style_Transparent>false</Style_Transparent>
    <TooltipReference>Left-click to remove this effect</TooltipReference>
    <Style_Checkbox>false</Style_Checkbox>
    <ButtonDrawTemplate>
      <Normal>BlueIconBackground</Normal>
      <NormalDecal>BuffIcons</NormalDecal>
    </ButtonDrawTemplate>
    <DecalOffset>
      <X>0</X>
      <Y>0</Y>
    </DecalOffset>
    <DecalSize>
      <CX>20</CX>
      <CY>20</CY>
    </DecalSize>
  </Button>
  <Label item="CAW_CombatEffectLabel">
    <ScreenID>CAW_CombatEffectLabel</ScreenID>
    <RelativePosition>true</RelativePosition>
    <Location>
      <X>25</X>
      <Y>7</Y>
    </Location>
    <Size>
      <CX>129</CX>
      <CY>20</CY>
    </Size>
    <Text>No Effect</Text>
    <TextColor>
      <R>255</R>
      <G>255</G>
      <B>255</B>
    </TextColor>
    <NoWrap>true</NoWrap>
    <AlignCenter>false</AlignCenter>
    <AlignRight>false</AlignRight>
  </Label>
  <Gauge item="CAW_CombatEffectTimeRemainingGauge">
    <ScreenID>CAW_CombatEffectTimeRemainingGauge</ScreenID>
    <RelativePosition>true</RelativePosition>
    <Location>
      <X>4</X>
      <Y>33</Y>
    </Location>
    <Size>
      <CX>116</CX>
      <CY>8</CY>
    </Size>
    <GaugeOffsetY>0</GaugeOffsetY>
    <Style_VScroll>false</Style_VScroll>
    <Style_HScroll>false</Style_HScroll>
    <Style_Transparent>false</Style_Transparent>
    <FillTint>
      <R>128</R>
      <G>128</G>
      <B>128</B>
    </FillTint>
    <LinesFillTint>
      <R>0</R>
      <G>0</G>
      <B>0</B>
    </LinesFillTint>
    <DrawLinesFill>false</DrawLinesFill>
    <EQType>26</EQType>
    <GaugeDrawTemplate>
      <Background>A_GaugeBackground</Background>
      <Fill>A_GaugeFill</Fill>
      <Lines>A_GaugeLines</Lines>
      <LinesFill>A_GaugeLinesFill</LinesFill>
      <EndCapLeft>A_GaugeEndCapLeft</EndCapLeft>
      <EndCapRight>A_GaugeEndCapRight</EndCapRight>
    </GaugeDrawTemplate>
  </Gauge>
  <Button item="CAW_OpenCombatSkillSelectWnd">
    <ScreenID>CAW_OpenCombatSkillSelectWnd</ScreenID>
    <RelativePosition>true</RelativePosition>
    <Location>
      <X>130</X>
      <Y>24</Y>
    </Location>
    <Size>
      <CX>20</CX>
      <CY>20</CY>
    </Size>
    <Text>S</Text>
    <TooltipReference>Open up a window with detailed information on all of your known combat skills.</TooltipReference>
    <TextColor>
      <R>255</R>
      <G>255</G>
      <B>255</B>
    </TextColor>
    <ButtonDrawTemplate>
      <Normal>A_BtnNormal</Normal>
      <Pressed>A_BtnPressed</Pressed>
      <Flyby>A_BtnFlyby</Flyby>
      <Disabled>A_BtnDisabled</Disabled>
      <PressedFlyby>A_BtnPressedFlyby</PressedFlyby>
    </ButtonDrawTemplate>
  </Button>
  <Screen item="CombatAbilityWnd">
    <ScreenID />
    <Font>2</Font>
    <RelativePosition>false</RelativePosition>
    <Location>
      <X>50</X>
      <Y>50</Y>
    </Location>
    <Size>
      <CX>172</CX>
      <CY>150</CY>
    </Size>
    <Text>Combat Abilities</Text>
    <Style_VScroll>false</Style_VScroll>
    <Style_HScroll>false</Style_HScroll>
    <Style_Transparent>false</Style_Transparent>
    <DrawTemplate>WDT_RoundedNoTitle</DrawTemplate>
    <Style_Titlebar>true</Style_Titlebar>
    <Style_Closebox>true</Style_Closebox>
    <Style_Minimizebox>true</Style_Minimizebox>
    <Style_Border>true</Style_Border>
    <Style_Sizable>false</Style_Sizable>
    <Pieces>CAW_CombatEffectTimeRemainingGauge</Pieces>
    <Pieces>CAW_CombatEffectButton</Pieces>
    <Pieces>CAW_CombatEffectLabel</Pieces>
    <Pieces>CAW_OpenCombatSkillSelectWnd</Pieces>
    <Pieces>CAW_Button1</Pieces>
    <Pieces>CAW_Button2</Pieces>
    <Pieces>CAW_Button3</Pieces>
    <Pieces>CAW_Button4</Pieces>
    <Pieces>CAW_Button5</Pieces>
    <Pieces>CAW_Button6</Pieces>
    <Pieces>CAW_Button7</Pieces>
    <Pieces>CAW_Button8</Pieces>
  </Screen>
</XML>