<?xml version="1.0" encoding="us-ascii"?>
<XML ID="EQInterfaceDefinitionLanguage">
  <Schema xmlns="EverQuestData" xmlns:dt="EverQuestDataTypes" />
  <WindowDrawTemplate item="WDT_Def">
    <Background>wnd_bg_light_rock.tga</Background>
    <VSBTemplate>
      <UpButton>
        <Normal>A_VSBUpNormal</Normal>
        <Pressed>A_VSBUpPressed</Pressed>
        <Flyby>A_VSBUpFlyby</Flyby>
        <Disabled>A_VSBUpDisabled</Disabled>
        <PressedFlyby>A_VSBUpPressedFlyby</PressedFlyby>
      </UpButton>
      <DownButton>
        <Normal>A_VSBDownNormal</Normal>
        <Pressed>A_VSBDownPressed</Pressed>
        <Flyby>A_VSBDownFlyby</Flyby>
        <Disabled>A_VSBDownDisabled</Disabled>
        <PressedFlyby>A_VSBDownPressedFlyby</PressedFlyby>
      </DownButton>
      <Thumb>
        <Top>A_VSBThumbTop</Top>
        <Bottom>A_VSBThumbBottom</Bottom>
        <Middle>A_VSBThumbMiddle</Middle>
        <OverlapLeft>0</OverlapLeft>
        <OverlapTop>0</OverlapTop>
        <OverlapRight>0</OverlapRight>
        <OverlapBottom>0</OverlapBottom>
      </Thumb>
      <MiddleTextureInfo>scrollbar_gutter.tga</MiddleTextureInfo>
      <MiddleTint>
        <Alpha>255</Alpha>
        <R>128</R>
        <G>128</G>
        <B>128</B>
      </MiddleTint>
    </VSBTemplate>
    <HSBTemplate>
      <UpButton>
        <Normal>A_HSBLeftNormal</Normal>
        <Pressed>A_HSBLeftPressed</Pressed>
        <Flyby>A_HSBLeftFlyby</Flyby>
        <Disabled>A_HSBLeftDisabled</Disabled>
        <PressedFlyby>A_HSBLeftPressedFlyby</PressedFlyby>
      </UpButton>
      <DownButton>
        <Normal>A_HSBRightNormal</Normal>
        <Pressed>A_HSBRightPressed</Pressed>
        <Flyby>A_HSBRightFlyby</Flyby>
        <Disabled>A_HSBRightDisabled</Disabled>
        <PressedFlyby>A_HSBRightPressedFlyby</PressedFlyby>
      </DownButton>
      <Thumb>
        <Right>A_HSBThumbRight</Right>
        <Left>A_HSBThumbLeft</Left>
        <Middle>A_HSBThumbMiddle</Middle>
        <OverlapLeft>0</OverlapLeft>
        <OverlapTop>0</OverlapTop>
        <OverlapRight>0</OverlapRight>
        <OverlapBottom>0</OverlapBottom>
      </Thumb>
      <MiddleTextureInfo>scrollbar_gutter.tga</MiddleTextureInfo>
      <MiddleTint>
        <Alpha>255</Alpha>
        <R>128</R>
        <G>128</G>
        <B>128</B>
      </MiddleTint>
    </HSBTemplate>
    <CloseBox>
      <Normal>A_CloseBtnNormal</Normal>
      <Pressed>A_CloseBtnPressed</Pressed>
      <Flyby>A_CloseBtnFlyby</Flyby>
      <Disabled>A_CloseBtnDisabled</Disabled>
      <PressedFlyby>A_CloseBtnPressedFlyby</PressedFlyby>
    </CloseBox>
    <QMarkBox>
      <Normal>A_QMarkBtnNormal</Normal>
      <Pressed>A_QMarkBtnPressed</Pressed>
      <Flyby>A_QMarkBtnFlyby</Flyby>
      <Disabled>A_QMarkBtnDisabled</Disabled>
      <PressedFlyby>A_QMarkBtnPressedFlyby</PressedFlyby>
    </QMarkBox>
    <MinimizeBox>
      <Normal>A_MinimizeBtnNormal</Normal>
      <Pressed>A_MinimizeBtnPressed</Pressed>
      <Flyby>A_MinimizeBtnFlyby</Flyby>
      <Disabled>A_MinimizeBtnDisabled</Disabled>
      <PressedFlyby>A_MinimizeBtnPressedFlyby</PressedFlyby>
    </MinimizeBox>
    <TileBox>
      <Normal>A_TileBtnNormal</Normal>
      <Pressed>A_TileBtnPressed</Pressed>
      <Flyby>A_TileBtnFlyby</Flyby>
      <Disabled>A_TileBtnDisabled</Disabled>
      <PressedFlyby>A_TileBtnPressedFlyby</PressedFlyby>
    </TileBox>
    <Border>
      <TopLeft>A_BorderFrameTopLeft</TopLeft>
      <Top>A_BorderFrameTop</Top>
      <TopRight>A_BorderFrameTopRight</TopRight>
      <RightTop>A_BorderFrameRightTop</RightTop>
      <Right>A_BorderFrameRight</Right>
      <RightBottom>A_BorderFrameRightBottom</RightBottom>
      <BottomRight>A_BorderFrameBottomRight</BottomRight>
      <Bottom>A_BorderFrameBottom</Bottom>
      <BottomLeft>A_BorderFrameBottomLeft</BottomLeft>
      <LeftTop>A_BorderFrameLeftTop</LeftTop>
      <Left>A_BorderFrameLeft</Left>
      <LeftBottom>A_BorderFrameLeftBottom</LeftBottom>
      <OverlapLeft>0</OverlapLeft>
      <OverlapTop>0</OverlapTop>
      <OverlapRight>0</OverlapRight>
      <OverlapBottom>0</OverlapBottom>
    </Border>
    <Titlebar>
      <Right>A_WindowTitleRight</Right>
      <Left>A_WindowTitleLeft</Left>
      <Middle>A_WindowTitleMiddle</Middle>
      <OverlapLeft>0</OverlapLeft>
      <OverlapTop>0</OverlapTop>
      <OverlapRight>0</OverlapRight>
      <OverlapBottom>0</OverlapBottom>
    </Titlebar>
  </WindowDrawTemplate>
  <WindowDrawTemplate item="WDT_Def2">
    <Background>wnd_bg_dark_rock.tga</Background>
    <VSBTemplate>
      <UpButton>
        <Normal>A_VSBUpNormal</Normal>
        <Pressed>A_VSBUpPressed</Pressed>
        <Flyby>A_VSBUpFlyby</Flyby>
        <Disabled>A_VSBUpDisabled</Disabled>
        <PressedFlyby>A_VSBUpPressedFlyby</PressedFlyby>
      </UpButton>
      <DownButton>
        <Normal>A_VSBDownNormal</Normal>
        <Pressed>A_VSBDownPressed</Pressed>
        <Flyby>A_VSBDownFlyby</Flyby>
        <Disabled>A_VSBDownDisabled</Disabled>
        <PressedFlyby>A_VSBDownPressedFlyby</PressedFlyby>
      </DownButton>
      <Thumb>
        <Top>A_VSBThumbTop</Top>
        <Bottom>A_VSBThumbBottom</Bottom>
        <Middle>A_VSBThumbMiddle</Middle>
        <OverlapLeft>0</OverlapLeft>
        <OverlapTop>0</OverlapTop>
        <OverlapRight>0</OverlapRight>
        <OverlapBottom>0</OverlapBottom>
      </Thumb>
      <MiddleTextureInfo>scrollbar_gutter.tga</MiddleTextureInfo>
      <MiddleTint>
        <Alpha>255</Alpha>
        <R>128</R>
        <G>128</G>
        <B>128</B>
      </MiddleTint>
    </VSBTemplate>
    <HSBTemplate>
      <UpButton>
        <Normal>A_HSBLeftNormal</Normal>
        <Pressed>A_HSBLeftPressed</Pressed>
        <Flyby>A_HSBLeftFlyby</Flyby>
        <Disabled>A_HSBLeftDisabled</Disabled>
        <PressedFlyby>A_HSBLeftPressedFlyby</PressedFlyby>
      </UpButton>
      <DownButton>
        <Normal>A_HSBRightNormal</Normal>
        <Pressed>A_HSBRightPressed</Pressed>
        <Flyby>A_HSBRightFlyby</Flyby>
        <Disabled>A_HSBRightDisabled</Disabled>
        <PressedFlyby>A_HSBRightPressedFlyby</PressedFlyby>
      </DownButton>
      <Thumb>
        <Right>A_HSBThumbRight</Right>
        <Left>A_HSBThumbLeft</Left>
        <Middle>A_HSBThumbMiddle</Middle>
        <OverlapLeft>0</OverlapLeft>
        <OverlapTop>0</OverlapTop>
        <OverlapRight>0</OverlapRight>
        <OverlapBottom>0</OverlapBottom>
      </Thumb>
      <MiddleTextureInfo>scrollbar_gutter.tga</MiddleTextureInfo>
      <MiddleTint>
        <Alpha>255</Alpha>
        <R>128</R>
        <G>128</G>
        <B>128</B>
      </MiddleTint>
    </HSBTemplate>
    <CloseBox>
      <Normal>A_CloseBtnNormal</Normal>
      <Pressed>A_CloseBtnPressed</Pressed>
      <Flyby>A_CloseBtnFlyby</Flyby>
      <Disabled>A_CloseBtnDisabled</Disabled>
      <PressedFlyby>A_CloseBtnPressedFlyby</PressedFlyby>
    </CloseBox>
    <QMarkBox>
      <Normal>A_QMarkBtnNormal</Normal>
      <Pressed>A_QMarkBtnPressed</Pressed>
      <Flyby>A_QMarkBtnFlyby</Flyby>
      <Disabled>A_QMarkBtnDisabled</Disabled>
      <PressedFlyby>A_QMarkBtnPressedFlyby</PressedFlyby>
    </QMarkBox>
    <MinimizeBox>
      <Normal>A_MinimizeBtnNormal</Normal>
      <Pressed>A_MinimizeBtnPressed</Pressed>
      <Flyby>A_MinimizeBtnFlyby</Flyby>
      <Disabled>A_MinimizeBtnDisabled</Disabled>
      <PressedFlyby>A_MinimizeBtnPressedFlyby</PressedFlyby>
    </MinimizeBox>
    <TileBox>
      <Normal>A_TileBtnNormal</Normal>
      <Pressed>A_TileBtnPressed</Pressed>
      <Flyby>A_TileBtnFlyby</Flyby>
      <Disabled>A_TileBtnDisabled</Disabled>
      <PressedFlyby>A_TileBtnPressedFlyby</PressedFlyby>
    </TileBox>
    <Border>
      <TopLeft>A_BorderFrameTopLeft</TopLeft>
      <Top>A_BorderFrameTop</Top>
      <TopRight>A_BorderFrameTopRight</TopRight>
      <RightTop>A_BorderFrameRightTop</RightTop>
      <Right>A_BorderFrameRight</Right>
      <RightBottom>A_BorderFrameRightBottom</RightBottom>
      <BottomRight>A_BorderFrameBottomRight</BottomRight>
      <Bottom>A_BorderFrameBottom</Bottom>
      <BottomLeft>A_BorderFrameBottomLeft</BottomLeft>
      <LeftTop>A_BorderFrameLeftTop</LeftTop>
      <Left>A_BorderFrameLeft</Left>
      <LeftBottom>A_BorderFrameLeftBottom</LeftBottom>
      <OverlapLeft>0</OverlapLeft>
      <OverlapTop>0</OverlapTop>
      <OverlapRight>0</OverlapRight>
      <OverlapBottom>0</OverlapBottom>
    </Border>
    <Titlebar>
      <Right>A_WindowTitleRight</Right>
      <Left>A_WindowTitleLeft</Left>
      <Middle>A_WindowTitleMiddle</Middle>
      <OverlapLeft>0</OverlapLeft>
      <OverlapTop>0</OverlapTop>
      <OverlapRight>0</OverlapRight>
      <OverlapBottom>0</OverlapBottom>
    </Titlebar>
  </WindowDrawTemplate>
  <WindowDrawTemplate item="WDT_Inner">
    <Background>wnd_bg_light_rock.tga</Background>
    <VSBTemplate>
      <UpButton>
        <Normal>A_VSBUpNormal</Normal>
        <Pressed>A_VSBUpNormal</Pressed>
        <Flyby>A_VSBUpNormal</Flyby>
        <Disabled>A_VSBUpNormal</Disabled>
        <PressedFlyby>A_VSBUpNormal</PressedFlyby>
      </UpButton>
      <DownButton>
        <Normal>A_VSBDownNormal</Normal>
        <Pressed>A_VSBDownNormal</Pressed>
        <Flyby>A_VSBDownNormal</Flyby>
        <Disabled>A_VSBDownNormal</Disabled>
        <PressedFlyby>A_VSBDownNormal</PressedFlyby>
      </DownButton>
      <Thumb>
        <Top>A_VSBThumbTop</Top>
        <Bottom>A_VSBThumbBottom</Bottom>
        <Middle>A_VSBThumbMiddle</Middle>
        <OverlapLeft>0</OverlapLeft>
        <OverlapTop>0</OverlapTop>
        <OverlapRight>0</OverlapRight>
        <OverlapBottom>0</OverlapBottom>
      </Thumb>
      <MiddleTextureInfo>scrollbar_gutter.tga</MiddleTextureInfo>
    </VSBTemplate>
    <HSBTemplate>
      <UpButton>
        <Normal>A_HSBLeftNormal</Normal>
        <Pressed>A_HSBLeftPressed</Pressed>
        <Flyby>A_HSBLeftFlyby</Flyby>
        <Disabled>A_HSBLeftDisabled</Disabled>
        <PressedFlyby>A_HSBLeftPressedFlyby</PressedFlyby>
      </UpButton>
      <DownButton>
        <Normal>A_HSBRightNormal</Normal>
        <Pressed>A_HSBRightPressed</Pressed>
        <Flyby>A_HSBRightFlyby</Flyby>
        <Disabled>A_HSBRightDisabled</Disabled>
        <PressedFlyby>A_HSBRightPressedFlyby</PressedFlyby>
      </DownButton>
      <Thumb>
        <Right>A_HSBThumbRight</Right>
        <Left>A_HSBThumbLeft</Left>
        <Middle>A_HSBThumbMiddle</Middle>
        <OverlapLeft>0</OverlapLeft>
        <OverlapTop>0</OverlapTop>
        <OverlapRight>0</OverlapRight>
        <OverlapBottom>0</OverlapBottom>
      </Thumb>
      <MiddleTextureInfo>scrollbar_gutter.tga</MiddleTextureInfo>
      <MiddleTint>
        <Alpha>255</Alpha>
        <R>128</R>
        <G>128</G>
        <B>128</B>
      </MiddleTint>
    </HSBTemplate>
    <CloseBox>
      <Normal>A_CloseBtnNormal</Normal>
      <Pressed>A_CloseBtnPressed</Pressed>
      <Flyby>A_CloseBtnFlyby</Flyby>
      <Disabled>A_CloseBtnDisabled</Disabled>
      <PressedFlyby>A_CloseBtnPressedFlyby</PressedFlyby>
    </CloseBox>
    <QMarkBox>
      <Normal>A_QMarkBtnNormal</Normal>
      <Pressed>A_QMarkBtnPressed</Pressed>
      <Flyby>A_QMarkBtnFlyby</Flyby>
      <Disabled>A_QMarkBtnDisabled</Disabled>
      <PressedFlyby>A_QMarkBtnPressedFlyby</PressedFlyby>
    </QMarkBox>
    <MinimizeBox>
      <Normal>A_MinimizeBtnNormal</Normal>
      <Pressed>A_MinimizeBtnPressed</Pressed>
      <Flyby>A_MinimizeBtnFlyby</Flyby>
      <Disabled>A_MinimizeBtnDisabled</Disabled>
      <PressedFlyby>A_MinimizeBtnPressedFlyby</PressedFlyby>
    </MinimizeBox>
    <TileBox>
      <Normal>A_TileBtnNormal</Normal>
      <Pressed>A_TileBtnPressed</Pressed>
      <Flyby>A_TileBtnFlyby</Flyby>
      <Disabled>A_TileBtnDisabled</Disabled>
      <PressedFlyby>A_TileBtnPressedFlyby</PressedFlyby>
    </TileBox>
    <Border>
      <TopLeft>A_InnerFrameTopLeft</TopLeft>
      <Top>A_InnerFrameTop</Top>
      <TopRight>A_InnerFrameTopRight</TopRight>
      <RightTop>A_InnerFrameRight</RightTop>
      <Right>A_InnerFrameRight</Right>
      <RightBottom>A_InnerFrameRight</RightBottom>
      <BottomRight>A_InnerFrameBottomRight</BottomRight>
      <Bottom>A_InnerFrameBottom</Bottom>
      <BottomLeft>A_InnerFrameBottomLeft</BottomLeft>
      <LeftTop>A_InnerFrameLeft</LeftTop>
      <Left>A_InnerFrameLeft</Left>
      <LeftBottom>A_InnerFrameLeft</LeftBottom>
      <OverlapLeft>0</OverlapLeft>
      <OverlapTop>0</OverlapTop>
      <OverlapRight>0</OverlapRight>
      <OverlapBottom>0</OverlapBottom>
    </Border>
    <Titlebar>
      <Right>A_WindowTitleRight</Right>
      <Left>A_WindowTitleLeft</Left>
      <Middle>A_WindowTitleMiddle</Middle>
      <OverlapLeft>0</OverlapLeft>
      <OverlapTop>0</OverlapTop>
      <OverlapRight>0</OverlapRight>
      <OverlapBottom>0</OverlapBottom>
    </Titlebar>
  </WindowDrawTemplate>
  <WindowDrawTemplate item="WDT_Inner2">
    <Background>wnd_bg_light_rock.tga</Background>
    <VSBTemplate>
      <UpButton>
        <Normal>A_VSBUpNormal</Normal>
        <Pressed>A_VSBUpNormal</Pressed>
        <Flyby>A_VSBUpNormal</Flyby>
        <Disabled>A_VSBUpNormal</Disabled>
        <PressedFlyby>A_VSBUpNormal</PressedFlyby>
      </UpButton>
      <DownButton>
        <Normal>A_VSBDownNormal</Normal>
        <Pressed>A_VSBDownNormal</Pressed>
        <Flyby>A_VSBDownNormal</Flyby>
        <Disabled>A_VSBDownNormal</Disabled>
        <PressedFlyby>A_VSBDownNormal</PressedFlyby>
      </DownButton>
      <Thumb>
        <Top>A_VSBThumbTop</Top>
        <Bottom>A_VSBThumbBottom</Bottom>
        <Middle>A_VSBThumbMiddle</Middle>
        <OverlapLeft>0</OverlapLeft>
        <OverlapTop>0</OverlapTop>
        <OverlapRight>0</OverlapRight>
        <OverlapBottom>0</OverlapBottom>
      </Thumb>
      <MiddleTextureInfo>scrollbar_gutter.tga</MiddleTextureInfo>
    </VSBTemplate>
    <HSBTemplate>
      <UpButton>
        <Normal>A_HSBLeftNormal</Normal>
        <Pressed>A_HSBLeftPressed</Pressed>
        <Flyby>A_HSBLeftFlyby</Flyby>
        <Disabled>A_HSBLeftDisabled</Disabled>
        <PressedFlyby>A_HSBLeftPressedFlyby</PressedFlyby>
      </UpButton>
      <DownButton>
        <Normal>A_HSBRightNormal</Normal>
        <Pressed>A_HSBRightPressed</Pressed>
        <Flyby>A_HSBRightFlyby</Flyby>
        <Disabled>A_HSBRightDisabled</Disabled>
        <PressedFlyby>A_HSBRightPressedFlyby</PressedFlyby>
      </DownButton>
      <Thumb>
        <Right>A_HSBThumbRight</Right>
        <Left>A_HSBThumbLeft</Left>
        <Middle>A_HSBThumbMiddle</Middle>
        <OverlapLeft>0</OverlapLeft>
        <OverlapTop>0</OverlapTop>
        <OverlapRight>0</OverlapRight>
        <OverlapBottom>0</OverlapBottom>
      </Thumb>
      <MiddleTextureInfo>scrollbar_gutter.tga</MiddleTextureInfo>
      <MiddleTint>
        <Alpha>255</Alpha>
        <R>128</R>
        <G>128</G>
        <B>128</B>
      </MiddleTint>
    </HSBTemplate>
    <CloseBox>
      <Normal>A_CloseBtnNormal</Normal>
      <Pressed>A_CloseBtnPressed</Pressed>
      <Flyby>A_CloseBtnFlyby</Flyby>
      <Disabled>A_CloseBtnDisabled</Disabled>
      <PressedFlyby>A_CloseBtnPressedFlyby</PressedFlyby>
    </CloseBox>
    <QMarkBox>
      <Normal>A_QMarkBtnNormal</Normal>
      <Pressed>A_QMarkBtnPressed</Pressed>
      <Flyby>A_QMarkBtnFlyby</Flyby>
      <Disabled>A_QMarkBtnDisabled</Disabled>
      <PressedFlyby>A_QMarkBtnPressedFlyby</PressedFlyby>
    </QMarkBox>
    <MinimizeBox>
      <Normal>A_MinimizeBtnNormal</Normal>
      <Pressed>A_MinimizeBtnPressed</Pressed>
      <Flyby>A_MinimizeBtnFlyby</Flyby>
      <Disabled>A_MinimizeBtnDisabled</Disabled>
      <PressedFlyby>A_MinimizeBtnPressedFlyby</PressedFlyby>
    </MinimizeBox>
    <TileBox>
      <Normal>A_TileBtnNormal</Normal>
      <Pressed>A_TileBtnPressed</Pressed>
      <Flyby>A_TileBtnFlyby</Flyby>
      <Disabled>A_TileBtnDisabled</Disabled>
      <PressedFlyby>A_TileBtnPressedFlyby</PressedFlyby>
    </TileBox>
    <Border>
      <TopLeft>A_RoundedFrameTopLeft</TopLeft>
      <Top>A_RoundedFrameTop</Top>
      <TopRight>A_RoundedFrameTopRight</TopRight>
      <RightTop>A_RoundedFrameRightTop</RightTop>
      <Right>A_RoundedFrameRight</Right>
      <RightBottom>A_RoundedFrameRightBottom</RightBottom>
      <BottomRight>A_RoundedFrameBottomRight</BottomRight>
      <Bottom>A_RoundedFrameBottom</Bottom>
      <BottomLeft>A_RoundedFrameBottomLeft</BottomLeft>
      <LeftTop>A_RoundedFrameLeftTop</LeftTop>
      <Left>A_RoundedFrameLeft</Left>
      <LeftBottom>A_RoundedFrameLeftBottom</LeftBottom>
      <OverlapLeft>0</OverlapLeft>
      <OverlapTop>0</OverlapTop>
      <OverlapRight>0</OverlapRight>
      <OverlapBottom>0</OverlapBottom>
    </Border>
    <Titlebar>
      <Right>A_WindowTitleRight</Right>
      <Left>A_WindowTitleLeft</Left>
      <Middle>A_WindowTitleMiddle</Middle>
      <OverlapLeft>0</OverlapLeft>
      <OverlapTop>0</OverlapTop>
      <OverlapRight>0</OverlapRight>
      <OverlapBottom>0</OverlapBottom>
    </Titlebar>
  </WindowDrawTemplate>
  <WindowDrawTemplate item="WDT_Rounded">
    <Background>wnd_bg_light_rock.tga</Background>
    <VSBTemplate>
      <UpButton>
        <Normal>A_VSBUpNormal</Normal>
        <Pressed>A_VSBUpPressed</Pressed>
        <Flyby>A_VSBUpFlyby</Flyby>
        <Disabled>A_VSBUpDisabled</Disabled>
        <PressedFlyby>A_VSBUpPressedFlyby</PressedFlyby>
      </UpButton>
      <DownButton>
        <Normal>A_VSBDownNormal</Normal>
        <Pressed>A_VSBDownPressed</Pressed>
        <Flyby>A_VSBDownFlyby</Flyby>
        <Disabled>A_VSBDownDisabled</Disabled>
        <PressedFlyby>A_VSBDownPressedFlyby</PressedFlyby>
      </DownButton>
      <Thumb>
        <Top>A_VSBThumbTop</Top>
        <Bottom>A_VSBThumbBottom</Bottom>
        <Middle>A_VSBThumbMiddle</Middle>
        <OverlapLeft>0</OverlapLeft>
        <OverlapTop>0</OverlapTop>
        <OverlapRight>0</OverlapRight>
        <OverlapBottom>0</OverlapBottom>
      </Thumb>
      <MiddleTextureInfo>scrollbar_gutter.tga</MiddleTextureInfo>
      <MiddleTint>
        <Alpha>255</Alpha>
        <R>128</R>
        <G>128</G>
        <B>128</B>
      </MiddleTint>
    </VSBTemplate>
    <HSBTemplate>
      <UpButton>
        <Normal>A_HSBLeftNormal</Normal>
        <Pressed>A_HSBLeftPressed</Pressed>
        <Flyby>A_HSBLeftFlyby</Flyby>
        <Disabled>A_HSBLeftDisabled</Disabled>
        <PressedFlyby>A_HSBLeftPressedFlyby</PressedFlyby>
      </UpButton>
      <DownButton>
        <Normal>A_HSBRightNormal</Normal>
        <Pressed>A_HSBRightPressed</Pressed>
        <Flyby>A_HSBRightFlyby</Flyby>
        <Disabled>A_HSBRightDisabled</Disabled>
        <PressedFlyby>A_HSBRightPressedFlyby</PressedFlyby>
      </DownButton>
      <Thumb>
        <Right>A_HSBThumbRight</Right>
        <Left>A_HSBThumbLeft</Left>
        <Middle>A_HSBThumbMiddle</Middle>
        <OverlapLeft>0</OverlapLeft>
        <OverlapTop>0</OverlapTop>
        <OverlapRight>0</OverlapRight>
        <OverlapBottom>0</OverlapBottom>
      </Thumb>
      <MiddleTextureInfo>scrollbar_gutter.tga</MiddleTextureInfo>
      <MiddleTint>
        <Alpha>255</Alpha>
        <R>128</R>
        <G>128</G>
        <B>128</B>
      </MiddleTint>
    </HSBTemplate>
    <CloseBox>
      <Normal>A_CloseBtnNormal</Normal>
      <Pressed>A_CloseBtnPressed</Pressed>
      <Flyby>A_CloseBtnFlyby</Flyby>
      <Disabled>A_CloseBtnDisabled</Disabled>
      <PressedFlyby>A_CloseBtnPressedFlyby</PressedFlyby>
    </CloseBox>
    <QMarkBox>
      <Normal>A_QMarkBtnNormal</Normal>
      <Pressed>A_QMarkBtnPressed</Pressed>
      <Flyby>A_QMarkBtnFlyby</Flyby>
      <Disabled>A_QMarkBtnDisabled</Disabled>
      <PressedFlyby>A_QMarkBtnPressedFlyby</PressedFlyby>
    </QMarkBox>
    <MinimizeBox>
      <Normal>A_MinimizeBtnNormal</Normal>
      <Pressed>A_MinimizeBtnPressed</Pressed>
      <Flyby>A_MinimizeBtnFlyby</Flyby>
      <Disabled>A_MinimizeBtnDisabled</Disabled>
      <PressedFlyby>A_MinimizeBtnPressedFlyby</PressedFlyby>
    </MinimizeBox>
    <TileBox>
      <Normal>A_TileBtnNormal</Normal>
      <Pressed>A_TileBtnPressed</Pressed>
      <Flyby>A_TileBtnFlyby</Flyby>
      <Disabled>A_TileBtnDisabled</Disabled>
      <PressedFlyby>A_TileBtnPressedFlyby</PressedFlyby>
    </TileBox>
    <Border>
      <TopLeft>A_RoundedFrameWithTitleTopLeft</TopLeft>
      <Top>A_RoundedFrameWithTitleTop</Top>
      <TopRight>A_RoundedFrameWithTitleTopRight</TopRight>
      <RightTop>A_RoundedFrameWithTitleRightTop</RightTop>
      <Right>A_RoundedFrameRight</Right>
      <RightBottom>A_RoundedFrameRightBottom</RightBottom>
      <BottomRight>A_RoundedFrameBottomRight</BottomRight>
      <Bottom>A_RoundedFrameBottom</Bottom>
      <BottomLeft>A_RoundedFrameBottomLeft</BottomLeft>
      <LeftTop>A_RoundedFrameWithTitleLeftTop</LeftTop>
      <Left>A_RoundedFrameLeft</Left>
      <LeftBottom>A_RoundedFrameLeftBottom</LeftBottom>
      <OverlapLeft>0</OverlapLeft>
      <OverlapTop>0</OverlapTop>
      <OverlapRight>0</OverlapRight>
      <OverlapBottom>0</OverlapBottom>
    </Border>
    <Titlebar>
      <Right>A_RoundedFrameTitleRight</Right>
      <Left>A_RoundedFrameTitleLeft</Left>
      <Middle>A_RoundedFrameTitleMiddle</Middle>
      <OverlapLeft>0</OverlapLeft>
      <OverlapTop>0</OverlapTop>
      <OverlapRight>0</OverlapRight>
      <OverlapBottom>0</OverlapBottom>
    </Titlebar>
  </WindowDrawTemplate>
  <WindowDrawTemplate item="WDT_RoundedNoTitle">
    <Background>wnd_bg_light_rock.tga</Background>
    <VSBTemplate>
      <UpButton>
        <Normal>A_VSBUpNormal</Normal>
        <Pressed>A_VSBUpPressed</Pressed>
        <Flyby>A_VSBUpFlyby</Flyby>
        <Disabled>A_VSBUpDisabled</Disabled>
        <PressedFlyby>A_VSBUpPressedFlyby</PressedFlyby>
      </UpButton>
      <DownButton>
        <Normal>A_VSBDownNormal</Normal>
        <Pressed>A_VSBDownPressed</Pressed>
        <Flyby>A_VSBDownFlyby</Flyby>
        <Disabled>A_VSBDownDisabled</Disabled>
        <PressedFlyby>A_VSBDownPressedFlyby</PressedFlyby>
      </DownButton>
      <Thumb>
        <Top>A_VSBThumbTop</Top>
        <Bottom>A_VSBThumbBottom</Bottom>
        <Middle>A_VSBThumbMiddle</Middle>
        <OverlapLeft>0</OverlapLeft>
        <OverlapTop>0</OverlapTop>
        <OverlapRight>0</OverlapRight>
        <OverlapBottom>0</OverlapBottom>
      </Thumb>
      <!--<MiddleTextureInfo>scrollbar_gutter.tga</MiddleTextureInfo>-->
      <MiddleTextureInfo>wnd_bg_light_rock.tga</MiddleTextureInfo>
      <MiddleTint>
        <Alpha>0</Alpha>
        <R>128</R>
        <G>128</G>
        <B>128</B>
      </MiddleTint>
    </VSBTemplate>
    <HSBTemplate>
      <UpButton>
        <Normal>A_HSBLeftNormal</Normal>
        <Pressed>A_HSBLeftPressed</Pressed>
        <Flyby>A_HSBLeftFlyby</Flyby>
        <Disabled>A_HSBLeftDisabled</Disabled>
        <PressedFlyby>A_HSBLeftPressedFlyby</PressedFlyby>
      </UpButton>
      <DownButton>
        <Normal>A_HSBRightNormal</Normal>
        <Pressed>A_HSBRightPressed</Pressed>
        <Flyby>A_HSBRightFlyby</Flyby>
        <Disabled>A_HSBRightDisabled</Disabled>
        <PressedFlyby>A_HSBRightPressedFlyby</PressedFlyby>
      </DownButton>
      <Thumb>
        <Right>A_HSBThumbRight</Right>
        <Left>A_HSBThumbLeft</Left>
        <Middle>A_HSBThumbMiddle</Middle>
        <OverlapLeft>0</OverlapLeft>
        <OverlapTop>0</OverlapTop>
        <OverlapRight>0</OverlapRight>
        <OverlapBottom>0</OverlapBottom>
      </Thumb>
      <MiddleTextureInfo>scrollbar_gutter.tga</MiddleTextureInfo>
      <MiddleTint>
        <Alpha>255</Alpha>
        <R>128</R>
        <G>128</G>
        <B>128</B>
      </MiddleTint>
    </HSBTemplate>
    <CloseBox>
      <Normal>A_CloseBtnNormal</Normal>
      <Pressed>A_CloseBtnPressed</Pressed>
      <Flyby>A_CloseBtnFlyby</Flyby>
      <Disabled>A_CloseBtnDisabled</Disabled>
      <PressedFlyby>A_CloseBtnPressedFlyby</PressedFlyby>
    </CloseBox>
    <QMarkBox>
      <Normal>A_QMarkBtnNormal</Normal>
      <Pressed>A_QMarkBtnPressed</Pressed>
      <Flyby>A_QMarkBtnFlyby</Flyby>
      <Disabled>A_QMarkBtnDisabled</Disabled>
      <PressedFlyby>A_QMarkBtnPressedFlyby</PressedFlyby>
    </QMarkBox>
    <MinimizeBox>
      <Normal>A_MinimizeBtnNormal</Normal>
      <Pressed>A_MinimizeBtnPressed</Pressed>
      <Flyby>A_MinimizeBtnFlyby</Flyby>
      <Disabled>A_MinimizeBtnDisabled</Disabled>
      <PressedFlyby>A_MinimizeBtnPressedFlyby</PressedFlyby>
    </MinimizeBox>
    <TileBox>
      <Normal>A_TileBtnNormal</Normal>
      <Pressed>A_TileBtnPressed</Pressed>
      <Flyby>A_TileBtnFlyby</Flyby>
      <Disabled>A_TileBtnDisabled</Disabled>
      <PressedFlyby>A_TileBtnPressedFlyby</PressedFlyby>
    </TileBox>
    <Border>
      <TopLeft>A_RoundedFrameTopLeft</TopLeft>
      <Top>A_RoundedFrameTop</Top>
      <TopRight>A_RoundedFrameTopRight</TopRight>
      <RightTop>A_RoundedFrameRightTop</RightTop>
      <Right>A_RoundedFrameRight</Right>
      <RightBottom>A_RoundedFrameRightBottom</RightBottom>
      <BottomRight>A_RoundedFrameBottomRight</BottomRight>
      <Bottom>A_RoundedFrameBottom</Bottom>
      <BottomLeft>A_RoundedFrameBottomLeft</BottomLeft>
      <LeftTop>A_RoundedFrameLeftTop</LeftTop>
      <Left>A_RoundedFrameLeft</Left>
      <LeftBottom>A_RoundedFrameLeftBottom</LeftBottom>
      <OverlapLeft>0</OverlapLeft>
      <OverlapTop>0</OverlapTop>
      <OverlapRight>0</OverlapRight>
      <OverlapBottom>0</OverlapBottom>
    </Border>
    <Titlebar>
      <Right>A_RoundedFrameTitleRight</Right>
      <Left>A_RoundedFrameTitleLeft</Left>
      <Middle>A_RoundedFrameTitleMiddle</Middle>
      <OverlapLeft>0</OverlapLeft>
      <OverlapTop>0</OverlapTop>
      <OverlapRight>0</OverlapRight>
      <OverlapBottom>0</OverlapBottom>
    </Titlebar>
  </WindowDrawTemplate>
  <WindowDrawTemplate item="WDT_RoundedNoTitle2">
    <Background>wnd_bg_dark_rock.tga</Background>
    <VSBTemplate>
      <UpButton>
        <Normal>A_VSBUpNormal</Normal>
        <Pressed>A_VSBUpPressed</Pressed>
        <Flyby>A_VSBUpFlyby</Flyby>
        <Disabled>A_VSBUpDisabled</Disabled>
        <PressedFlyby>A_VSBUpPressedFlyby</PressedFlyby>
      </UpButton>
      <DownButton>
        <Normal>A_VSBDownNormal</Normal>
        <Pressed>A_VSBDownPressed</Pressed>
        <Flyby>A_VSBDownFlyby</Flyby>
        <Disabled>A_VSBDownDisabled</Disabled>
        <PressedFlyby>A_VSBDownPressedFlyby</PressedFlyby>
      </DownButton>
      <Thumb>
        <Top>A_VSBThumbTop</Top>
        <Bottom>A_VSBThumbBottom</Bottom>
        <Middle>A_VSBThumbMiddle</Middle>
        <OverlapLeft>0</OverlapLeft>
        <OverlapTop>0</OverlapTop>
        <OverlapRight>0</OverlapRight>
        <OverlapBottom>0</OverlapBottom>
      </Thumb>
      <!--<MiddleTextureInfo>scrollbar_gutter.tga</MiddleTextureInfo>-->
      <MiddleTextureInfo>wnd_bg_light_rock.tga</MiddleTextureInfo>
      <MiddleTint>
        <Alpha>255</Alpha>
        <R>128</R>
        <G>128</G>
        <B>128</B>
      </MiddleTint>
    </VSBTemplate>
    <HSBTemplate>
      <UpButton>
        <Normal>A_HSBLeftNormal</Normal>
        <Pressed>A_HSBLeftPressed</Pressed>
        <Flyby>A_HSBLeftFlyby</Flyby>
        <Disabled>A_HSBLeftDisabled</Disabled>
        <PressedFlyby>A_HSBLeftPressedFlyby</PressedFlyby>
      </UpButton>
      <DownButton>
        <Normal>A_HSBRightNormal</Normal>
        <Pressed>A_HSBRightPressed</Pressed>
        <Flyby>A_HSBRightFlyby</Flyby>
        <Disabled>A_HSBRightDisabled</Disabled>
        <PressedFlyby>A_HSBRightPressedFlyby</PressedFlyby>
      </DownButton>
      <Thumb>
        <Right>A_HSBThumbRight</Right>
        <Left>A_HSBThumbLeft</Left>
        <Middle>A_HSBThumbMiddle</Middle>
        <OverlapLeft>0</OverlapLeft>
        <OverlapTop>0</OverlapTop>
        <OverlapRight>0</OverlapRight>
        <OverlapBottom>0</OverlapBottom>
      </Thumb>
      <MiddleTextureInfo>scrollbar_gutter.tga</MiddleTextureInfo>
      <MiddleTint>
        <Alpha>255</Alpha>
        <R>128</R>
        <G>128</G>
        <B>128</B>
      </MiddleTint>
    </HSBTemplate>
    <CloseBox>
      <Normal>A_CloseBtnNormal</Normal>
      <Pressed>A_CloseBtnPressed</Pressed>
      <Flyby>A_CloseBtnFlyby</Flyby>
      <Disabled>A_CloseBtnDisabled</Disabled>
      <PressedFlyby>A_CloseBtnPressedFlyby</PressedFlyby>
    </CloseBox>
    <QMarkBox>
      <Normal>A_QMarkBtnNormal</Normal>
      <Pressed>A_QMarkBtnPressed</Pressed>
      <Flyby>A_QMarkBtnFlyby</Flyby>
      <Disabled>A_QMarkBtnDisabled</Disabled>
      <PressedFlyby>A_QMarkBtnPressedFlyby</PressedFlyby>
    </QMarkBox>
    <MinimizeBox>
      <Normal>A_MinimizeBtnNormal</Normal>
      <Pressed>A_MinimizeBtnPressed</Pressed>
      <Flyby>A_MinimizeBtnFlyby</Flyby>
      <Disabled>A_MinimizeBtnDisabled</Disabled>
      <PressedFlyby>A_MinimizeBtnPressedFlyby</PressedFlyby>
    </MinimizeBox>
    <TileBox>
      <Normal>A_TileBtnNormal</Normal>
      <Pressed>A_TileBtnPressed</Pressed>
      <Flyby>A_TileBtnFlyby</Flyby>
      <Disabled>A_TileBtnDisabled</Disabled>
      <PressedFlyby>A_TileBtnPressedFlyby</PressedFlyby>
    </TileBox>
    <Border>
      <TopLeft>A_RoundedFrameTopLeft</TopLeft>
      <Top>A_RoundedFrameTop</Top>
      <TopRight>A_RoundedFrameTopRight</TopRight>
      <RightTop>A_RoundedFrameRightTop</RightTop>
      <Right>A_RoundedFrameRight</Right>
      <RightBottom>A_RoundedFrameRightBottom</RightBottom>
      <BottomRight>A_RoundedFrameBottomRight</BottomRight>
      <Bottom>A_RoundedFrameBottom</Bottom>
      <BottomLeft>A_RoundedFrameBottomLeft</BottomLeft>
      <LeftTop>A_RoundedFrameLeftTop</LeftTop>
      <Left>A_RoundedFrameLeft</Left>
      <LeftBottom>A_RoundedFrameLeftBottom</LeftBottom>
      <OverlapLeft>0</OverlapLeft>
      <OverlapTop>0</OverlapTop>
      <OverlapRight>0</OverlapRight>
      <OverlapBottom>0</OverlapBottom>
    </Border>
    <Titlebar>
      <Right>A_RoundedFrameTitleRight</Right>
      <Left>A_RoundedFrameTitleLeft</Left>
      <Middle>A_RoundedFrameTitleMiddle</Middle>
      <OverlapLeft>0</OverlapLeft>
      <OverlapTop>0</OverlapTop>
      <OverlapRight>0</OverlapRight>
      <OverlapBottom>0</OverlapBottom>
    </Titlebar>
  </WindowDrawTemplate>
    <WindowDrawTemplate item="WDT_RoundedNoTitle3">
    <!--<Background>wnd_bg_light_rock.tga</Background>-->
    <VSBTemplate>
      <UpButton>
        <Normal>A_VSBUpNormal</Normal>
        <Pressed>A_VSBUpPressed</Pressed>
        <Flyby>A_VSBUpFlyby</Flyby>
        <Disabled>A_VSBUpDisabled</Disabled>
        <PressedFlyby>A_VSBUpPressedFlyby</PressedFlyby>
      </UpButton>
      <DownButton>
        <Normal>A_VSBDownNormal</Normal>
        <Pressed>A_VSBDownPressed</Pressed>
        <Flyby>A_VSBDownFlyby</Flyby>
        <Disabled>A_VSBDownDisabled</Disabled>
        <PressedFlyby>A_VSBDownPressedFlyby</PressedFlyby>
      </DownButton>
      <Thumb>
        <Top>A_VSBThumbTop</Top>
        <Bottom>A_VSBThumbBottom</Bottom>
        <Middle>A_VSBThumbMiddle</Middle>
        <OverlapLeft>0</OverlapLeft>
        <OverlapTop>0</OverlapTop>
        <OverlapRight>0</OverlapRight>
        <OverlapBottom>0</OverlapBottom>
      </Thumb>
      <!--<MiddleTextureInfo>scrollbar_gutter.tga</MiddleTextureInfo>-->
      <MiddleTextureInfo>wnd_bg_light_rock.tga</MiddleTextureInfo>
      <MiddleTint>
        <Alpha>255</Alpha>
        <R>128</R>
        <G>128</G>
        <B>128</B>
      </MiddleTint>
    </VSBTemplate>
    <HSBTemplate>
      <UpButton>
        <Normal>A_HSBLeftNormal</Normal>
        <Pressed>A_HSBLeftPressed</Pressed>
        <Flyby>A_HSBLeftFlyby</Flyby>
        <Disabled>A_HSBLeftDisabled</Disabled>
        <PressedFlyby>A_HSBLeftPressedFlyby</PressedFlyby>
      </UpButton>
      <DownButton>
        <Normal>A_HSBRightNormal</Normal>
        <Pressed>A_HSBRightPressed</Pressed>
        <Flyby>A_HSBRightFlyby</Flyby>
        <Disabled>A_HSBRightDisabled</Disabled>
        <PressedFlyby>A_HSBRightPressedFlyby</PressedFlyby>
      </DownButton>
      <Thumb>
        <Right>A_HSBThumbRight</Right>
        <Left>A_HSBThumbLeft</Left>
        <Middle>A_HSBThumbMiddle</Middle>
        <OverlapLeft>0</OverlapLeft>
        <OverlapTop>0</OverlapTop>
        <OverlapRight>0</OverlapRight>
        <OverlapBottom>0</OverlapBottom>
      </Thumb>
      <MiddleTextureInfo>scrollbar_gutter.tga</MiddleTextureInfo>
      <MiddleTint>
        <Alpha>255</Alpha>
        <R>128</R>
        <G>128</G>
        <B>128</B>
      </MiddleTint>
    </HSBTemplate>
    <CloseBox>
      <Normal>A_CloseBtnNormal</Normal>
      <Pressed>A_CloseBtnPressed</Pressed>
      <Flyby>A_CloseBtnFlyby</Flyby>
      <Disabled>A_CloseBtnDisabled</Disabled>
      <PressedFlyby>A_CloseBtnPressedFlyby</PressedFlyby>
    </CloseBox>
    <QMarkBox>
      <Normal>A_QMarkBtnNormal</Normal>
      <Pressed>A_QMarkBtnPressed</Pressed>
      <Flyby>A_QMarkBtnFlyby</Flyby>
      <Disabled>A_QMarkBtnDisabled</Disabled>
      <PressedFlyby>A_QMarkBtnPressedFlyby</PressedFlyby>
    </QMarkBox>
    <MinimizeBox>
      <Normal>A_MinimizeBtnNormal</Normal>
      <Pressed>A_MinimizeBtnPressed</Pressed>
      <Flyby>A_MinimizeBtnFlyby</Flyby>
      <Disabled>A_MinimizeBtnDisabled</Disabled>
      <PressedFlyby>A_MinimizeBtnPressedFlyby</PressedFlyby>
    </MinimizeBox>
    <TileBox>
      <Normal>A_TileBtnNormal</Normal>
      <Pressed>A_TileBtnPressed</Pressed>
      <Flyby>A_TileBtnFlyby</Flyby>
      <Disabled>A_TileBtnDisabled</Disabled>
      <PressedFlyby>A_TileBtnPressedFlyby</PressedFlyby>
    </TileBox>
    <Border>
      <TopLeft>A_RoundedFrameTopLeft</TopLeft>
      <Top>A_RoundedFrameTop</Top>
      <TopRight>A_RoundedFrameTopRight</TopRight>
      <RightTop>A_RoundedFrameRightTop</RightTop>
      <Right>A_RoundedFrameRight</Right>
      <RightBottom>A_RoundedFrameRightBottom</RightBottom>
      <BottomRight>A_RoundedFrameBottomRight</BottomRight>
      <Bottom>A_RoundedFrameBottom</Bottom>
      <BottomLeft>A_RoundedFrameBottomLeft</BottomLeft>
      <LeftTop>A_RoundedFrameLeftTop</LeftTop>
      <Left>A_RoundedFrameLeft</Left>
      <LeftBottom>A_RoundedFrameLeftBottom</LeftBottom>
      <OverlapLeft>0</OverlapLeft>
      <OverlapTop>0</OverlapTop>
      <OverlapRight>0</OverlapRight>
      <OverlapBottom>0</OverlapBottom>
    </Border>
    <Titlebar>
      <Right>A_RoundedFrameTitleRight</Right>
      <Left>A_RoundedFrameTitleLeft</Left>
      <Middle>A_RoundedFrameTitleMiddle</Middle>
      <OverlapLeft>0</OverlapLeft>
      <OverlapTop>0</OverlapTop>
      <OverlapRight>0</OverlapRight>
      <OverlapBottom>0</OverlapBottom>
    </Titlebar>
  </WindowDrawTemplate>
  <!-- Jibartik: START custom invisible p99 border and scrollbars -->
   <Ui2DAnimation item="JIB_TransUpDwn">
    <Cycle>true</Cycle>
    <Frames>
      <Texture>window_pieces01.tga</Texture>
      <Location>
        <X>226</X>
        <Y>0</Y>
      </Location>
      <Size>
        <CX>27</CX>
        <CY>18</CY>
      </Size>
      <Hotspot>
        <X>0</X>
        <Y>0</Y>
      </Hotspot>
      <Duration>1000</Duration>
    </Frames>
  </Ui2DAnimation>
  <Ui2DAnimation item="JIB_ArrowUp">
    <Cycle>true</Cycle>
    <Frames>
      <Texture>lootwindow.png</Texture>
      <Location>
        <X>220</X>
        <Y>0</Y>
      </Location>
      <Size>
        <CX>27</CX>
        <CY>18</CY>
      </Size>
      <Hotspot>
        <X>0</X>
        <Y>0</Y>
      </Hotspot>
      <Duration>1000</Duration>
    </Frames>
  </Ui2DAnimation>
    <Ui2DAnimation item="JIB_ArrowUpPressed">
    <Cycle>true</Cycle>
    <Frames>
      <Texture>lootwindow.png</Texture>
      <Location>
        <X>249</X>
        <Y>0</Y>
      </Location>
      <Size>
        <CX>27</CX>
        <CY>18</CY>
      </Size>
      <Hotspot>
        <X>0</X>
        <Y>0</Y>
      </Hotspot>
      <Duration>1000</Duration>
    </Frames>
  </Ui2DAnimation>
    <Ui2DAnimation item="JIB_ArrowDown">
    <Cycle>true</Cycle>
    <Frames>
      <Texture>lootwindow.png</Texture>
      <Location>
        <X>220</X>
        <Y>20</Y>
      </Location>
      <Size>
        <CX>27</CX>
        <CY>18</CY>
      </Size>
      <Hotspot>
        <X>0</X>
        <Y>0</Y>
      </Hotspot>
      <Duration>1000</Duration>
    </Frames>
  </Ui2DAnimation>
      <Ui2DAnimation item="JIB_ArrowDownPressed">
    <Cycle>true</Cycle>
    <Frames>
      <Texture>lootwindow.png</Texture>
      <Location>
        <X>249</X>
        <Y>20</Y>
      </Location>
      <Size>
        <CX>27</CX>
        <CY>18</CY>
      </Size>
      <Hotspot>
        <X>0</X>
        <Y>0</Y>
      </Hotspot>
      <Duration>1000</Duration>
    </Frames>
  </Ui2DAnimation>
    <Ui2DAnimation item="JIB_LootWinThumb">
    <Cycle>true</Cycle>
    <Frames>
      <Texture>lootwindow.png</Texture>
      <Location>
        <X>163</X>
        <Y>0</Y>
      </Location>
      <Size>
        <CX>27</CX>
        <CY>82</CY>
      </Size>
      <Hotspot>
        <X>0</X>
        <Y>0</Y>
      </Hotspot>
      <Duration>1000</Duration>
    </Frames>
   </Ui2DAnimation>
	<Ui2DAnimation item="JIB_LootWinThumbTop">
    <Cycle>true</Cycle>
    <Frames>
      <Texture>lootwindow.png</Texture>
      <Location>
        <X>191</X>
        <Y>0</Y>
      </Location>
      <Size>
        <CX>27</CX>
        <CY>18</CY>
      </Size>
      <Hotspot>
        <X>0</X>
        <Y>0</Y>
      </Hotspot>
      <Duration>1000</Duration>
    </Frames>
  </Ui2DAnimation>
  	<Ui2DAnimation item="JIB_LootWinThumbBot">
    <Cycle>true</Cycle>
    <Frames>
      <Texture>lootwindow.png</Texture>
      <Location>
        <X>191</X>
        <Y>20</Y>
      </Location>
      <Size>
        <CX>27</CX>
        <CY>18</CY>
      </Size>
      <Hotspot>
        <X>0</X>
        <Y>0</Y>
      </Hotspot>
      <Duration>1000</Duration>
    </Frames>
  </Ui2DAnimation>
    <!--<Background>wnd_bg_light_rock.tga</Background>-->
	    <WindowDrawTemplate item="JIB_TransBorder">
    <!--<Background>wnd_bg_light_rock.tga</Background>-->
    <VSBTemplate>
      <UpButton>
        <Normal>JIB_ArrowUp</Normal>
        <Pressed>JIB_ArrowUpPressed</Pressed>
        <Flyby>JIB_ArrowUp</Flyby>
        <Disabled>JIB_ArrowUpPressed</Disabled>
        <PressedFlyby>JIB_ArrowUpPressed</PressedFlyby>
      </UpButton>
      <DownButton>
        <Normal>JIB_ArrowDown</Normal>
        <Pressed>JIB_ArrowDownPressed</Pressed>
        <Flyby>JIB_ArrowDown</Flyby>
        <Disabled>JIB_ArrowDownPressed</Disabled>
        <PressedFlyby>JIB_ArrowDownPressed</PressedFlyby>
      </DownButton>
      <Thumb>
        <Top>JIB_LootWinThumbTop</Top>
        <Bottom>JIB_LootWinThumbBot</Bottom>
        <Middle>JIB_LootWinThumb</Middle>
        <OverlapLeft>0</OverlapLeft>
        <OverlapTop>0</OverlapTop>
        <OverlapRight>0</OverlapRight>
        <OverlapBottom>0</OverlapBottom>
      </Thumb>
      <!--<MiddleTextureInfo>scrollbar_gutter.tga</MiddleTextureInfo>-->
    </VSBTemplate>
    <HSBTemplate>
      <UpButton>
        <Normal>A_HSBLeftNormal</Normal>
        <Pressed>A_HSBLeftPressed</Pressed>
        <Flyby>A_HSBLeftFlyby</Flyby>
        <Disabled>A_HSBLeftDisabled</Disabled>
        <PressedFlyby>A_HSBLeftPressedFlyby</PressedFlyby>
      </UpButton>
      <DownButton>
        <Normal>A_HSBRightNormal</Normal>
        <Pressed>A_HSBRightPressed</Pressed>
        <Flyby>A_HSBRightFlyby</Flyby>
        <Disabled>A_HSBRightDisabled</Disabled>
        <PressedFlyby>A_HSBRightPressedFlyby</PressedFlyby>
      </DownButton>
      <Thumb>
        <Right>A_HSBThumbRight</Right>
        <Left>A_HSBThumbLeft</Left>
        <Middle>A_HSBThumbMiddle</Middle>
        <OverlapLeft>0</OverlapLeft>
        <OverlapTop>0</OverlapTop>
        <OverlapRight>0</OverlapRight>
        <OverlapBottom>0</OverlapBottom>
      </Thumb>
      <MiddleTextureInfo>scrollbar_gutter.tga</MiddleTextureInfo>
      <MiddleTint>
        <Alpha>255</Alpha>
        <R>128</R>
        <G>128</G>
        <B>128</B>
      </MiddleTint>
    </HSBTemplate>
    <CloseBox>
      <Normal>A_CloseBtnNormal</Normal>
      <Pressed>A_CloseBtnPressed</Pressed>
      <Flyby>A_CloseBtnFlyby</Flyby>
      <Disabled>A_CloseBtnDisabled</Disabled>
      <PressedFlyby>A_CloseBtnPressedFlyby</PressedFlyby>
    </CloseBox>
    <QMarkBox>
      <Normal>A_QMarkBtnNormal</Normal>
      <Pressed>A_QMarkBtnPressed</Pressed>
      <Flyby>A_QMarkBtnFlyby</Flyby>
      <Disabled>A_QMarkBtnDisabled</Disabled>
      <PressedFlyby>A_QMarkBtnPressedFlyby</PressedFlyby>
    </QMarkBox>
    <MinimizeBox>
      <Normal>A_MinimizeBtnNormal</Normal>
      <Pressed>A_MinimizeBtnPressed</Pressed>
      <Flyby>A_MinimizeBtnFlyby</Flyby>
      <Disabled>A_MinimizeBtnDisabled</Disabled>
      <PressedFlyby>A_MinimizeBtnPressedFlyby</PressedFlyby>
    </MinimizeBox>
    <TileBox>
      <Normal>A_TileBtnNormal</Normal>
      <Pressed>A_TileBtnPressed</Pressed>
      <Flyby>A_TileBtnFlyby</Flyby>
      <Disabled>A_TileBtnDisabled</Disabled>
      <PressedFlyby>A_TileBtnPressedFlyby</PressedFlyby>
    </TileBox>
    <Border>
      <TopLeft>A_RoundedFrameTopLeft</TopLeft>
      <Top>A_RoundedFrameTop</Top>
      <TopRight>A_RoundedFrameTopRight</TopRight>
      <RightTop>A_RoundedFrameRightTop</RightTop>
      <Right>A_RoundedFrameRight</Right>
      <RightBottom>A_RoundedFrameRightBottom</RightBottom>
      <BottomRight>A_RoundedFrameBottomRight</BottomRight>
      <Bottom>A_RoundedFrameBottom</Bottom>
      <BottomLeft>A_RoundedFrameBottomLeft</BottomLeft>
      <LeftTop>A_RoundedFrameLeftTop</LeftTop>
      <Left>A_RoundedFrameLeft</Left>
      <LeftBottom>A_RoundedFrameLeftBottom</LeftBottom>
      <OverlapLeft>0</OverlapLeft>
      <OverlapTop>0</OverlapTop>
      <OverlapRight>0</OverlapRight>
      <OverlapBottom>0</OverlapBottom>
    </Border>
    <Titlebar>
      <Right>A_RoundedFrameTitleRight</Right>
      <Left>A_RoundedFrameTitleLeft</Left>
      <Middle>A_RoundedFrameTitleMiddle</Middle>
      <OverlapLeft>0</OverlapLeft>
      <OverlapTop>0</OverlapTop>
      <OverlapRight>0</OverlapRight>
      <OverlapBottom>0</OverlapBottom>
    </Titlebar>
  </WindowDrawTemplate>
    <!-- Jibartik: END custom invisible p99 border and scrollbars -->
  <SliderDrawTemplate item="SDT_DefSlider">
    <Thumb>
      <Normal>A_SliderThumbNormal</Normal>
      <Pressed>A_SliderThumbPressed</Pressed>
      <Flyby>A_SliderThumbFlyby</Flyby>
      <Disabled>A_SliderThumbDisabled</Disabled>
      <PressedFlyby>A_SliderThumbPressedFlyby</PressedFlyby>
    </Thumb>
    <Background>A_SliderBackground</Background>
    <EndCapRight>A_SliderEndCapRight</EndCapRight>
    <EndCapLeft>A_SliderEndCapLeft</EndCapLeft>
  </SliderDrawTemplate>
  <!-- Jib: custom slider for the quantity bar -->
  <SliderDrawTemplate item="Jib_p99Slider">
    <Thumb>
      <Normal>Jib_SliderThumbNormal</Normal>
      <Pressed>Jib_SliderThumbNormal</Pressed>
      <Flyby>Jib_SliderThumbNormal</Flyby>
      <Disabled>Jib_SliderThumbNormal</Disabled>
      <PressedFlyby>Jib_SliderThumbNormal</PressedFlyby>
    </Thumb>
    <Background>Jib_SliderBackground</Background>
    <EndCapRight>Jib_SliderEndCapRight</EndCapRight>
    <EndCapLeft>Jib_SliderEndCapLeft</EndCapLeft>
  </SliderDrawTemplate>
  <!-- end custom slider for quanity bar -->
  <ButtonDrawTemplate item="BDT_Combo">
    <Normal>A_VSBDownNormal</Normal>
    <Pressed>A_VSBDownPressed</Pressed>
    <Flyby>A_VSBDownFlyby</Flyby>
    <Disabled>A_VSBDownDisabled</Disabled>
    <PressedFlyby>A_VSBDownPressedFlyby</PressedFlyby>
  </ButtonDrawTemplate>
  <FrameTemplate item="Header_Listbox">
    <Right>A_ListHeaderRight</Right>
    <Left>A_ListHeaderLeft</Left>
    <Middle>A_ListHeaderMiddle</Middle>
    <OverlapLeft>0</OverlapLeft>
    <OverlapTop>0</OverlapTop>
    <OverlapRight>0</OverlapRight>
    <OverlapBottom>0</OverlapBottom>
  </FrameTemplate>
  <!-- Templates to put coins at top of list (in the header) -->
  <FrameTemplate item="Header_PlatCoin">
    <Middle>A_PlatinumCoin</Middle>
    <OverlapLeft>0</OverlapLeft>
    <OverlapTop>0</OverlapTop>
    <OverlapRight>0</OverlapRight>
    <OverlapBottom>0</OverlapBottom>
  </FrameTemplate>
  <FrameTemplate item="Header_GoldCoin">
    <Middle>A_GoldCoin</Middle>
    <OverlapLeft>0</OverlapLeft>
    <OverlapTop>0</OverlapTop>
    <OverlapRight>0</OverlapRight>
    <OverlapBottom>0</OverlapBottom>
  </FrameTemplate>
  <FrameTemplate item="Header_SilvCoin">
    <Middle>A_SilverCoin</Middle>
    <OverlapLeft>0</OverlapLeft>
    <OverlapTop>0</OverlapTop>
    <OverlapRight>0</OverlapRight>
    <OverlapBottom>0</OverlapBottom>
  </FrameTemplate>
  <FrameTemplate item="Header_CoppCoin">
    <Middle>A_CopperCoin</Middle>
    <OverlapLeft>0</OverlapLeft>
    <OverlapTop>0</OverlapTop>
    <OverlapRight>0</OverlapRight>
    <OverlapBottom>0</OverlapBottom>
  </FrameTemplate>
  <FrameTemplate item="FT_DefTabBorder">
    <TopLeft>A_TabFrameTopLeft</TopLeft>
    <Top>A_TabFrameTop</Top>
    <TopRight>A_TabFrameTopRight</TopRight>
    <RightTop>A_TabFrameRightTop</RightTop>
    <Right>A_TabFrameRight</Right>
    <RightBottom>A_TabRightBottom</RightBottom>
    <LeftTop>A_TabFrameLeftTop</LeftTop>
    <Left>A_TabFrameLeft</Left>
    <LeftBottom>A_TabLeftBottom</LeftBottom>
    <OverlapLeft>0</OverlapLeft>
    <OverlapTop>0</OverlapTop>
    <OverlapRight>0</OverlapRight>
    <OverlapBottom>0</OverlapBottom>
  </FrameTemplate>
  <FrameTemplate item="FT_DefPageBorder">
    <TopLeft>A_TabFrameTopLeft</TopLeft>
    <Top>A_TabFrameTop</Top>
    <TopRight>A_TabFrameTopRight</TopRight>
    <TopRight>A_TabFrameTopRight</TopRight>
    <RightTop>A_TabFrameRightTop</RightTop>
    <Right>A_TabFrameRight</Right>
    <RightBottom>A_TabFrameRightBottom</RightBottom>
    <BottomRight>A_TabFrameBottomRight</BottomRight>
    <Bottom>A_TabFrameBottom</Bottom>
    <BottomLeft>A_TabFrameBottomLeft</BottomLeft>
    <LeftTop>A_TabFrameLeftTop</LeftTop>
    <Left>A_TabFrameLeft</Left>
    <LeftBottom>A_TabFrameLeftBottom</LeftBottom>
    <OverlapLeft>0</OverlapLeft>
    <OverlapTop>0</OverlapTop>
    <OverlapRight>0</OverlapRight>
    <OverlapBottom>0</OverlapBottom>
  </FrameTemplate>
</XML>