<?xml version="1.0" encoding="us-ascii"?>
<XML ID="EQInterfaceDefinitionLanguage">
  <Schema xmlns="EverQuestData" xmlns:dt="EverQuestDataTypes" />
  <Ui2DAnimation item="A_PetSpellIcons">
    <Cycle>false</Cycle>
    <Grid>true</Grid>
    <Vertical>false</Vertical>
    <CellHeight>40</CellHeight>
    <CellWidth>40</CellWidth>
    <Frames>
      <Texture>Spells01.tga</Texture>
      <Location>
        <X>0</X>
        <Y>0</Y>
      </Location>
      <Size>
        <CX>256</CX>
        <CY>256</CY>
      </Size>
      <Hotspot>
        <X>0</X>
        <Y>0</Y>
      </Hotspot>
      <Duration>1000</Duration>
    </Frames>
    <Frames>
      <Texture>Spells02.tga</Texture>
      <Location>
        <X>0</X>
        <Y>0</Y>
      </Location>
      <Size>
        <CX>256</CX>
        <CY>256</CY>
      </Size>
      <Hotspot>
        <X>0</X>
        <Y>0</Y>
      </Hotspot>
      <Duration>1000</Duration>
    </Frames>
    <Frames>
      <Texture>Spells03.tga</Texture>
      <Location>
        <X>0</X>
        <Y>0</Y>
      </Location>
      <Size>
        <CX>256</CX>
        <CY>256</CY>
      </Size>
      <Hotspot>
        <X>0</X>
        <Y>0</Y>
      </Hotspot>
      <Duration>1000</Duration>
    </Frames>
    <Frames>
      <Texture>Spells04.tga</Texture>
      <Location>
        <X>0</X>
        <Y>0</Y>
      </Location>
      <Size>
        <CX>256</CX>
        <CY>256</CY>
      </Size>
      <Hotspot>
        <X>0</X>
        <Y>0</Y>
      </Hotspot>
      <Duration>1000</Duration>
    </Frames>
    <Frames>
      <Texture>Spells05.tga</Texture>
      <Location>
        <X>0</X>
        <Y>0</Y>
      </Location>
      <Size>
        <CX>256</CX>
        <CY>256</CY>
      </Size>
      <Hotspot>
        <X>0</X>
        <Y>0</Y>
      </Hotspot>
      <Duration>1000</Duration>
    </Frames>
    <Frames>
      <Texture>Spells06.tga</Texture>
      <Location>
        <X>0</X>
        <Y>0</Y>
      </Location>
      <Size>
        <CX>256</CX>
        <CY>256</CY>
      </Size>
      <Hotspot>
        <X>0</X>
        <Y>0</Y>
      </Hotspot>
      <Duration>1000</Duration>
    </Frames>
    <Frames>
      <Texture>Spells07.tga</Texture>
      <Location>
        <X>0</X>
        <Y>0</Y>
      </Location>
      <Size>
        <CX>256</CX>
        <CY>256</CY>
      </Size>
      <Hotspot>
        <X>0</X>
        <Y>0</Y>
      </Hotspot>
      <Duration>1000</Duration>
    </Frames>
  </Ui2DAnimation>
  <Ui2DAnimation item="PetBlueIconBackground">
    <Cycle>true</Cycle>
    <Frames>
      <Texture>window_pieces06.tga</Texture>
      <Location>
        <X>208</X>
        <Y>200</Y>
      </Location>
      <Size>
        <CX>8</CX>
        <CY>8</CY>
      </Size>
      <Hotspot>
        <X>0</X>
        <Y>0</Y>
      </Hotspot>
      <Duration>1000</Duration>
    </Frames>
  </Ui2DAnimation>
  <Ui2DAnimation item="PetRedIconBackground">
    <Cycle>true</Cycle>
    <Frames>
      <Texture>window_pieces06.tga</Texture>
      <Location>
        <X>200</X>
        <Y>200</Y>
      </Location>
      <Size>
        <CX>8</CX>
        <CY>8</CY>
      </Size>
      <Hotspot>
        <X>0</X>
        <Y>0</Y>
      </Hotspot>
      <Duration>1000</Duration>
    </Frames>
  </Ui2DAnimation>
  <Button item="PIW_AttackButton">
    <ScreenID>AttackButton</ScreenID>
    <!--<Font>3</Font>-->
    <RelativePosition>true</RelativePosition>
    <Location>
      <X>2</X>
      <Y>28</Y>
    </Location>
    <Size>
      <CX>108</CX>
      <CY>20</CY>
    </Size>
    <Style_VScroll>false</Style_VScroll>
    <Style_HScroll>false</Style_HScroll>
    <Style_Transparent>false</Style_Transparent>
    <TooltipReference>Pet Attack</TooltipReference>
    <Style_Checkbox>false</Style_Checkbox>
    <!--<RadioGroup/>-->
    <Text>Attack</Text>
    <TextColor>
      <R>7</R>
      <G>7</G>
      <B>7</B>
    </TextColor>
    <ButtonDrawTemplate>
      <Normal>A_BtnNormal</Normal>
      <Pressed>A_BtnPressed</Pressed>
      <Flyby>A_BtnFlyby</Flyby>
      <Disabled>A_BtnDisabled</Disabled>
      <PressedFlyby>A_BtnPressedFlyby</PressedFlyby>
    </ButtonDrawTemplate>
  </Button>
  <Button item="PIW_FollowButton">
    <ScreenID>FollowButton</ScreenID>
    <!--<Font>3</Font>-->
    <RelativePosition>true</RelativePosition>
    <Location>
      <X>2</X>
      <Y>50</Y>
    </Location>
    <Size>
      <CX>54</CX>
      <CY>20</CY>
    </Size>
    <Style_VScroll>false</Style_VScroll>
    <Style_HScroll>false</Style_HScroll>
    <Style_Transparent>false</Style_Transparent>
    <TooltipReference>Pet Follow Me</TooltipReference>
    <Style_Checkbox>false</Style_Checkbox>
    <!--<RadioGroup/>-->
    <Text>Follow</Text>
    <TextColor>
      <R>7</R>
      <G>7</G>
      <B>7</B>
    </TextColor>
    <ButtonDrawTemplate>
      <Normal>A_BtnNormal</Normal>
      <Pressed>A_BtnPressed</Pressed>
      <Flyby>A_BtnFlyby</Flyby>
      <Disabled>A_BtnDisabled</Disabled>
      <PressedFlyby>A_BtnPressedFlyby</PressedFlyby>
    </ButtonDrawTemplate>
  </Button>
  <Button item="PIW_TauntButton">
    <ScreenID>TauntButton</ScreenID>
    <!--<Font>3</Font>-->
    <RelativePosition>true</RelativePosition>
    <Location>
      <X>56</X>
      <Y>50</Y>
    </Location>
    <Size>
      <CX>54</CX>
      <CY>20</CY>
    </Size>
    <Style_VScroll>false</Style_VScroll>
    <Style_HScroll>false</Style_HScroll>
    <Style_Transparent>false</Style_Transparent>
    <TooltipReference>Pet Taunt</TooltipReference>
    <Style_Checkbox>false</Style_Checkbox>
    <!--<RadioGroup/>-->
    <Text>Taunt</Text>
    <TextColor>
      <R>7</R>
      <G>7</G>
      <B>7</B>
    </TextColor>
    <ButtonDrawTemplate>
      <Normal>A_BtnNormal</Normal>
      <Pressed>A_BtnPressed</Pressed>
      <Flyby>A_BtnFlyby</Flyby>
      <Disabled>A_BtnDisabled</Disabled>
      <PressedFlyby>A_BtnPressedFlyby</PressedFlyby>
    </ButtonDrawTemplate>
  </Button>
  <Button item="PIW_GuardButton">
    <ScreenID>GuardButton</ScreenID>
    <!--<Font>3</Font>-->
    <RelativePosition>true</RelativePosition>
    <Location>
      <X>2</X>
      <Y>74</Y>
    </Location>
    <Size>
      <CX>54</CX>
      <CY>20</CY>
    </Size>
    <Style_VScroll>false</Style_VScroll>
    <Style_HScroll>false</Style_HScroll>
    <Style_Transparent>false</Style_Transparent>
    <TooltipReference>Pet Guard Here</TooltipReference>
    <Style_Checkbox>false</Style_Checkbox>
    <!--<RadioGroup/>-->
    <Text>Guard</Text>
    <TextColor>
      <R>7</R>
      <G>7</G>
      <B>7</B>
    </TextColor>
    <ButtonDrawTemplate>
      <Normal>A_BtnNormal</Normal>
      <Pressed>A_BtnPressed</Pressed>
      <Flyby>A_BtnFlyby</Flyby>
      <Disabled>A_BtnDisabled</Disabled>
      <PressedFlyby>A_BtnPressedFlyby</PressedFlyby>
    </ButtonDrawTemplate>
  </Button>
  <Button item="PIW_SitButton">
    <ScreenID>SitButton</ScreenID>
    <!--<Font>3</Font>-->
    <RelativePosition>true</RelativePosition>
    <Location>
      <X>56</X>
      <Y>74</Y>
    </Location>
    <Size>
      <CX>54</CX>
      <CY>20</CY>
    </Size>
    <Style_VScroll>false</Style_VScroll>
    <Style_HScroll>false</Style_HScroll>
    <Style_Transparent>false</Style_Transparent>
    <TooltipReference>Pet Sit Down</TooltipReference>
    <Style_Checkbox>false</Style_Checkbox>
    <!--<RadioGroup/>-->
    <Text>Sit</Text>
    <TextColor>
      <R>7</R>
      <G>7</G>
      <B>7</B>
    </TextColor>
    <ButtonDrawTemplate>
      <Normal>A_BtnNormal</Normal>
      <Pressed>A_BtnPressed</Pressed>
      <Flyby>A_BtnFlyby</Flyby>
      <Disabled>A_BtnDisabled</Disabled>
      <PressedFlyby>A_BtnPressedFlyby</PressedFlyby>
    </ButtonDrawTemplate>
  </Button>
  <!-- The stand button will ignore its own size/location and always be under the sit button (for smooth toggling) -->
  <Button item="PIW_StandButton">
    <ScreenID>StandButton</ScreenID>
    <!--<Font>3</Font>-->
    <RelativePosition>true</RelativePosition>
    <Location>
      <X>56</X>
      <Y>74</Y>
    </Location>
    <Size>
      <CX>54</CX>
      <CY>20</CY>
    </Size>
    <Style_VScroll>false</Style_VScroll>
    <Style_HScroll>false</Style_HScroll>
    <Style_Transparent>false</Style_Transparent>
    <TooltipReference>Pet Stand Up</TooltipReference>
    <Style_Checkbox>false</Style_Checkbox>
    <!--<RadioGroup/>-->
    <Text>Stand</Text>
    <TextColor>
      <R>7</R>
      <G>7</G>
      <B>7</B>
    </TextColor>
    <ButtonDrawTemplate>
      <Normal>A_BtnNormal</Normal>
      <Pressed>A_BtnPressed</Pressed>
      <Flyby>A_BtnFlyby</Flyby>
      <Disabled>A_BtnDisabled</Disabled>
      <PressedFlyby>A_BtnPressedFlyby</PressedFlyby>
    </ButtonDrawTemplate>
  </Button>
  <Button item="PIW_BackButton">
    <ScreenID>BackButton</ScreenID>
    <!--<Font>3</Font>-->
    <RelativePosition>true</RelativePosition>
    <Location>
      <X>2</X>
      <Y>96</Y>
    </Location>
    <Size>
      <CX>54</CX>
      <CY>20</CY>
    </Size>
    <Style_VScroll>false</Style_VScroll>
    <Style_HScroll>false</Style_HScroll>
    <Style_Transparent>false</Style_Transparent>
    <TooltipReference>Pet Back Off</TooltipReference>
    <Style_Checkbox>false</Style_Checkbox>
    <!--<RadioGroup/>-->
    <Text>Back</Text>
    <TextColor>
      <R>7</R>
      <G>7</G>
      <B>7</B>
    </TextColor>
    <ButtonDrawTemplate>
      <Normal>A_BtnNormal</Normal>
      <Pressed>A_BtnPressed</Pressed>
      <Flyby>A_BtnFlyby</Flyby>
      <Disabled>A_BtnDisabled</Disabled>
      <PressedFlyby>A_BtnPressedFlyby</PressedFlyby>
    </ButtonDrawTemplate>
  </Button>
  <Button item="PIW_LostButton">
    <ScreenID>LostButton</ScreenID>
    <!--<Font>3</Font>-->
    <RelativePosition>true</RelativePosition>
    <Location>
      <X>56</X>
      <Y>96</Y>
    </Location>
    <Size>
      <CX>54</CX>
      <CY>20</CY>
    </Size>
    <Style_VScroll>false</Style_VScroll>
    <Style_HScroll>false</Style_HScroll>
    <Style_Transparent>false</Style_Transparent>
    <TooltipReference>Pet Get Lost</TooltipReference>
    <Style_Checkbox>false</Style_Checkbox>
    <!--<RadioGroup/>-->
    <Text>Go Away</Text>
    <TextColor>
      <R>7</R>
      <G>7</G>
      <B>7</B>
    </TextColor>
    <ButtonDrawTemplate>
      <Normal>A_BtnNormal</Normal>
      <Pressed>A_BtnPressed</Pressed>
      <Flyby>A_BtnFlyby</Flyby>
      <Disabled>A_BtnDisabled</Disabled>
      <PressedFlyby>A_BtnPressedFlyby</PressedFlyby>
    </ButtonDrawTemplate>
  </Button>
  <Gauge item="PIW_PetHPGauge">
    <ScreenID>PetHPGauge</ScreenID>
    <!--<Font>3</Font>-->
    <RelativePosition>true</RelativePosition>
    <Location>
      <X>2</X>
      <Y>0</Y>
    </Location>
    <Size>
      <CX>108</CX>
      <CY>24</CY>
    </Size>
    <GaugeOffsetY>14</GaugeOffsetY>
    <GaugeOffsetX>4</GaugeOffsetX>
    <Text>No Pet</Text>
    <TextOffsetY>0</TextOffsetY>
    <TextOffsetX>5</TextOffsetX>
    <TextColor>
      <R>240</R>
      <G>240</G>
      <B>240</B>
    </TextColor>
    <Style_VScroll>false</Style_VScroll>
    <Style_HScroll>false</Style_HScroll>
    <Style_Transparent>false</Style_Transparent>
    <!--<TooltipReference/>-->
    <FillTint>
      <R>240</R>
      <G>0</G>
      <B>0</B>
    </FillTint>
    <LinesFillTint>
      <R>0</R>
      <G>0</G>
      <B>0</B>
    </LinesFillTint>
    <DrawLinesFill>false</DrawLinesFill>
    <EQType>16</EQType>
    <GaugeDrawTemplate>
      <Background>A_GaugeBackground</Background>
      <Fill>A_GaugeFill</Fill>
      <Lines>A_GaugeLines</Lines>
      <LinesFill>A_GaugeLinesFill</LinesFill>
      <!--<EndCapLeft>A_GaugeEndCapLeft</EndCapLeft>
			<EndCapRight>A_GaugeEndCapRight</EndCapRight>-->
    </GaugeDrawTemplate>
  </Gauge>
  <Label item="PIW_Pet_HPLabel">
    <ScreenID>PIW_PetHPLabel</ScreenID>
    <Font>1</Font>
    <EQType>69</EQType>
    <RelativePosition>true</RelativePosition>
    <Location>
      <X>40</X>
      <Y>3</Y>
    </Location>
    <Size>
      <CX>60</CX>
      <CY>12</CY>
    </Size>
    <Text>Playername123456</Text>
    <TextColor>
      <R>255</R>
      <G>255</G>
      <B>255</B>
    </TextColor>
    <NoWrap>true</NoWrap>
    <AlignCenter>false</AlignCenter>
    <AlignRight>true</AlignRight>
  </Label>
  <Label item="PIW_Pet_HPPercLabel">
    <ScreenID>PIW_PetHPPercLabel</ScreenID>
    <Font>1</Font>
    <RelativePosition>true</RelativePosition>
    <Location>
      <X>100</X>
      <Y>3</Y>
    </Location>
    <Size>
      <CX>16</CX>
      <CY>12</CY>
    </Size>
    <Text>%</Text>
    <TextColor>
      <R>255</R>
      <G>255</G>
      <B>255</B>
    </TextColor>
    <NoWrap>true</NoWrap>
    <AlignCenter>false</AlignCenter>
    <AlignRight>false</AlignRight>
  </Label>
  <Button item="PIW_PetBuff0_Button">
    <ScreenID>PetBuff0</ScreenID>
  </Button>
  <Button item="PIW_PetBuff1_Button">
    <ScreenID>PetBuff1</ScreenID>
  </Button>
  <Button item="PIW_PetBuff2_Button">
    <ScreenID>PetBuff2</ScreenID>
  </Button>
  <Button item="PIW_PetBuff3_Button">
    <ScreenID>PetBuff3</ScreenID>
  </Button>
  <Button item="PIW_PetBuff4_Button">
    <ScreenID>PetBuff4</ScreenID>
  </Button>
  <Button item="PIW_PetBuff5_Button">
    <ScreenID>PetBuff5</ScreenID>
  </Button>
  <Button item="PIW_PetBuff6_Button">
    <ScreenID>PetBuff6</ScreenID>
  </Button>
  <Button item="PIW_PetBuff7_Button">
    <ScreenID>PetBuff7</ScreenID>
  </Button>
  <Button item="PIW_PetBuff8_Button">
    <ScreenID>PetBuff8</ScreenID>
  </Button>
  <Button item="PIW_PetBuff9_Button">
    <ScreenID>PetBuff9</ScreenID>
  </Button>
  <Button item="PIW_PetBuff10_Button">
    <ScreenID>PetBuff10</ScreenID>
  </Button>
  <Button item="PIW_PetBuff11_Button">
    <ScreenID>PetBuff11</ScreenID>
  </Button>
  <Button item="PIW_PetBuff12_Button">
    <ScreenID>PetBuff12</ScreenID>
  </Button>
  <Button item="PIW_PetBuff13_Button">
    <ScreenID>PetBuff13</ScreenID>
  </Button>
  <Button item="PIW_PetBuff14_Button">
    <ScreenID>PetBuff14</ScreenID>
  </Button>
  <Button item="PIW_PetBuff15_Button">
    <ScreenID>PetBuff15</ScreenID>
  </Button>
  <Button item="PIW_PetBuff16_Button">
    <ScreenID>PetBuff16</ScreenID>
  </Button>
  <Button item="PIW_PetBuff17_Button">
    <ScreenID>PetBuff17</ScreenID>
  </Button>
  <Button item="PIW_PetBuff18_Button">
    <ScreenID>PetBuff18</ScreenID>
  </Button>
  <Button item="PIW_PetBuff19_Button">
    <ScreenID>PetBuff19</ScreenID>
  </Button>
  <Button item="PIW_PetBuff20_Button">
    <ScreenID>PetBuff20</ScreenID>
  </Button>
  <Button item="PIW_PetBuff21_Button">
    <ScreenID>PetBuff21</ScreenID>
  </Button>
  <Button item="PIW_PetBuff22_Button">
    <ScreenID>PetBuff22</ScreenID>
  </Button>
  <Button item="PIW_PetBuff23_Button">
    <ScreenID>PetBuff23</ScreenID>
  </Button>
  <Button item="PIW_PetBuff24_Button">
    <ScreenID>PetBuff24</ScreenID>
  </Button>
  <Button item="PIW_PetBuff25_Button">
    <ScreenID>PetBuff25</ScreenID>
  </Button>
  <Button item="PIW_PetBuff26_Button">
    <ScreenID>PetBuff26</ScreenID>
  </Button>
  <Button item="PIW_PetBuff27_Button">
    <ScreenID>PetBuff27</ScreenID>
  </Button>
  <Button item="PIW_PetBuff28_Button">
    <ScreenID>PetBuff28</ScreenID>
  </Button>
  <Button item="PIW_PetBuff29_Button">
    <ScreenID>PetBuff29</ScreenID>
  </Button>
  <Screen item="PIW_BuffWindow">
    <ScreenID>BuffWindow</ScreenID>
    <RelativePosition>true</RelativePosition>
    <AutoStretch>true</AutoStretch>
    <Location>
      <X>-5000</X>
      <Y>0</Y>
    </Location>
    <Size>
      <CX>0</CX>
      <CY>0</CY>
    </Size>
    <Style_VScroll>false</Style_VScroll>
    <Style_HScroll>false</Style_HScroll>
    <Style_Transparent>true</Style_Transparent>
    <DrawTemplate>WDT_Inner</DrawTemplate>
    <Style_Titlebar>false</Style_Titlebar>
    <Style_Closebox>false</Style_Closebox>
    <Style_Minimizebox>false</Style_Minimizebox>
    <Style_Border>true</Style_Border>
    <Style_Sizable>false</Style_Sizable>
    <Pieces>PIW_PetBuff0_Button</Pieces>
    <Pieces>PIW_PetBuff1_Button</Pieces>
    <Pieces>PIW_PetBuff2_Button</Pieces>
    <Pieces>PIW_PetBuff3_Button</Pieces>
    <Pieces>PIW_PetBuff4_Button</Pieces>
    <Pieces>PIW_PetBuff5_Button</Pieces>
    <Pieces>PIW_PetBuff6_Button</Pieces>
    <Pieces>PIW_PetBuff7_Button</Pieces>
    <Pieces>PIW_PetBuff8_Button</Pieces>
    <Pieces>PIW_PetBuff9_Button</Pieces>
    <Pieces>PIW_PetBuff10_Button</Pieces>
    <Pieces>PIW_PetBuff11_Button</Pieces>
    <Pieces>PIW_PetBuff12_Button</Pieces>
    <Pieces>PIW_PetBuff13_Button</Pieces>
    <Pieces>PIW_PetBuff14_Button</Pieces>
    <Pieces>PIW_PetBuff15_Button</Pieces>
    <Pieces>PIW_PetBuff16_Button</Pieces>
    <Pieces>PIW_PetBuff17_Button</Pieces>
    <Pieces>PIW_PetBuff18_Button</Pieces>
    <Pieces>PIW_PetBuff19_Button</Pieces>
    <Pieces>PIW_PetBuff20_Button</Pieces>
    <Pieces>PIW_PetBuff21_Button</Pieces>
    <Pieces>PIW_PetBuff22_Button</Pieces>
    <Pieces>PIW_PetBuff23_Button</Pieces>
    <Pieces>PIW_PetBuff24_Button</Pieces>
    <Pieces>PIW_PetBuff25_Button</Pieces>
    <Pieces>PIW_PetBuff26_Button</Pieces>
    <Pieces>PIW_PetBuff27_Button</Pieces>
    <Pieces>PIW_PetBuff28_Button</Pieces>
    <Pieces>PIW_PetBuff29_Button</Pieces>
  </Screen>
  <Screen item="PetInfoWindow">
    <!--<ScreenID/>-->
    <RelativePosition>false</RelativePosition>
    <Location>
      <X>50</X>
      <Y>160</Y>
    </Location>
    <Size>
      <CX>120</CX>
      <CY>125</CY>
    </Size>
    <Style_VScroll>false</Style_VScroll>
    <Style_HScroll>false</Style_HScroll>
    <Style_Transparent>false</Style_Transparent>
    <!--<TooltipReference/>-->
    <Text>Pet Info</Text>
    <DrawTemplate>WDT_RoundedNoTitle</DrawTemplate>
    <Style_Titlebar>false</Style_Titlebar>
    <Style_Closebox>true</Style_Closebox>
    <Style_Minimizebox>true</Style_Minimizebox>
    <Style_Border>true</Style_Border>
    <Style_Sizable>false</Style_Sizable>
    <Pieces>PIW_BuffWindow</Pieces>
    <Pieces>PIW_AttackButton</Pieces>
    <Pieces>PIW_LostButton</Pieces>
    <Pieces>PIW_BackButton</Pieces>
    <Pieces>PIW_GuardButton</Pieces>
    <Pieces>PIW_FollowButton</Pieces>
    <Pieces>PIW_TauntButton</Pieces>
    <Pieces>PIW_SitButton</Pieces>
    <Pieces>PIW_StandButton</Pieces>
    <Pieces>PIW_PetHPGauge</Pieces>
    <!--<Pieces>PIW_Pet_HPLabel</Pieces>
		<Pieces>PIW_Pet_HPPercLabel</Pieces>-->
  </Screen>
</XML>