<?xml version="1.0" encoding="us-ascii"?>
<XML ID="EQInterfaceDefinitionLanguage">
  <Schema xmlns="EverQuestData" xmlns:dt="EverQuestDataTypes" />
  <Label item="MW_MerchantName">
    <ScreenID>MW_MerchantName</ScreenID>
    <!--<Font>3</Font>-->
    <RelativePosition>true</RelativePosition>
    <AutoStretch>true</AutoStretch>
    <TopAnchorToTop>true</TopAnchorToTop>
    <BottomAnchorToTop>false</BottomAnchorToTop>
    <LeftAnchorToLeft>true</LeftAnchorToLeft>
    <RightAnchorToLeft>false</RightAnchorToLeft>
    <LeftAnchorOffset>4</LeftAnchorOffset>
    <TopAnchorOffset>4</TopAnchorOffset>
    <RightAnchorOffset>4</RightAnchorOffset>
    <BottomAnchorOffset>24</BottomAnchorOffset>
    <Text>Bob the Merchant</Text>
    <TextColor>
      <R>255</R>
      <G>255</G>
      <B>255</B>
    </TextColor>
    <NoWrap>false</NoWrap>
    <AlignCenter>true</AlignCenter>
    <AlignRight>false</AlignRight>
  </Label>
  <Listbox item="MW_ItemList">
    <ScreenID>ItemList</ScreenID>
    <DrawTemplate>WDT_Inner</DrawTemplate>
    <AutoStretch>true</AutoStretch>
    <TopAnchorToTop>true</TopAnchorToTop>
    <BottomAnchorToTop>false</BottomAnchorToTop>
    <LeftAnchorToLeft>true</LeftAnchorToLeft>
    <RightAnchorToLeft>false</RightAnchorToLeft>
    <LeftAnchorOffset>4</LeftAnchorOffset>
    <TopAnchorOffset>28</TopAnchorOffset>
    <RightAnchorOffset>4</RightAnchorOffset>
    <BottomAnchorOffset>50</BottomAnchorOffset>
    <TextColor>
      <R>7</R>
      <G>7</G>
      <B>7</B>
    </TextColor>
    <Style_Border>true</Style_Border>
    <Style_VScroll>true</Style_VScroll>
    <Columns>
      <Width>24</Width>
      <Heading />
    </Columns>
    <Columns>
      <Width>500</Width>
      <Heading>Item Name</Heading>
    </Columns>
    <Columns>

    </Columns>
    <Columns>

    </Columns>
    <Columns>

    </Columns>
    <Columns>

    </Columns>
    <Columns>

    </Columns>
  </Listbox>
  <Button item="MW_SelectedItem">
    <ScreenID>MW_SelectedItem</ScreenID>
    <!--<Font>3</Font>-->
    <RelativePosition>true</RelativePosition>
    <AutoStretch>true</AutoStretch>
    <TopAnchorToTop>false</TopAnchorToTop>
    <BottomAnchorToTop>false</BottomAnchorToTop>
    <LeftAnchorToLeft>true</LeftAnchorToLeft>
    <RightAnchorToLeft>true</RightAnchorToLeft>
    <LeftAnchorOffset>84</LeftAnchorOffset>
    <TopAnchorOffset>46</TopAnchorOffset>
    <RightAnchorOffset>126</RightAnchorOffset>
    <BottomAnchorOffset>4</BottomAnchorOffset>
    <Style_Transparent>false</Style_Transparent>
    <Style_Checkbox>false</Style_Checkbox>
    <ButtonDrawTemplate>
      <Normal>A_RecessedBox</Normal>
      <NormalDecal>A_DragItem</NormalDecal>
    </ButtonDrawTemplate>
    <DecalOffset>
      <X>2</X>
      <Y>2</Y>
    </DecalOffset>
    <DecalSize>
      <CX>40</CX>
      <CY>40</CY>
    </DecalSize>
  </Button>
  <Label item="MW_SelectedItemLabel">
    <ScreenID>MW_SelectedItemLabel</ScreenID>
    <!--<Font>3</Font>-->
    <RelativePosition>true</RelativePosition>
    <AutoStretch>true</AutoStretch>
    <TopAnchorToTop>false</TopAnchorToTop>
    <BottomAnchorToTop>false</BottomAnchorToTop>
    <LeftAnchorToLeft>true</LeftAnchorToLeft>
    <RightAnchorToLeft>false</RightAnchorToLeft>
    <LeftAnchorOffset>130</LeftAnchorOffset>
    <TopAnchorOffset>44</TopAnchorOffset>
    <RightAnchorOffset>90</RightAnchorOffset>
    <BottomAnchorOffset>28</BottomAnchorOffset>
    <Text>Item Being Considered</Text>
    <TextColor>
      <R>255</R>
      <G>255</G>
      <B>255</B>
    </TextColor>
    <NoWrap>false</NoWrap>
    <AlignCenter>false</AlignCenter>
    <AlignRight>false</AlignRight>
  </Label>
  <Label item="MW_SelectedPriceLabel">
    <ScreenID>MW_SelectedPriceLabel</ScreenID>
    <!--<Font>3</Font>-->
    <RelativePosition>true</RelativePosition>
    <AutoStretch>true</AutoStretch>
    <TopAnchorToTop>false</TopAnchorToTop>
    <BottomAnchorToTop>false</BottomAnchorToTop>
    <LeftAnchorToLeft>true</LeftAnchorToLeft>
    <RightAnchorToLeft>false</RightAnchorToLeft>
    <LeftAnchorOffset>130</LeftAnchorOffset>
    <TopAnchorOffset>26</TopAnchorOffset>
    <RightAnchorOffset>90</RightAnchorOffset>
    <BottomAnchorOffset>6</BottomAnchorOffset>
    <Text>Price</Text>
    <TextColor>
      <R>255</R>
      <G>255</G>
      <B>255</B>
    </TextColor>
    <NoWrap>false</NoWrap>
    <AlignCenter>false</AlignCenter>
    <AlignRight>false</AlignRight>
  </Label>
  <Ui2DAnimation item="Jib_MerchBuyNormal">
    <Cycle>true</Cycle>
    <Frames>
      <Texture>classic_backgrounds03.png</Texture>
      <Location>
        <X>119</X>
        <Y>327</Y>
      </Location>
      <Size>
        <CX>61</CX>
        <CY>28</CY>
      </Size>
      <Hotspot>
        <X>0</X>
        <Y>0</Y>
      </Hotspot>
      <Duration>1000</Duration>
    </Frames>
  </Ui2DAnimation>
  <Ui2DAnimation item="Jib_MerchBuyPressed">
    <Cycle>true</Cycle>
    <Frames>
      <Texture>classic_backgrounds03.png</Texture>
      <Location>
        <X>119</X>
        <Y>355</Y>
      </Location>
      <Size>
        <CX>61</CX>
        <CY>28</CY>
      </Size>
      <Hotspot>
        <X>0</X>
        <Y>0</Y>
      </Hotspot>
      <Duration>1000</Duration>
    </Frames>
  </Ui2DAnimation>
  <Button item="MW_Buy_Button">
    <ScreenID>MW_Buy_Button</ScreenID>
    <!--<Font>3</Font>-->
    <RelativePosition>true</RelativePosition>
    <AutoStretch>true</AutoStretch>
    <TopAnchorToTop>false</TopAnchorToTop>
    <BottomAnchorToTop>false</BottomAnchorToTop>
    <LeftAnchorToLeft>true</LeftAnchorToLeft>
    <RightAnchorToLeft>true</RightAnchorToLeft>
    <LeftAnchorOffset>10</LeftAnchorOffset>
    <TopAnchorOffset>34</TopAnchorOffset>
    <RightAnchorOffset>74</RightAnchorOffset>
    <BottomAnchorOffset>6</BottomAnchorOffset>
    <Style_Transparent>false</Style_Transparent>
    <TooltipReference>Click here to buy the selected item</TooltipReference>
    <Style_Checkbox>false</Style_Checkbox>
    <ButtonDrawTemplate>
      <Normal>Jib_MerchBuyNormal</Normal>
      <Pressed>Jib_MerchBuyPressed</Pressed>
      <Flyby>Jib_MerchBuyNormal</Flyby>
      <Disabled>Jib_MerchBuyPressed</Disabled>
      <PressedFlyby>Jib_MerchBuyPressed</PressedFlyby>
    </ButtonDrawTemplate>
  </Button>
  <!-- START: Jibartiks Merchant Done  -->
  <Ui2DAnimation item="Jib_MerchDoneNormal">
    <Cycle>true</Cycle>
    <Frames>
      <Texture>classic_backgrounds03.png</Texture>
      <Location>
        <X>119</X>
        <Y>269</Y>
      </Location>
      <Size>
        <CX>61</CX>
        <CY>28</CY>
      </Size>
      <Hotspot>
        <X>0</X>
        <Y>0</Y>
      </Hotspot>
      <Duration>1000</Duration>
    </Frames>
  </Ui2DAnimation>
  <Ui2DAnimation item="Jib_MerchDonePressed">
    <Cycle>true</Cycle>
    <Frames>
      <Texture>classic_backgrounds03.png</Texture>
      <Location>
        <X>119</X>
        <Y>298</Y>
      </Location>
      <Size>
        <CX>61</CX>
        <CY>28</CY>
      </Size>
      <Hotspot>
        <X>0</X>
        <Y>0</Y>
      </Hotspot>
      <Duration>1000</Duration>
    </Frames>
  </Ui2DAnimation>
  <Button item="MW_Done_Button">
    <ScreenID>MW_Done_Button</ScreenID>
    <!--<Font>3</Font>-->
    <RelativePosition>true</RelativePosition>
    <AutoStretch>true</AutoStretch>
    <TopAnchorToTop>false</TopAnchorToTop>
    <BottomAnchorToTop>false</BottomAnchorToTop>
    <LeftAnchorToLeft>false</LeftAnchorToLeft>
    <RightAnchorToLeft>false</RightAnchorToLeft>
    <LeftAnchorOffset>69</LeftAnchorOffset>
    <TopAnchorOffset>34</TopAnchorOffset>
    <RightAnchorOffset>8</RightAnchorOffset>
    <BottomAnchorOffset>6</BottomAnchorOffset>
    <Style_Transparent>false</Style_Transparent>
    <TooltipReference>Click here to close the merchant window</TooltipReference>
    <Style_Checkbox>false</Style_Checkbox>
    <ButtonDrawTemplate>
      <Normal>Jib_MerchDoneNormal</Normal>
      <Pressed>Jib_MerchDonePressed</Pressed>
      <Flyby>Jib_MerchDoneNormal</Flyby>
      <Disabled>Jib_MerchDonePressed</Disabled>
      <PressedFlyby>Jib_MerchDonePressed</PressedFlyby>
    </ButtonDrawTemplate>
  </Button>
  <Ui2DAnimation item="Jib_MerchSellNormal">
    <Cycle>true</Cycle>
    <Frames>
      <Texture>classic_backgrounds03.png</Texture>
      <Location>
        <X>119</X>
        <Y>385</Y>
      </Location>
      <Size>
        <CX>60</CX>
        <CY>28</CY>
      </Size>
      <Hotspot>
        <X>0</X>
        <Y>0</Y>
      </Hotspot>
      <Duration>1000</Duration>
    </Frames>
  </Ui2DAnimation>
  <Ui2DAnimation item="Jib_MerchSellPressed">
    <Cycle>true</Cycle>
    <Frames>
      <Texture>classic_backgrounds03.png</Texture>
      <Location>
        <X>119</X>
        <Y>414</Y>
      </Location>
      <Size>
        <CX>60</CX>
        <CY>28</CY>
      </Size>
      <Hotspot>
        <X>0</X>
        <Y>0</Y>
      </Hotspot>
      <Duration>1000</Duration>
    </Frames>
  </Ui2DAnimation>
  <Button item="MW_Sell_Button">
    <ScreenID>MW_Sell_Button</ScreenID>
    <!--<Font>3</Font>-->
    <RelativePosition>true</RelativePosition>
    <AutoStretch>true</AutoStretch>
    <TopAnchorToTop>false</TopAnchorToTop>
    <BottomAnchorToTop>false</BottomAnchorToTop>
    <LeftAnchorToLeft>true</LeftAnchorToLeft>
    <RightAnchorToLeft>true</RightAnchorToLeft>
    <LeftAnchorOffset>10</LeftAnchorOffset>
    <TopAnchorOffset>34</TopAnchorOffset>
    <RightAnchorOffset>74</RightAnchorOffset>
    <BottomAnchorOffset>6</BottomAnchorOffset>
    <Style_Transparent>false</Style_Transparent>
    <TooltipReference>Click here to sell the selected item</TooltipReference>
    <Style_Checkbox>false</Style_Checkbox>
    <ButtonDrawTemplate>
      <Normal>Jib_MerchSellNormal</Normal>
      <Pressed>Jib_MerchSellPressed</Pressed>
      <Flyby>Jib_MerchSellNormal</Flyby>
      <Disabled>Jib_MerchSellPressed</Disabled>
      <PressedFlyby>Jib_MerchSellPressed</PressedFlyby>
    </ButtonDrawTemplate>
  </Button>
  <Button item="MW_DoneButton">
    <ScreenID>DoneButton</ScreenID>
    <RelativePosition>true</RelativePosition>
    <AutoStretch>true</AutoStretch>
    <LeftAnchorOffset>5</LeftAnchorOffset>
    <TopAnchorOffset>27</TopAnchorOffset>
    <RightAnchorOffset>115</RightAnchorOffset>
    <BottomAnchorOffset>2</BottomAnchorOffset>
    <TopAnchorToTop>false</TopAnchorToTop>
    <BottomAnchorToTop>false</BottomAnchorToTop>
    <Style_Transparent>false</Style_Transparent>
    <!--<TooltipReference/>-->
    <Style_Checkbox>false</Style_Checkbox>
    <Text>Done</Text>
    <TextColor>
      <R>7</R>
      <G>7</G>
      <B>7</B>
    </TextColor>
    <ButtonDrawTemplate>
      <Normal>A_SmallBtnNormal</Normal>
      <Pressed>A_SmallBtnPressed</Pressed>
      <Flyby>A_SmallBtnFlyby</Flyby>
      <Disabled>A_SmallBtnDisabled</Disabled>
      <PressedFlyby>A_SmallBtnPressedFlyby</PressedFlyby>
    </ButtonDrawTemplate>
  </Button>
  <Screen item="MerchantWnd">
    <RelativePosition>false</RelativePosition>
    <Location>
      <X>0</X>
      <Y>25</Y>
    </Location>
    <Size>
      <CX>374</CX>
      <CY>480</CY>
    </Size>
    <Style_Transparent>false</Style_Transparent>
    <DrawTemplate>WDT_RoundedNoTitle</DrawTemplate>
    <Style_Titlebar>true</Style_Titlebar>
    <Style_Closebox>false</Style_Closebox>
    <Style_Minimizebox>false</Style_Minimizebox>
    <Style_Border>true</Style_Border>
    <Style_Sizable>true</Style_Sizable>
    <Pieces>MW_MerchantName</Pieces>
    <Pieces>MW_ItemList</Pieces>
    <Pieces>MW_SelectedItemLabel</Pieces>
    <Pieces>MW_SelectedPriceLabel</Pieces>
    <Pieces>MW_SelectedItem</Pieces>
    <Pieces>MW_Buy_Button</Pieces>
    <Pieces>MW_Sell_Button</Pieces>
    <Pieces>MW_Done_Button</Pieces>
  </Screen>
</XML>