<?xml version="1.0" encoding="us-ascii"?>
<XML ID="EQInterfaceDefinitionLanguage">
  <Schema xmlns="EverQuestData" xmlns:dt="EverQuestDataTypes" />
  <Label item="BZR_SearchResultLabel">
    <ScreenID>BZR_SearchResultLabel</ScreenID>
    <!--<Font>3</Font>-->
    <RelativePosition>true</RelativePosition>
    <Location>
      <X>147</X>
      <Y>5</Y>
    </Location>
    <Size>
      <CX>100</CX>
      <CY>15</CY>
    </Size>
    <Text>Search Result</Text>
    <TextColor>
      <R>255</R>
      <G>255</G>
      <B>255</B>
    </TextColor>
    <NoWrap>true</NoWrap>
    <AlignCenter>false</AlignCenter>
    <AlignRight>false</AlignRight>
  </Label>
  <Listbox item="BZR_ItemList">
    <ScreenID>BZR_ItemList</ScreenID>
    <DrawTemplate>WDT_Inner</DrawTemplate>
    <TooltipReference>Right click an item name to inspect the item. Right click on the player name to locate them.</TooltipReference>
    <AutoStretch>true</AutoStretch>
    <LeftAnchorOffset>145</LeftAnchorOffset>
    <TopAnchorOffset>20</TopAnchorOffset>
    <RightAnchorOffset>5</RightAnchorOffset>
    <BottomAnchorOffset>28</BottomAnchorOffset>
    <TopAnchorToTop>true</TopAnchorToTop>
    <BottomAnchorToTop>false</BottomAnchorToTop>
    <LeftAnchorToLeft>true</LeftAnchorToLeft>
    <RightAnchorToLeft>false</RightAnchorToLeft>
    <Location>
      <X>145</X>
      <Y>20</Y>
    </Location>
    <Size>
      <CX>340</CX>
      <CY>272</CY>
    </Size>
    <TextColor>
      <R>255</R>
      <G>255</G>
      <B>255</B>
    </TextColor>
    <Style_Border>true</Style_Border>
    <Style_VScroll>true</Style_VScroll>
    <Columns>
      <Width>125</Width>
      <Heading>Item Name</Heading>
    </Columns>
    <Columns>
      <Width>75</Width>
      <Heading>Price</Heading>
    </Columns>
    <Columns>
      <Width>80</Width>
      <Heading>Seller</Heading>
    </Columns>
    <Columns>
      <Width>80</Width>
      <Heading>Stat</Heading>
    </Columns>
  </Listbox>
  <Button item="BZR_Default">
    <ScreenID>BZR_Default</ScreenID>
    <!--<Font>3</Font>-->
    <RelativePosition>true</RelativePosition>
    <TooltipReference>Resets search criteria to default.</TooltipReference>
    <Location>
      <X>90</X>
      <Y>5</Y>
    </Location>
    <Size>
      <CX>40</CX>
      <CY>18</CY>
    </Size>
    <Text>Reset</Text>
    <TextColor>
      <R>255</R>
      <G>255</G>
      <B>255</B>
    </TextColor>
    <ButtonDrawTemplate>
      <Normal>A_BtnNormal</Normal>
      <Pressed>A_BtnPressed</Pressed>
      <Flyby>A_BtnFlyby</Flyby>
      <Disabled>A_BtnDisabled</Disabled>
      <PressedFlyby>A_BtnPressedFlyby</PressedFlyby>
    </ButtonDrawTemplate>
    <!--<SoundPressed/>-->
    <!--<SoundUp/>-->
    <!--<SoundFlyby/>-->
  </Button>
  <Button item="BZR_WelcomeButton">
    <ScreenID>BZR_WelcomeButton</ScreenID>
    <!--<Font>3</Font>-->
    <RelativePosition>true</RelativePosition>
    <TooltipReference>Press to get the current number of traders and items for sale.</TooltipReference>
    <AutoStretch>true</AutoStretch>
    <LeftAnchorOffset>155</LeftAnchorOffset>
    <TopAnchorOffset>24</TopAnchorOffset>
    <RightAnchorOffset>245</RightAnchorOffset>
    <BottomAnchorOffset>4</BottomAnchorOffset>
    <TopAnchorToTop>false</TopAnchorToTop>
    <BottomAnchorToTop>false</BottomAnchorToTop>
    <LeftAnchorToLeft>true</LeftAnchorToLeft>
    <RightAnchorToLeft>true</RightAnchorToLeft>
    <Text>Welcome</Text>
    <TextColor>
      <R>255</R>
      <G>255</G>
      <B>255</B>
    </TextColor>
    <ButtonDrawTemplate>
      <Normal>A_BtnNormal</Normal>
      <Pressed>A_BtnPressed</Pressed>
      <Flyby>A_BtnFlyby</Flyby>
      <Disabled>A_BtnDisabled</Disabled>
      <PressedFlyby>A_BtnPressedFlyby</PressedFlyby>
    </ButtonDrawTemplate>
    <!--<SoundPressed/>-->
    <!--<SoundUp/>-->
    <!--<SoundFlyby/>-->
  </Button>
  <Button item="BZR_UpdatePlayerButton">
    <ScreenID>BZR_UpdatePlayerButton</ScreenID>
    <!--<Font>3</Font>-->
    <RelativePosition>true</RelativePosition>
    <TooltipReference>Press this button when enabled to update the trader search drop down list.</TooltipReference>
    <AutoStretch>true</AutoStretch>
    <LeftAnchorOffset>250</LeftAnchorOffset>
    <TopAnchorOffset>24</TopAnchorOffset>
    <RightAnchorOffset>340</RightAnchorOffset>
    <BottomAnchorOffset>4</BottomAnchorOffset>
    <TopAnchorToTop>false</TopAnchorToTop>
    <BottomAnchorToTop>false</BottomAnchorToTop>
    <LeftAnchorToLeft>true</LeftAnchorToLeft>
    <RightAnchorToLeft>true</RightAnchorToLeft>
    <Text>Update Traders</Text>
    <TextColor>
      <R>255</R>
      <G>255</G>
      <B>255</B>
    </TextColor>
    <ButtonDrawTemplate>
      <Normal>A_BtnNormal</Normal>
      <Pressed>A_BtnPressed</Pressed>
      <Flyby>A_BtnFlyby</Flyby>
      <Disabled>A_BtnDisabled</Disabled>
      <PressedFlyby>A_BtnPressedFlyby</PressedFlyby>
    </ButtonDrawTemplate>
    <!--<SoundPressed/>-->
    <!--<SoundUp/>-->
    <!--<SoundFlyby/>-->
  </Button>
  <Button item="BZR_RequestItemButton">
    <ScreenID>BZR_RequestItemButton</ScreenID>
    <!--<Font>3</Font>-->
    <RelativePosition>true</RelativePosition>
    <TooltipReference>Press to inspect the selected item.</TooltipReference>
    <AutoStretch>true</AutoStretch>
    <LeftAnchorOffset>345</LeftAnchorOffset>
    <TopAnchorOffset>24</TopAnchorOffset>
    <RightAnchorOffset>435</RightAnchorOffset>
    <BottomAnchorOffset>4</BottomAnchorOffset>
    <TopAnchorToTop>false</TopAnchorToTop>
    <BottomAnchorToTop>false</BottomAnchorToTop>
    <LeftAnchorToLeft>true</LeftAnchorToLeft>
    <RightAnchorToLeft>true</RightAnchorToLeft>
    <Text>Inspect Item</Text>
    <TextColor>
      <R>255</R>
      <G>255</G>
      <B>255</B>
    </TextColor>
    <ButtonDrawTemplate>
      <Normal>A_BtnNormal</Normal>
      <Pressed>A_BtnPressed</Pressed>
      <Flyby>A_BtnFlyby</Flyby>
      <Disabled>A_BtnDisabled</Disabled>
      <PressedFlyby>A_BtnPressedFlyby</PressedFlyby>
    </ButtonDrawTemplate>
    <!--<SoundPressed/>-->
    <!--<SoundUp/>-->
    <!--<SoundFlyby/>-->
  </Button>
  <Button item="BZR_FindTraderButton">
    <ScreenID>BZR_FindTraderButton</ScreenID>
    <!--<Font>3</Font>-->
    <RelativePosition>true</RelativePosition>
    <TooltipReference>Create a path from you to the selected trader.</TooltipReference>
    <AutoStretch>true</AutoStretch>
    <LeftAnchorOffset>440</LeftAnchorOffset>
    <TopAnchorOffset>24</TopAnchorOffset>
    <RightAnchorOffset>530</RightAnchorOffset>
    <BottomAnchorOffset>4</BottomAnchorOffset>
    <TopAnchorToTop>false</TopAnchorToTop>
    <BottomAnchorToTop>false</BottomAnchorToTop>
    <LeftAnchorToLeft>true</LeftAnchorToLeft>
    <RightAnchorToLeft>true</RightAnchorToLeft>
    <Text>Find Trader</Text>
    <TextColor>
      <R>255</R>
      <G>255</G>
      <B>255</B>
    </TextColor>
    <ButtonDrawTemplate>
      <Normal>A_BtnNormal</Normal>
      <Pressed>A_BtnPressed</Pressed>
      <Flyby>A_BtnFlyby</Flyby>
      <Disabled>A_BtnDisabled</Disabled>
      <PressedFlyby>A_BtnPressedFlyby</PressedFlyby>
    </ButtonDrawTemplate>
    <!--<SoundPressed/>-->
    <!--<SoundUp/>-->
    <!--<SoundFlyby/>-->
  </Button>
  <Button item="BZR_HideTradersButton">
    <ScreenID>BZR_HideTradersButton</ScreenID>
    <!--<Font>3</Font>-->
    <RelativePosition>true</RelativePosition>
    <TooltipReference>Hides all traders (makes them invisible to you).</TooltipReference>
    <AutoStretch>true</AutoStretch>
    <LeftAnchorOffset>535</LeftAnchorOffset>
    <TopAnchorOffset>24</TopAnchorOffset>
    <RightAnchorOffset>625</RightAnchorOffset>
    <BottomAnchorOffset>4</BottomAnchorOffset>
    <TopAnchorToTop>false</TopAnchorToTop>
    <BottomAnchorToTop>false</BottomAnchorToTop>
    <LeftAnchorToLeft>true</LeftAnchorToLeft>
    <RightAnchorToLeft>true</RightAnchorToLeft>
    <Style_Checkbox>true</Style_Checkbox>
    <Text>Hide All Traders</Text>
    <TextColor>
      <R>255</R>
      <G>255</G>
      <B>255</B>
    </TextColor>
    <ButtonDrawTemplate>
      <Normal>A_BtnNormal</Normal>
      <Pressed>A_BtnPressed</Pressed>
      <Flyby>A_BtnFlyby</Flyby>
      <Disabled>A_BtnDisabled</Disabled>
      <PressedFlyby>A_BtnPressedFlyby</PressedFlyby>
    </ButtonDrawTemplate>
    <!--<SoundPressed/>-->
    <!--<SoundUp/>-->
    <!--<SoundFlyby/>-->
  </Button>
  <Button item="BZR_QueryButton">
    <ScreenID>BZR_QueryButton</ScreenID>
    <!--<Font>3</Font>-->
    <RelativePosition>true</RelativePosition>
    <TooltipReference>Search the Bazaar for a list of items that match your search criteria.</TooltipReference>
    <Location>
      <X>28</X>
      <Y>385</Y>
    </Location>
    <Size>
      <CX>78</CX>
      <CY>20</CY>
    </Size>
    <Text>Find Items</Text>
    <TextColor>
      <R>255</R>
      <G>255</G>
      <B>255</B>
    </TextColor>
    <ButtonDrawTemplate>
      <Normal>A_BtnNormal</Normal>
      <Pressed>A_BtnPressed</Pressed>
      <Flyby>A_BtnFlyby</Flyby>
      <Disabled>A_BtnDisabled</Disabled>
      <PressedFlyby>A_BtnPressedFlyby</PressedFlyby>
    </ButtonDrawTemplate>
    <!--<SoundPressed/>-->
    <!--<SoundUp/>-->
    <!--<SoundFlyby/>-->
  </Button>
  <Label item="BZR_ItemNameLabel">
    <ScreenID>BZR_ItemNameLabel</ScreenID>
    <!--<Font>3</Font>-->
    <RelativePosition>true</RelativePosition>
    <Location>
      <X>5</X>
      <Y>5</Y>
    </Location>
    <Size>
      <CX>65</CX>
      <CY>15</CY>
    </Size>
    <Text>Item Name</Text>
    <TextColor>
      <R>255</R>
      <G>255</G>
      <B>255</B>
    </TextColor>
    <NoWrap>true</NoWrap>
    <AlignCenter>false</AlignCenter>
    <AlignRight>false</AlignRight>
  </Label>
  <Editbox item="BZR_ItemNameInput">
    <ScreenID>BZR_ItemNameInput</ScreenID>
    <DrawTemplate>WDT_Inner</DrawTemplate>
    <RelativePosition>true</RelativePosition>
    <TooltipReference>Search by partial item name.</TooltipReference>
    <Style_Border>true</Style_Border>
    <Location>
      <X>5</X>
      <Y>20</Y>
    </Location>
    <Size>
      <CX>130</CX>
      <CY>20</CY>
    </Size>
    <TextColor>
      <R>255</R>
      <G>255</G>
      <B>255</B>
    </TextColor>
  </Editbox>
  <Label item="BZR_PlayersLabel">
    <ScreenID>BZR_PlayersLabel</ScreenID>
    <!--<Font>3</Font>-->
    <RelativePosition>true</RelativePosition>
    <Location>
      <X>5</X>
      <Y>42</Y>
    </Location>
    <Size>
      <CX>130</CX>
      <CY>15</CY>
    </Size>
    <Text>Traders</Text>
    <TextColor>
      <R>255</R>
      <G>255</G>
      <B>255</B>
    </TextColor>
    <NoWrap>true</NoWrap>
    <AlignCenter>false</AlignCenter>
    <AlignRight>false</AlignRight>
  </Label>
  <Editbox item="BZR_MaxLevelInput">
    <ScreenID>BZR_MaxLevelInput</ScreenID>
    <DrawTemplate>WDT_Inner</DrawTemplate>
    <RelativePosition>true</RelativePosition>
    <TooltipReference>Enter a level for which items having a recommended or required level above it should not show.</TooltipReference>
    <Style_Border>true</Style_Border>
    <Location>
      <X>75</X>
      <Y>316</Y>
    </Location>
    <Size>
      <CX>62</CX>
      <CY>20</CY>
    </Size>
    <TextColor>
      <R>255</R>
      <G>255</G>
      <B>255</B>
    </TextColor>
  </Editbox>
  <Editbox item="BZR_MinLevelInput">
    <ScreenID>BZR_MinLevelInput</ScreenID>
    <DrawTemplate>WDT_Inner</DrawTemplate>
    <RelativePosition>true</RelativePosition>
    <TooltipReference>Enter a level for which items having a recommended or required level below it should not show.</TooltipReference>
    <Style_Border>true</Style_Border>
    <Location>
      <X>5</X>
      <Y>316</Y>
    </Location>
    <Size>
      <CX>62</CX>
      <CY>20</CY>
    </Size>
    <TextColor>
      <R>255</R>
      <G>255</G>
      <B>255</B>
    </TextColor>
  </Editbox>
  <Label item="BZR_MaxLevelLabel">
    <ScreenID>BZR_MaxLevelLabel</ScreenID>
    <!--<Font>3</Font>-->
    <RelativePosition>true</RelativePosition>
    <Location>
      <X>75</X>
      <Y>298</Y>
    </Location>
    <Size>
      <CX>130</CX>
      <CY>15</CY>
    </Size>
    <Text>Max Level</Text>
    <TextColor>
      <R>255</R>
      <G>255</G>
      <B>255</B>
    </TextColor>
    <NoWrap>true</NoWrap>
    <AlignCenter>false</AlignCenter>
    <AlignRight>false</AlignRight>
  </Label>
  <Label item="BZR_MinLevelLabel">
    <ScreenID>BZR_MinLevelLabel</ScreenID>
    <!--<Font>3</Font>-->
    <RelativePosition>true</RelativePosition>
    <Location>
      <X>5</X>
      <Y>298</Y>
    </Location>
    <Size>
      <CX>130</CX>
      <CY>15</CY>
    </Size>
    <Text>Min Level</Text>
    <TextColor>
      <R>255</R>
      <G>255</G>
      <B>255</B>
    </TextColor>
    <NoWrap>true</NoWrap>
    <AlignCenter>false</AlignCenter>
    <AlignRight>false</AlignRight>
  </Label>
  <Editbox item="BZR_MaxPriceInput">
    <ScreenID>BZR_MaxPriceInput</ScreenID>
    <DrawTemplate>WDT_Inner</DrawTemplate>
    <RelativePosition>true</RelativePosition>
    <TooltipReference>Enter a price in platinum that is greater than the value in the Min Price edit window.</TooltipReference>
    <Style_Border>true</Style_Border>
    <Location>
      <X>75</X>
      <Y>358</Y>
    </Location>
    <Size>
      <CX>62</CX>
      <CY>20</CY>
    </Size>
    <TextColor>
      <R>255</R>
      <G>255</G>
      <B>255</B>
    </TextColor>
  </Editbox>
  <Editbox item="BZR_MinPriceInput">
    <ScreenID>BZR_MinPriceInput</ScreenID>
    <DrawTemplate>WDT_Inner</DrawTemplate>
    <RelativePosition>true</RelativePosition>
    <TooltipReference>Enter a price in platinum that is less than the value in the Max Price edit window.</TooltipReference>
    <Style_Border>true</Style_Border>
    <Location>
      <X>5</X>
      <Y>358</Y>
    </Location>
    <Size>
      <CX>62</CX>
      <CY>20</CY>
    </Size>
    <TextColor>
      <R>255</R>
      <G>255</G>
      <B>255</B>
    </TextColor>
  </Editbox>
  <Label item="BZR_MaxPriceLabel">
    <ScreenID>BZR_MaxPriceLabel</ScreenID>
    <!--<Font>3</Font>-->
    <RelativePosition>true</RelativePosition>
    <Location>
      <X>75</X>
      <Y>340</Y>
    </Location>
    <Size>
      <CX>130</CX>
      <CY>15</CY>
    </Size>
    <Text>Max Price</Text>
    <TextColor>
      <R>255</R>
      <G>255</G>
      <B>255</B>
    </TextColor>
    <NoWrap>true</NoWrap>
    <AlignCenter>false</AlignCenter>
    <AlignRight>false</AlignRight>
  </Label>
  <Label item="BZR_MinPriceLabel">
    <ScreenID>BZR_MinPriceLabel</ScreenID>
    <!--<Font>3</Font>-->
    <RelativePosition>true</RelativePosition>
    <Location>
      <X>5</X>
      <Y>340</Y>
    </Location>
    <Size>
      <CX>130</CX>
      <CY>15</CY>
    </Size>
    <Text>Min Price</Text>
    <TextColor>
      <R>255</R>
      <G>255</G>
      <B>255</B>
    </TextColor>
    <NoWrap>true</NoWrap>
    <AlignCenter>false</AlignCenter>
    <AlignRight>false</AlignRight>
  </Label>
  <Combobox item="BZR_PlayersCombobox">
    <ScreenID>BZR_PlayersCombobox</ScreenID>
    <DrawTemplate>WDT_Inner</DrawTemplate>
    <TooltipReference>List all items for sale by selected player.</TooltipReference>
    <Location>
      <X>5</X>
      <Y>57</Y>
    </Location>
    <Size>
      <CX>130</CX>
      <CY>25</CY>
    </Size>
    <TextColor>
      <R>255</R>
      <G>255</G>
      <B>255</B>
    </TextColor>
    <ListHeight>80</ListHeight>
    <Button>BDT_Combo</Button>
    <Style_Border>true</Style_Border>
  </Combobox>
  <Label item="BZR_ItemSlotLabel">
    <ScreenID>BZR_ItemSlotLabel</ScreenID>
    <!--<Font>3</Font>-->
    <RelativePosition>true</RelativePosition>
    <Location>
      <X>5</X>
      <Y>84</Y>
    </Location>
    <Size>
      <CX>130</CX>
      <CY>15</CY>
    </Size>
    <Text>Select By Slot</Text>
    <TextColor>
      <R>255</R>
      <G>255</G>
      <B>255</B>
    </TextColor>
    <NoWrap>true</NoWrap>
    <AlignCenter>false</AlignCenter>
    <AlignRight>false</AlignRight>
  </Label>
  <Combobox item="BZR_ItemSlotCombobox">
    <ScreenID>BZR_ItemSlotCombobox</ScreenID>
    <DrawTemplate>WDT_Inner</DrawTemplate>
    <TooltipReference>List all items that can be used in this slot.</TooltipReference>
    <Location>
      <X>5</X>
      <Y>99</Y>
    </Location>
    <Size>
      <CX>130</CX>
      <CY>25</CY>
    </Size>
    <TextColor>
      <R>255</R>
      <G>255</G>
      <B>255</B>
    </TextColor>
    <ListHeight>80</ListHeight>
    <Button>BDT_Combo</Button>
    <Style_Border>true</Style_Border>
  </Combobox>
  <Label item="BZR_StatSlotLabel">
    <ScreenID>BZR_StatSlotLabel</ScreenID>
    <!--<Font>3</Font>-->
    <RelativePosition>true</RelativePosition>
    <Location>
      <X>5</X>
      <Y>126</Y>
    </Location>
    <Size>
      <CX>130</CX>
      <CY>15</CY>
    </Size>
    <Text>Select By Stat</Text>
    <TextColor>
      <R>255</R>
      <G>255</G>
      <B>255</B>
    </TextColor>
    <NoWrap>true</NoWrap>
    <AlignCenter>false</AlignCenter>
    <AlignRight>false</AlignRight>
  </Label>
  <Combobox item="BZR_StatSlotCombobox">
    <ScreenID>BZR_StatSlotCombobox</ScreenID>
    <DrawTemplate>WDT_Inner</DrawTemplate>
    <TooltipReference>List all items that have this statistic.</TooltipReference>
    <Location>
      <X>5</X>
      <Y>141</Y>
    </Location>
    <Size>
      <CX>130</CX>
      <CY>25</CY>
    </Size>
    <TextColor>
      <R>255</R>
      <G>255</G>
      <B>255</B>
    </TextColor>
    <ListHeight>80</ListHeight>
    <Button>BDT_Combo</Button>
    <Style_Border>true</Style_Border>
  </Combobox>
  <Label item="BZR_RaceSlotLabel">
    <ScreenID>BZR_RaceSlotLabel</ScreenID>
    <!--<Font>3</Font>-->
    <RelativePosition>true</RelativePosition>
    <Location>
      <X>5</X>
      <Y>168</Y>
    </Location>
    <Size>
      <CX>130</CX>
      <CY>15</CY>
    </Size>
    <Text>Select By Race</Text>
    <TextColor>
      <R>255</R>
      <G>255</G>
      <B>255</B>
    </TextColor>
    <NoWrap>true</NoWrap>
    <AlignCenter>false</AlignCenter>
    <AlignRight>false</AlignRight>
  </Label>
  <Combobox item="BZR_RaceSlotCombobox">
    <ScreenID>BZR_RaceSlotCombobox</ScreenID>
    <DrawTemplate>WDT_Inner</DrawTemplate>
    <TooltipReference>List all items that can be worn by this race.</TooltipReference>
    <Location>
      <X>5</X>
      <Y>183</Y>
    </Location>
    <Size>
      <CX>130</CX>
      <CY>25</CY>
    </Size>
    <TextColor>
      <R>255</R>
      <G>255</G>
      <B>255</B>
    </TextColor>
    <ListHeight>80</ListHeight>
    <Button>BDT_Combo</Button>
    <Style_Border>true</Style_Border>
  </Combobox>
  <Label item="BZR_ClassSlotLabel">
    <ScreenID>BZR_ClassSlotLabel</ScreenID>
    <!--<Font>3</Font>-->
    <RelativePosition>true</RelativePosition>
    <Location>
      <X>5</X>
      <Y>210</Y>
    </Location>
    <Size>
      <CX>130</CX>
      <CY>15</CY>
    </Size>
    <Text>Select By Class</Text>
    <TextColor>
      <R>255</R>
      <G>255</G>
      <B>255</B>
    </TextColor>
    <NoWrap>true</NoWrap>
    <AlignCenter>false</AlignCenter>
    <AlignRight>false</AlignRight>
  </Label>
  <Combobox item="BZR_ClassSlotCombobox">
    <ScreenID>BZR_ClassSlotCombobox</ScreenID>
    <DrawTemplate>WDT_Inner</DrawTemplate>
    <TooltipReference>List all items that can be worn by this class.</TooltipReference>
    <Location>
      <X>5</X>
      <Y>225</Y>
    </Location>
    <Size>
      <CX>130</CX>
      <CY>25</CY>
    </Size>
    <TextColor>
      <R>255</R>
      <G>255</G>
      <B>255</B>
    </TextColor>
    <ListHeight>80</ListHeight>
    <Button>BDT_Combo</Button>
    <Style_Border>true</Style_Border>
  </Combobox>
  <Label item="BZR_ItemTypeLabel">
    <ScreenID>BZR_ItemTypeLabel</ScreenID>
    <!--<Font>3</Font>-->
    <RelativePosition>true</RelativePosition>
    <Location>
      <X>5</X>
      <Y>252</Y>
    </Location>
    <Size>
      <CX>130</CX>
      <CY>15</CY>
    </Size>
    <Text>Select By Type</Text>
    <TextColor>
      <R>255</R>
      <G>255</G>
      <B>255</B>
    </TextColor>
    <NoWrap>true</NoWrap>
    <AlignCenter>false</AlignCenter>
    <AlignRight>false</AlignRight>
  </Label>
  <Combobox item="BZR_ItemTypeCombobox">
    <ScreenID>BZR_ItemTypeCombobox</ScreenID>
    <DrawTemplate>WDT_Inner</DrawTemplate>
    <TooltipReference>List all items of this type.</TooltipReference>
    <Location>
      <X>5</X>
      <Y>267</Y>
    </Location>
    <Size>
      <CX>130</CX>
      <CY>25</CY>
    </Size>
    <TextColor>
      <R>255</R>
      <G>255</G>
      <B>255</B>
    </TextColor>
    <ListHeight>80</ListHeight>
    <Button>BDT_Combo</Button>
    <Style_Border>true</Style_Border>
  </Combobox>
  <Screen item="BazaarSearchWnd">
    <ScreenID />
    <RelativePosition>false</RelativePosition>
    <Location>
      <X>100</X>
      <Y>50</Y>
    </Location>
    <Size>
      <CX>515</CX>
      <CY>400</CY>
    </Size>
    <Text>Bazaar Search Window</Text>
    <Style_Transparent>false</Style_Transparent>
    <!--<TooltipReference/>-->
    <DrawTemplate>WDT_Def</DrawTemplate>
    <Style_Titlebar>true</Style_Titlebar>
    <Style_Closebox>true</Style_Closebox>
    <Style_Minimizebox>true</Style_Minimizebox>
    <Style_Border>true</Style_Border>
    <Style_Sizable>true</Style_Sizable>
    <Pieces>BZR_MaxPriceInput</Pieces>
    <Pieces>BZR_MinPriceInput</Pieces>
    <Pieces>BZR_MaxPriceLabel</Pieces>
    <Pieces>BZR_MinPriceLabel</Pieces>
    <Pieces>BZR_MaxLevelInput</Pieces>
    <Pieces>BZR_MinLevelInput</Pieces>
    <Pieces>BZR_MaxLevelLabel</Pieces>
    <Pieces>BZR_MinLevelLabel</Pieces>
    <Pieces>BZR_ItemNameInput</Pieces>
    <Pieces>BZR_QueryButton</Pieces>
    <Pieces>BZR_ItemNameLabel</Pieces>
    <Pieces>BZR_PlayersLabel</Pieces>
    <Pieces>BZR_ItemSlotLabel</Pieces>
    <Pieces>BZR_StatSlotLabel</Pieces>
    <Pieces>BZR_RaceSlotLabel</Pieces>
    <Pieces>BZR_ClassSlotLabel</Pieces>
    <Pieces>BZR_ItemTypeLabel</Pieces>
    <Pieces>BZR_ItemTypeCombobox</Pieces>
    <Pieces>BZR_ClassSlotCombobox</Pieces>
    <Pieces>BZR_RaceSlotCombobox</Pieces>
    <Pieces>BZR_StatSlotCombobox</Pieces>
    <Pieces>BZR_ItemSlotCombobox</Pieces>
    <Pieces>BZR_PlayersCombobox</Pieces>
    <Pieces>BZR_ItemList</Pieces>
    <Pieces>BZR_SearchResultLabel</Pieces>
    <Pieces>BZR_WelcomeButton</Pieces>
    <Pieces>BZR_UpdatePlayerButton</Pieces>
    <Pieces>BZR_RequestItemButton</Pieces>
    <Pieces>BZR_FindTraderButton</Pieces>
    <Pieces>BZR_HideTradersButton</Pieces>
    <Pieces>BZR_Default</Pieces>
  </Screen>
</XML>