<?xml version="1.0" encoding="us-ascii"?>
<XML ID="EQInterfaceDefinitionLanguage">
  <Schema xmlns="EverQuestData" xmlns:dt="EverQuestDataTypes" />
  <!-- Jibartik Start: classic Character Select Button -->
  <Ui2DAnimation item="Jib_CharSelNormal">
    <Cycle>true</Cycle>
    <Frames>
      <Texture>classic_backgrounds01.tga</Texture>
      <Location>
        <X>160</X>
        <Y>44</Y>
      </Location>
      <Size>
        <CX>243</CX>
        <CY>35</CY>
      </Size>
      <Hotspot>
        <X>0</X>
        <Y>0</Y>
      </Hotspot>
      <Duration>1000</Duration>
    </Frames>
  </Ui2DAnimation>
  <Ui2DAnimation item="Jib_CharSelPressed">
    <Cycle>true</Cycle>
    <Frames>
      <Texture>classic_backgrounds01.tga</Texture>
      <Location>
        <X>160</X>
        <Y>88</Y>
      </Location>
      <Size>
        <CX>243</CX>
        <CY>35</CY>
      </Size>
      <Hotspot>
        <X>0</X>
        <Y>0</Y>
      </Hotspot>
      <Duration>1000</Duration>
    </Frames>
  </Ui2DAnimation>
  <!-- Jibartik End: classic Character Select button -->
  <!-- Jibartik Start: classic Enter World Button -->
  <Ui2DAnimation item="Jib_EnterWrorldNormal">
    <Cycle>true</Cycle>
    <Frames>
      <Texture>classic_backgrounds01.tga</Texture>
      <Location>
        <X>160</X>
        <Y>400</Y>
      </Location>
      <Size>
        <CX>87</CX>
        <CY>27</CY>
      </Size>
      <Hotspot>
        <X>0</X>
        <Y>0</Y>
      </Hotspot>
      <Duration>1000</Duration>
    </Frames>
  </Ui2DAnimation>
  <Ui2DAnimation item="Jib_EnterWrorldPressed">
    <Cycle>true</Cycle>
    <Frames>
      <Texture>classic_backgrounds01.tga</Texture>
      <Location>
        <X>164</X>
        <Y>355</Y>
      </Location>
      <Size>
        <CX>87</CX>
        <CY>27</CY>
      </Size>
      <Hotspot>
        <X>0</X>
        <Y>0</Y>
      </Hotspot>
      <Duration>1000</Duration>
    </Frames>
  </Ui2DAnimation>
  <!-- Jibartik End: classic Enter World Button -->
  <!-- Jibartik Start: classic Delete Button -->
  <Ui2DAnimation item="Jib_CharDelNormal">
    <Cycle>true</Cycle>
    <Frames>
      <Texture>classic_backgrounds01.tga</Texture>
      <Location>
        <X>280</X>
        <Y>400</Y>
      </Location>
      <Size>
        <CX>57</CX>
        <CY>28</CY>
      </Size>
      <Hotspot>
        <X>0</X>
        <Y>0</Y>
      </Hotspot>
      <Duration>1000</Duration>
    </Frames>
  </Ui2DAnimation>
  <Ui2DAnimation item="Jib_CharDelPressed">
    <Cycle>true</Cycle>
    <Frames>
      <Texture>classic_backgrounds01.tga</Texture>
      <Location>
        <X>280</X>
        <Y>354</Y>
      </Location>
      <Size>
        <CX>57</CX>
        <CY>28</CY>
      </Size>
      <Hotspot>
        <X>0</X>
        <Y>0</Y>
      </Hotspot>
      <Duration>1000</Duration>
    </Frames>
  </Ui2DAnimation>
  <!-- Jibartik End: classic Delete Button -->
  <!-- Jibartik Start: classic Quit Button -->
  <Ui2DAnimation item="Jib_CharQuitNormal">
    <Cycle>true</Cycle>
    <Frames>
      <Texture>classic_backgrounds01.tga</Texture>
      <Location>
        <X>346</X>
        <Y>400</Y>
      </Location>
      <Size>
        <CX>57</CX>
        <CY>28</CY>
      </Size>
      <Hotspot>
        <X>0</X>
        <Y>0</Y>
      </Hotspot>
      <Duration>1000</Duration>
    </Frames>
  </Ui2DAnimation>
  <Ui2DAnimation item="Jib_CharQuitPressed">
    <Cycle>true</Cycle>
    <Frames>
      <Texture>classic_backgrounds01.tga</Texture>
      <Location>
        <X>342</X>
        <Y>354</Y>
      </Location>
      <Size>
        <CX>57</CX>
        <CY>28</CY>
      </Size>
      <Hotspot>
        <X>0</X>
        <Y>0</Y>
      </Hotspot>
      <Duration>1000</Duration>
    </Frames>
  </Ui2DAnimation>
  <!-- Jibartik End: classic Quit Button -->
  <!-- Jibartik Start: classic rotate Button -->
  <Ui2DAnimation item="Jib_CharRotNormal">
    <Cycle>true</Cycle>
    <Frames>
      <Texture>classic_backgrounds01.tga</Texture>
      <Location>
        <X>409</X>
        <Y>402</Y>
      </Location>
      <Size>
        <CX>24</CX>
        <CY>24</CY>
      </Size>
      <Hotspot>
        <X>0</X>
        <Y>0</Y>
      </Hotspot>
      <Duration>1000</Duration>
    </Frames>
  </Ui2DAnimation>
  <Ui2DAnimation item="Jib_CharRotPressed">
    <Cycle>true</Cycle>
    <Frames>
      <Texture>classic_backgrounds01.tga</Texture>
      <Location>
        <X>170</X>
        <Y>312</Y>
      </Location>
      <Size>
        <CX>24</CX>
        <CY>24</CY>
      </Size>
      <Hotspot>
        <X>0</X>
        <Y>0</Y>
      </Hotspot>
      <Duration>1000</Duration>
    </Frames>
  </Ui2DAnimation>
  <!-- Jibartik End: classic Quit Button -->
  <Button item="CSW_Delete_Button">
    <ScreenID>Delete_Button</ScreenID>
    <!--<Font>3</Font>-->
    <RelativePosition>true</RelativePosition>
    <Location>
      <X>164</X>
      <Y>400</Y>
    </Location>
    <Size>
      <CX>57</CX>
      <CY>28</CY>
    </Size>
    <Style_VScroll>false</Style_VScroll>
    <Style_HScroll>false</Style_HScroll>
    <Style_Transparent>false</Style_Transparent>
    <!--<TooltipReference/>-->
    <Style_Checkbox>false</Style_Checkbox>
    <!--<RadioGroup/>-->
    <ButtonDrawTemplate>
      <Normal>Jib_CharDelNormal</Normal>
      <Pressed>Jib_CharDelPressed</Pressed>
      <Flyby>Jib_CharDelNormal</Flyby>
      <Disabled>Jib_CharDelNormal</Disabled>
      <PressedFlyby>Jib_CharDelPressed</PressedFlyby>
    </ButtonDrawTemplate>
  </Button>
  <Button item="CSW_Rotate_Button">
    <ScreenID>Rotate_Button</ScreenID>
    <!--<Font>3</Font>-->
    <RelativePosition>true</RelativePosition>
    <Location>
      <X>293</X>
      <Y>402</Y>
    </Location>
    <Size>
      <CX>24</CX>
      <CY>24</CY>
    </Size>
    <Style_VScroll>false</Style_VScroll>
    <Style_HScroll>false</Style_HScroll>
    <Style_Transparent>false</Style_Transparent>
    <!--<TooltipReference/>-->
    <Style_Checkbox>true</Style_Checkbox>
    <!--<RadioGroup/>-->
    <ButtonDrawTemplate>
      <Normal>Jib_CharRotNormal</Normal>
      <Pressed>Jib_CharRotPressed</Pressed>
      <Flyby>Jib_CharRotNormal</Flyby>
      <Disabled>Jib_CharRotNormal</Disabled>
      <PressedFlyby>Jib_CharRotPressed</PressedFlyby>
    </ButtonDrawTemplate>
  </Button>
  <Button item="CSW_Char1_Button">
    <ScreenID>Char1_Button</ScreenID>
    <!--<Font>3</Font>-->
    <RelativePosition>true</RelativePosition>
    <Location>
      <X>45</X>
      <Y>44</Y>
    </Location>
    <Size>
      <CX>243</CX>
      <CY>35</CY>
    </Size>
    <Style_VScroll>false</Style_VScroll>
    <Style_HScroll>false</Style_HScroll>
    <Style_Transparent>false</Style_Transparent>
    <!--<TooltipReference/>-->
    <Style_Checkbox>true</Style_Checkbox>
    <RadioGroup>CSW_Radios</RadioGroup>
    <Text>Create New Character</Text>
    <TextColor>
      <R>7</R>
      <G>7</G>
      <B>7</B>
    </TextColor>
    <ButtonDrawTemplate>
      <Normal>Jib_CharSelNormal</Normal>
      <Pressed>Jib_CharSelPressed</Pressed>
      <Flyby>Jib_CharSelNormal</Flyby>
      <Disabled>Jib_CharSelNormal</Disabled>
      <PressedFlyby>Jib_CharSelPressed</PressedFlyby>
    </ButtonDrawTemplate>
  </Button>
  <Button item="CSW_Char2_Button">
    <ScreenID>Char2_Button</ScreenID>
    <!--<Font>3</Font>-->
    <RelativePosition>true</RelativePosition>
    <Location>
      <X>45</X>
      <Y>88</Y>
    </Location>
    <Size>
      <CX>243</CX>
      <CY>35</CY>
    </Size>
    <Style_VScroll>false</Style_VScroll>
    <Style_HScroll>false</Style_HScroll>
    <Style_Transparent>false</Style_Transparent>
    <!--<TooltipReference/>-->
    <Style_Checkbox>true</Style_Checkbox>
    <RadioGroup>CSW_Radios</RadioGroup>
    <Text>Create New Character</Text>
    <TextColor>
      <R>7</R>
      <G>7</G>
      <B>7</B>
    </TextColor>
    <ButtonDrawTemplate>
      <Normal>Jib_CharSelNormal</Normal>
      <Pressed>Jib_CharSelPressed</Pressed>
      <Flyby>Jib_CharSelNormal</Flyby>
      <Disabled>Jib_CharSelNormal</Disabled>
      <PressedFlyby>Jib_CharSelPressed</PressedFlyby>
    </ButtonDrawTemplate>
  </Button>
  <Button item="CSW_Char3_Button">
    <ScreenID>Char3_Button</ScreenID>
    <!--<Font>3</Font>-->
    <RelativePosition>true</RelativePosition>
    <Location>
      <X>45</X>
      <Y>132</Y>
    </Location>
    <Size>
      <CX>243</CX>
      <CY>35</CY>
    </Size>
    <Style_VScroll>false</Style_VScroll>
    <Style_HScroll>false</Style_HScroll>
    <Style_Transparent>false</Style_Transparent>
    <!--<TooltipReference/>-->
    <Style_Checkbox>true</Style_Checkbox>
    <RadioGroup>CSW_Radios</RadioGroup>
    <Text>Create New Character</Text>
    <TextColor>
      <R>7</R>
      <G>7</G>
      <B>7</B>
    </TextColor>
    <ButtonDrawTemplate>
      <Normal>Jib_CharSelNormal</Normal>
      <Pressed>Jib_CharSelPressed</Pressed>
      <Flyby>Jib_CharSelNormal</Flyby>
      <Disabled>Jib_CharSelNormal</Disabled>
      <PressedFlyby>Jib_CharSelPressed</PressedFlyby>
    </ButtonDrawTemplate>
  </Button>
  <Button item="CSW_Char4_Button">
    <ScreenID>Char4_Button</ScreenID>
    <!--<Font>3</Font>-->
    <RelativePosition>true</RelativePosition>
    <Location>
      <X>45</X>
      <Y>176</Y>
    </Location>
    <Size>
      <CX>243</CX>
      <CY>35</CY>
    </Size>
    <Style_VScroll>false</Style_VScroll>
    <Style_HScroll>false</Style_HScroll>
    <Style_Transparent>false</Style_Transparent>
    <!--<TooltipReference/>-->
    <Style_Checkbox>true</Style_Checkbox>
    <RadioGroup>CSW_Radios</RadioGroup>
    <Text>Create New Character</Text>
    <TextColor>
      <R>7</R>
      <G>7</G>
      <B>7</B>
    </TextColor>
    <ButtonDrawTemplate>
      <Normal>Jib_CharSelNormal</Normal>
      <Pressed>Jib_CharSelPressed</Pressed>
      <Flyby>Jib_CharSelNormal</Flyby>
      <Disabled>Jib_CharSelNormal</Disabled>
      <PressedFlyby>Jib_CharSelPressed</PressedFlyby>
    </ButtonDrawTemplate>
  </Button>
  <Button item="CSW_Char5_Button">
    <ScreenID>Char5_Button</ScreenID>
    <!--<Font>3</Font>-->
    <RelativePosition>true</RelativePosition>
    <Location>
      <X>45</X>
      <Y>220</Y>
    </Location>
    <Size>
      <CX>243</CX>
      <CY>35</CY>
    </Size>
    <Style_VScroll>false</Style_VScroll>
    <Style_HScroll>false</Style_HScroll>
    <Style_Transparent>false</Style_Transparent>
    <!--<TooltipReference/>-->
    <Style_Checkbox>true</Style_Checkbox>
    <RadioGroup>CSW_Radios</RadioGroup>
    <Text>Create New Character</Text>
    <TextColor>
      <R>7</R>
      <G>7</G>
      <B>7</B>
    </TextColor>
    <ButtonDrawTemplate>
      <Normal>Jib_CharSelNormal</Normal>
      <Pressed>Jib_CharSelPressed</Pressed>
      <Flyby>Jib_CharSelNormal</Flyby>
      <Disabled>Jib_CharSelNormal</Disabled>
      <PressedFlyby>Jib_CharSelPressed</PressedFlyby>
    </ButtonDrawTemplate>
  </Button>
  <Button item="CSW_Char6_Button">
    <ScreenID>Char6_Button</ScreenID>
    <!--<Font>3</Font>-->
    <RelativePosition>true</RelativePosition>
    <Location>
      <X>45</X>
      <Y>263</Y>
    </Location>
    <Size>
      <CX>243</CX>
      <CY>35</CY>
    </Size>
    <Style_VScroll>false</Style_VScroll>
    <Style_HScroll>false</Style_HScroll>
    <Style_Transparent>false</Style_Transparent>
    <!--<TooltipReference/>-->
    <Style_Checkbox>true</Style_Checkbox>
    <RadioGroup>CSW_Radios</RadioGroup>
    <Text>Create New Character</Text>
    <TextColor>
      <R>7</R>
      <G>7</G>
      <B>7</B>
    </TextColor>
    <ButtonDrawTemplate>
      <Normal>Jib_CharSelNormal</Normal>
      <Pressed>Jib_CharSelPressed</Pressed>
      <Flyby>Jib_CharSelNormal</Flyby>
      <Disabled>Jib_CharSelNormal</Disabled>
      <PressedFlyby>Jib_CharSelPressed</PressedFlyby>
    </ButtonDrawTemplate>
  </Button>
  <Button item="CSW_Char7_Button">
    <ScreenID>Char7_Button</ScreenID>
    <!--<Font>3</Font>-->
    <RelativePosition>true</RelativePosition>
    <Location>
      <X>45</X>
      <Y>307</Y>
    </Location>
    <Size>
      <CX>243</CX>
      <CY>35</CY>
    </Size>
    <Style_VScroll>false</Style_VScroll>
    <Style_HScroll>false</Style_HScroll>
    <Style_Transparent>false</Style_Transparent>
    <!--<TooltipReference/>-->
    <Style_Checkbox>true</Style_Checkbox>
    <RadioGroup>CSW_Radios</RadioGroup>
    <Text>Create New Character</Text>
    <TextColor>
      <R>7</R>
      <G>7</G>
      <B>7</B>
    </TextColor>
    <ButtonDrawTemplate>
      <Normal>Jib_CharSelNormal</Normal>
      <Pressed>Jib_CharSelPressed</Pressed>
      <Flyby>Jib_CharSelNormal</Flyby>
      <Disabled>Jib_CharSelNormal</Disabled>
      <PressedFlyby>Jib_CharSelPressed</PressedFlyby>
    </ButtonDrawTemplate>
  </Button>
  <Button item="CSW_Char8_Button">
    <ScreenID>Char8_Button</ScreenID>
    <!--<Font>3</Font>-->
    <RelativePosition>true</RelativePosition>
    <Location>
      <X>45</X>
      <Y>351</Y>
    </Location>
    <Size>
      <CX>243</CX>
      <CY>35</CY>
    </Size>
    <Style_VScroll>false</Style_VScroll>
    <Style_HScroll>false</Style_HScroll>
    <Style_Transparent>false</Style_Transparent>
    <!--<TooltipReference/>-->
    <Style_Checkbox>true</Style_Checkbox>
    <RadioGroup>CSW_Radios</RadioGroup>
    <Text>Create New Character</Text>
    <TextColor>
      <R>7</R>
      <G>7</G>
      <B>7</B>
    </TextColor>
    <ButtonDrawTemplate>
      <Normal>Jib_CharSelNormal</Normal>
      <Pressed>Jib_CharSelPressed</Pressed>
      <Flyby>Jib_CharSelNormal</Flyby>
      <Disabled>Jib_CharSelNormal</Disabled>
      <PressedFlyby>Jib_CharSelPressed</PressedFlyby>
    </ButtonDrawTemplate>
  </Button>
  <Button item="CSW_Enter_World_Button">
    <ScreenID>Enter_World_Button</ScreenID>
    <!--<Font>3</Font>-->
    <RelativePosition>true</RelativePosition>
    <Location>
      <X>45</X>
      <Y>400</Y>
    </Location>
    <Size>
      <CX>87</CX>
      <CY>27</CY>
    </Size>
    <Style_VScroll>false</Style_VScroll>
    <Style_HScroll>false</Style_HScroll>
    <Style_Transparent>false</Style_Transparent>
    <!--<TooltipReference/>-->
    <Style_Checkbox>false</Style_Checkbox>
    <!--<RadioGroup/>-->
    <ButtonDrawTemplate>
      <Normal>Jib_EnterWrorldNormal</Normal>
      <Pressed>Jib_EnterWrorldPressed</Pressed>
      <Flyby>Jib_EnterWrorldNormal</Flyby>
      <Disabled>Jib_EnterWrorldNormal</Disabled>
      <PressedFlyby>Jib_EnterWrorldPressed</PressedFlyby>
    </ButtonDrawTemplate>
  </Button>
  <Button item="CSW_Go_Home_Button">
    <ScreenID>Go_Home_Button</ScreenID>
    <!--<Font>3</Font>-->
    <RelativePosition>true</RelativePosition>
    <Location>
      <X>114</X>
      <Y>400</Y>
    </Location>
    <Size>
      <CX>102</CX>
      <CY>32</CY>
    </Size>
    <Style_VScroll>false</Style_VScroll>
    <Style_HScroll>false</Style_HScroll>
    <Style_Transparent>false</Style_Transparent>
    <TooltipReference>Click here to log in this character, sending him to his home city. (Available after 6 hours offline)</TooltipReference>
    <Style_Checkbox>false</Style_Checkbox>
    <!--<RadioGroup/>-->
    <Text>Return Home</Text>
    <TextColor>
      <R>7</R>
      <G>7</G>
      <B>7</B>
    </TextColor>
    <ButtonDrawTemplate>
      <Normal>A_SmallBtnNormal</Normal>
      <Pressed>A_SmallBtnPressed</Pressed>
      <Flyby>A_BtnFlyby</Flyby>
      <Disabled>A_SmallBtnDisabled</Disabled>
      <PressedFlyby>A_SmallBtnPressedFlyby</PressedFlyby>
    </ButtonDrawTemplate>
  </Button>
  <Button item="CSW_Tutorial_Button">
    <ScreenID>Tutorial_Button</ScreenID>
    <!--<Font>3</Font>-->
    <RelativePosition>true</RelativePosition>
    <Location>
      <X>2</X>
      <Y>400</Y>
    </Location>
    <Size>
      <CX>100</CX>
      <CY>32</CY>
    </Size>
    <Style_VScroll>false</Style_VScroll>
    <Style_HScroll>false</Style_HScroll>
    <Style_Transparent>false</Style_Transparent>
    <TooltipReference>Click here to Enter the tutorial with the selected character (Level 10 and under only)</TooltipReference>
    <Style_Checkbox>false</Style_Checkbox>
    <!--<RadioGroup/>-->
    <Text>Enter Tutorial</Text>
    <TextColor>
      <R>7</R>
      <G>7</G>
      <B>7</B>
    </TextColor>
    <ButtonDrawTemplate>
      <Normal>A_SmallBtnNormal</Normal>
      <Pressed>A_SmallBtnPressed</Pressed>
      <Flyby>A_SmallBtnFlyby</Flyby>
      <Disabled>A_SmallBtnDisabled</Disabled>
      <PressedFlyby>A_SmallBtnPressedFlyby</PressedFlyby>
    </ButtonDrawTemplate>
  </Button>
  <Button item="CSW_Quit_Button">
    <ScreenID>Quit_Button</ScreenID>
    <!--<Font>3</Font>-->
    <RelativePosition>true</RelativePosition>
    <Location>
      <X>231</X>
      <Y>400</Y>
    </Location>
    <Size>
      <CX>57</CX>
      <CY>28</CY>
    </Size>
    <Style_VScroll>false</Style_VScroll>
    <Style_HScroll>false</Style_HScroll>
    <Style_Transparent>false</Style_Transparent>
    <!--<TooltipReference/>-->
    <Style_Checkbox>false</Style_Checkbox>
    <!--<RadioGroup/>-->
    <ButtonDrawTemplate>
      <Normal>Jib_CharQuitNormal</Normal>
      <Pressed>Jib_CharQuitPressed</Pressed>
      <Flyby>Jib_CharQuitNormal</Flyby>
      <Disabled>Jib_CharQuitNormal</Disabled>
      <PressedFlyby>Jib_CharQuitPressed</PressedFlyby>
    </ButtonDrawTemplate>
  </Button>
  <!-- Fansy Title Graphic -->
  <!-- Jibartik Start: This is a static aniamtion of a classic background -->
  <Ui2DAnimation item="Jib_CharSelectBackgroundTexture">
    <Cycle>true</Cycle>
    <Frames>
      <Texture>classic_backgrounds01.tga</Texture>
      <Location>
        <X>116</X>
        <!-- changes texture postion -->
        <Y>0</Y>
        <!-- changes texture postion -->
      </Location>
      <Size>
        <CX>357</CX>
        <!-- changes size of image -->
        <CY>479</CY>
        <!-- changes size of image -->
      </Size>
      <Duration>1000</Duration>
    </Frames>
  </Ui2DAnimation>
  <!-- this is the end of the pressed button -->
  <!-- Jibartik Start: This positions a static aniamtion on the ui -->
  <StaticAnimation item="Jib_CharSelectBackgroud">
    <RelativePosition>true</RelativePosition>
    <Location>
      <X>0</X>
      <!-- will move the image around -->
      <Y>0</Y>
      <!-- will move the image around -->
    </Location>
    <Size>
      <CX>357</CX>
      <!-- stretches button around -->
      <CY>479</CY>
      <!-- stretches button around -->
    </Size>
    <Animation>Jib_CharSelectBackgroundTexture</Animation>
  </StaticAnimation>
  <!-- END: place a static anaitmion -->
  <Screen item="CharacterSelectWindow">
    <!--<ScreenID/>-->
    <!--<Font/>-->
    <RelativePosition>false</RelativePosition>
    <Location>
      <X>0</X>
      <Y>20</Y>
    </Location>
    <Size>
      <CX>334</CX>
      <CY>447dc</CY>
    </Size>
    <Style_VScroll>false</Style_VScroll>
    <Style_HScroll>false</Style_HScroll>
    <Style_Transparent>false</Style_Transparent>
    <!--<TooltipReference/>-->
    <DrawTemplate>WDT_RoundedNoTitle</DrawTemplate>
    <Style_Titlebar>false</Style_Titlebar>
    <Style_Closebox>false</Style_Closebox>
    <Style_Minimizebox>false</Style_Minimizebox>
    <Style_Border>false</Style_Border>
    <Style_Sizable>false</Style_Sizable>
    <Pieces>Jib_CharSelectBackgroud</Pieces>
    <Pieces>CSW_Rotate_Button</Pieces>
    <Pieces>CSW_Tutorial_Button</Pieces>
    <Pieces>CSW_Char1_Button</Pieces>
    <Pieces>CSW_Char2_Button</Pieces>
    <Pieces>CSW_Char3_Button</Pieces>
    <Pieces>CSW_Char4_Button</Pieces>
    <Pieces>CSW_Char5_Button</Pieces>
    <Pieces>CSW_Char6_Button</Pieces>
    <Pieces>CSW_Char7_Button</Pieces>
    <Pieces>CSW_Char8_Button</Pieces>
    <Pieces>CSW_Enter_World_Button</Pieces>
    <Pieces>CSW_Go_Home_Button</Pieces>
    <Pieces>CSW_Delete_Button</Pieces>
    <Pieces>CSW_Quit_Button</Pieces>
  </Screen>
  <Label item="EXW_CharInfoLabel">
    <ScreenID>EXW_CharInfoLabel</ScreenID>
    <RelativePosition>true</RelativePosition>
    <Location>
      <X>5</X>
      <Y>2</Y>
    </Location>
    <Size>
      <CX>390</CX>
      <CY>15</CY>
    </Size>
    <TextColor>
      <R>7</R>
      <G>7</G>
      <B>7</B>
    </TextColor>
    <AlignCenter>true</AlignCenter>
  </Label>
  <Screen item="EXW_ExploreModeWindow2">
    <ScreenID>EXW_ExploreModeWindow2</ScreenID>
    <!--<Font/>-->
    <RelativePosition>false</RelativePosition>
    <Location>
      <X>0</X>
      <Y>0</Y>
    </Location>
    <Size>
      <CX>400</CX>
      <CY>25</CY>
    </Size>
    <Style_Transparent>false</Style_Transparent>
    <!--<TooltipReference/>-->
    <DrawTemplate>WDT_RoundedNoTitle</DrawTemplate>
    <Style_Titlebar>false</Style_Titlebar>
    <Style_Closebox>false</Style_Closebox>
    <Style_Minimizebox>false</Style_Minimizebox>
    <Style_Border>true</Style_Border>
    <Style_Sizable>false</Style_Sizable>
    <Pieces>EXW_CharInfoLabel</Pieces>
  </Screen>
  <Label item="EXW_InfoLabel1">
    <ScreenID>EXW_InfoLabel1</ScreenID>
    <RelativePosition>true</RelativePosition>
    <Location>
      <X>5</X>
      <Y>2</Y>
    </Location>
    <Size>
      <CX>390</CX>
      <CY>15</CY>
    </Size>
    <Text>Click on a character to select that character.</Text>
    <TextColor>
      <R>7</R>
      <G>7</G>
      <B>7</B>
    </TextColor>
    <AlignCenter>true</AlignCenter>
  </Label>
  <Label item="EXW_InfoLabel2">
    <ScreenID>EXW_InfoLabel2</ScreenID>
    <RelativePosition>true</RelativePosition>
    <Location>
      <X>5</X>
      <Y>18</Y>
    </Location>
    <Size>
      <CX>390</CX>
      <CY>15</CY>
    </Size>
    <Text>Press Enter to enter the game, or press Esc to leave explore mode.</Text>
    <TextColor>
      <R>7</R>
      <G>7</G>
      <B>7</B>
    </TextColor>
    <AlignCenter>true</AlignCenter>
  </Label>
  <Screen item="EXW_ExploreModeWindow3">
    <ScreenID>EXW_ExploreModeWindow3</ScreenID>
    <!--<Font/>-->
    <RelativePosition>false</RelativePosition>
    <Location>
      <X>0</X>
      <Y>420</Y>
    </Location>
    <Size>
      <CX>400</CX>
      <CY>40</CY>
    </Size>
    <Style_Transparent>false</Style_Transparent>
    <!--<TooltipReference/>-->
    <DrawTemplate>WDT_RoundedNoTitle</DrawTemplate>
    <Style_Titlebar>false</Style_Titlebar>
    <Style_Closebox>false</Style_Closebox>
    <Style_Minimizebox>false</Style_Minimizebox>
    <Style_Border>true</Style_Border>
    <Style_Sizable>false</Style_Sizable>
    <Pieces>EXW_InfoLabel1</Pieces>
    <Pieces>EXW_InfoLabel2</Pieces>
  </Screen>
  <Screen item="ExploreModeWindow">
    <!--<ScreenID/>-->
    <!--<Font/>-->
    <RelativePosition>false</RelativePosition>
    <Location>
      <X>0</X>
      <Y>0</Y>
    </Location>
    <Size>
      <CX>400</CX>
      <CY>20</CY>
    </Size>
    <Style_Transparent>true</Style_Transparent>
    <!--<TooltipReference/>-->
    <DrawTemplate>WDT_RoundedNoTitle</DrawTemplate>
    <Style_Titlebar>false</Style_Titlebar>
    <Style_Closebox>false</Style_Closebox>
    <Style_Minimizebox>false</Style_Minimizebox>
    <Style_Border>false</Style_Border>
    <Style_Sizable>false</Style_Sizable>
    <Pieces>EXW_ExploreModeWindow2</Pieces>
    <Pieces>EXW_ExploreModeWindow3</Pieces>
  </Screen>
</XML>