<?xml version="1.0" encoding="us-ascii"?>
<XML ID="EQInterfaceDefinitionLanguage">
  <Schema xmlns="EverQuestData" xmlns:dt="EverQuestDataTypes" />
  <Ui2DAnimation item="CW_SpellGemHolder">
    <Frames>
      <Texture>classic_pieces01.tga</Texture>
      <Location>
        <X>41</X>
        <Y>123</Y>
      </Location>
      <Size>
        <CX>36</CX>
        <CY>28</CY>
      </Size>
    </Frames>
  </Ui2DAnimation>
  <StaticAnimation item="CSWDummy">
    <ScreenID>CSWDummy</ScreenID>
    <Location>
      <X>-1</X>
      <Y>-1</Y>
    </Location>
    <Size>
      <CX>8</CX>
      <CY>8</CY>
    </Size>
    <Animation>A_CornerSquare</Animation>
  </StaticAnimation>
  <Button item="CSPW_SpellBook">
    <ScreenID>CSPW_SpellBook</ScreenID>
    <!--<Font>3</Font>-->
    <RelativePosition>true</RelativePosition>
    <Location>
      <X>9</X>
      <Y>233</Y>
    </Location>
    <Size>
      <CX>28</CX>
      <CY>25</CY>
    </Size>
    <Style_Transparent>false</Style_Transparent>
    <TooltipReference>Opens and closes Your Spellbook</TooltipReference>
    <Style_Checkbox>true</Style_Checkbox>
    <!--<RadioGroup/>-->
    <ButtonDrawTemplate>
      <Normal>Jib_BookBtnNormal</Normal>
      <Pressed>Jib_BookPressed</Pressed>
      <Flyby>Jib_BookBtnFlyBy</Flyby>
      <Disabled>Jib_BookPressed</Disabled>
      <PressedFlyby>Jib_BookPressed</PressedFlyby>
    </ButtonDrawTemplate>
  </Button>
  <SpellGem item="CSPW_Spell0">
    <ScreenID>CSPW_Spell0</ScreenID>
    <RelativePosition>true</RelativePosition>
    <Location>
      <X>9</X>
      <Y>1</Y>
    </Location>
    <Size>
      <CX>36</CX>
      <CY>28</CY>
    </Size>
    <SpellGemDrawTemplate>
      <Holder>CW_SpellGemHolder</Holder>
    </SpellGemDrawTemplate>
  </SpellGem>
  <SpellGem item="CSPW_Spell1">
    <ScreenID>CSPW_Spell1</ScreenID>
    <RelativePosition>true</RelativePosition>
    <Location>
      <X>9</X>
      <Y>30</Y>
    </Location>
    <Size>
      <CX>36</CX>
      <CY>28</CY>
    </Size>
    <SpellGemDrawTemplate>
      <Holder>CW_SpellGemHolder</Holder>
    </SpellGemDrawTemplate>
  </SpellGem>
  <SpellGem item="CSPW_Spell2">
    <ScreenID>CSPW_Spell2</ScreenID>
    <RelativePosition>true</RelativePosition>
    <Location>
      <X>9</X>
      <Y>59</Y>
    </Location>
    <Size>
      <CX>36</CX>
      <CY>28</CY>
    </Size>
    <SpellGemDrawTemplate>
      <Holder>CW_SpellGemHolder</Holder>
    </SpellGemDrawTemplate>
  </SpellGem>
  <SpellGem item="CSPW_Spell3">
    <ScreenID>CSPW_Spell3</ScreenID>
    <RelativePosition>true</RelativePosition>
    <Location>
      <X>9</X>
      <Y>88</Y>
    </Location>
    <Size>
      <CX>36</CX>
      <CY>28</CY>
    </Size>
    <SpellGemDrawTemplate>
      <Holder>CW_SpellGemHolder</Holder>
    </SpellGemDrawTemplate>
  </SpellGem>
  <SpellGem item="CSPW_Spell4">
    <ScreenID>CSPW_Spell4</ScreenID>
    <RelativePosition>true</RelativePosition>
    <Location>
      <X>9</X>
      <Y>117</Y>
    </Location>
    <Size>
      <CX>36</CX>
      <CY>28</CY>
    </Size>
    <SpellGemDrawTemplate>
      <Holder>CW_SpellGemHolder</Holder>
    </SpellGemDrawTemplate>
  </SpellGem>
  <SpellGem item="CSPW_Spell5">
    <ScreenID>CSPW_Spell5</ScreenID>
    <RelativePosition>true</RelativePosition>
    <Location>
      <X>9</X>
      <Y>146</Y>
    </Location>
    <Size>
      <CX>36</CX>
      <CY>28</CY>
    </Size>
    <SpellGemDrawTemplate>
      <Holder>CW_SpellGemHolder</Holder>
    </SpellGemDrawTemplate>
  </SpellGem>
  <SpellGem item="CSPW_Spell6">
    <ScreenID>CSPW_Spell6</ScreenID>
    <RelativePosition>true</RelativePosition>
    <Location>
      <X>9</X>
      <Y>175</Y>
    </Location>
    <Size>
      <CX>36</CX>
      <CY>28</CY>
    </Size>
    <SpellGemDrawTemplate>
      <Holder>CW_SpellGemHolder</Holder>
    </SpellGemDrawTemplate>
  </SpellGem>
  <SpellGem item="CSPW_Spell7">
    <ScreenID>CSPW_Spell7</ScreenID>
    <RelativePosition>true</RelativePosition>
    <Location>
      <X>9</X>
      <Y>204</Y>
    </Location>
    <Size>
      <CX>36</CX>
      <CY>28</CY>
    </Size>
    <SpellGemDrawTemplate>
      <Holder>CW_SpellGemHolder</Holder>
    </SpellGemDrawTemplate>
  </SpellGem>
  <SpellGem item="CSPW_Spell8">
    <ScreenID>CSPW_Spell8</ScreenID>
    <Location>
      <X>-5000</X>
      <Y>-5000</Y>
    </Location>
    <Size>
      <CX>1</CX>
      <CY>1</CY>
    </Size>
  </SpellGem>
  <Screen item="CastSpellWnd">
    <!--<ScreenID/>-->
    <!--<Font/>-->
    <RelativePosition>false</RelativePosition>
    <Location>
      <X>0</X>
      <Y>25</Y>
    </Location>
    <Size>
      <CX>54</CX>
      <CY>267</CY>
    </Size>
    <Text>Spells</Text>
    <Style_Transparent>false</Style_Transparent>
    <TooltipReference>Allows you to cast your memorized spells</TooltipReference>
    <DrawTemplate>WDT_RoundedNoTitle</DrawTemplate>
    <Style_Titlebar>false</Style_Titlebar>
    <Style_Closebox>true</Style_Closebox>
    <Style_Minimizebox>false</Style_Minimizebox>
    <Style_Border>true</Style_Border>
    <Style_Sizable>false</Style_Sizable>
    <Pieces>CSWDummy</Pieces>
    <Pieces>CSPW_Spell0</Pieces>
    <Pieces>CSPW_Spell1</Pieces>
    <Pieces>CSPW_Spell2</Pieces>
    <Pieces>CSPW_Spell3</Pieces>
    <Pieces>CSPW_Spell4</Pieces>
    <Pieces>CSPW_Spell5</Pieces>
    <Pieces>CSPW_Spell6</Pieces>
    <Pieces>CSPW_Spell7</Pieces>
    <Pieces>CSPW_Spell8</Pieces>
    <Pieces>CSPW_SpellBook</Pieces>
  </Screen>
</XML>