<?xml version="1.0" encoding="us-ascii"?>
<XML ID="EQInterfaceDefinitionLanguage">
  <Schema xmlns="EverQuestData" xmlns:dt="EverQuestDataTypes" />
  <Ui2DAnimation item="BreatheGaugeBackground">
    <Cycle>true</Cycle>
    <Frames>
      <Texture>classic_backgrounds01.png</Texture>
      <Location>
        <X>0</X>
        <Y>100</Y>
      </Location>
      <Size>
        <CX>65</CX>
        <CY>5</CY>
      </Size>
      <Hotspot>
        <X>0</X>
        <Y>0</Y>
      </Hotspot>
      <Duration>1000</Duration>
    </Frames>
  </Ui2DAnimation>
  <Ui2DAnimation item="BreatheGaugeFill">
    <Cycle>true</Cycle>
    <Frames>
      <Texture>classic_backgrounds01.png</Texture>
      <Location>
        <X>0</X>
        <Y>95</Y>
      </Location>
      <Size>
        <CX>65</CX>
        <CY>5</CY>
      </Size>
      <Hotspot>
        <X>0</X>
        <Y>0</Y>
      </Hotspot>
      <Duration>1000</Duration>
    </Frames>
  </Ui2DAnimation>
  <Ui2DAnimation item="BreatheGaugeLines">
    <Cycle>true</Cycle>
    <Frames>
      <Texture>classic_backgrounds01.png</Texture>
      <Location>
        <X>0</X>
        <Y>105</Y>
      </Location>
      <Size>
        <CX>65</CX>
        <CY>5</CY>
      </Size>
      <Hotspot>
        <X>0</X>
        <Y>0</Y>
      </Hotspot>
      <Duration>1000</Duration>
    </Frames>
  </Ui2DAnimation>
  <Ui2DAnimation item="BreatheGaugeLinesFill">
    <Cycle>true</Cycle>
    <Frames>
      <Texture>classic_backgrounds01.png</Texture>
      <Location>
        <X>0</X>
        <Y>105</Y>
      </Location>
      <Size>
        <CX>63</CX>
        <CY>5</CY>
      </Size>
      <Hotspot>
        <X>0</X>
        <Y>0</Y>
      </Hotspot>
      <Duration>1000</Duration>
    </Frames>
  </Ui2DAnimation>
  <Gauge item="BREATH_Gauge">
    <ScreenID>Gauge</ScreenID>
    <!--<Font>3</Font>-->
    <RelativePosition>true</RelativePosition>
    <Location>
      <X>26</X>
      <Y>20</Y>
    </Location>
    <Size>
      <CX>116</CX>
      <CY>8</CY>
    </Size>
    <GaugeOffsetY>0</GaugeOffsetY>
    <Style_VScroll>false</Style_VScroll>
    <Style_HScroll>false</Style_HScroll>
    <Style_Transparent>false</Style_Transparent>
    <!--<TooltipReference/>-->
    <FillTint>
      <R>0</R>
      <G>240</G>
      <B>240</B>
    </FillTint>
    <LinesFillTint>
      <R>0</R>
      <G>0</G>
      <B>0</B>
    </LinesFillTint>
    <DrawLinesFill>false</DrawLinesFill>
    <EQType>8</EQType>
    <GaugeDrawTemplate>
      <Background>BreatheGaugeBackground</Background>
      <Fill>BreatheGaugeFill</Fill>
      <Lines>BreatheGaugeLines</Lines>
      <LinesFill>BreatheGaugeLinesFill</LinesFill>
      <EndCapLeft>A_GaugeEndCapLeft</EndCapLeft>
      <EndCapRight>A_GaugeEndCapRight</EndCapRight>
    </GaugeDrawTemplate>
  </Gauge>
  <!-- Jibartik Start: This positions a static aniamtion on the ui -->
  <Ui2DAnimation item="Jib_BreatheBGTexture">
    <Cycle>true</Cycle>
    <Frames>
      <Texture>classic_backgrounds03.png</Texture>
      <Location>
        <X>119</X>
        <Y>155</Y>
      </Location>
      <Size>
        <CX>120</CX>
        <CY>56</CY>
      </Size>
      <Duration>1000</Duration>
    </Frames>
  </Ui2DAnimation>
  <StaticAnimation item="Jib_BreatheBackgroud">
    <RelativePosition>true</RelativePosition>
    <Location>
      <X>0</X>
      <!-- changes texture postion -->
      <Y>0</Y>
      <!-- changes texture postion -->
    </Location>
    <Size>
      <CX>120</CX>
      <CY>56</CY>
    </Size>
    <Animation>Jib_BreatheBGTexture</Animation>
  </StaticAnimation>
  <!-- END: place background texture anaitmion -->
  <Screen item="BreathWindow">
    <!--<ScreenID/>-->
    <!--<Font/>-->
    <RelativePosition>false</RelativePosition>
    <Location>
      <X>154</X>
      <Y>50</Y>
    </Location>
    <Size>
      <CX>120</CX>
      <CY>56</CY>
    </Size>
    <Text>Air Remaining</Text>
    <Style_VScroll>false</Style_VScroll>
    <Style_HScroll>false</Style_HScroll>
    <Style_Transparent>false</Style_Transparent>
    <TooltipReference>The Breath Meter</TooltipReference>
    <DrawTemplate>WDT_RoundedNoTitle</DrawTemplate>
    <Style_Titlebar>false</Style_Titlebar>
    <Style_Closebox>false</Style_Closebox>
    <Style_Minimizebox>false</Style_Minimizebox>
    <Style_Border>false</Style_Border>
    <Style_Sizable>false</Style_Sizable>
    <Pieces>Jib_BreatheBackgroud</Pieces>
    <Pieces>BREATH_Gauge</Pieces>
  </Screen>
</XML>