<?xml version="1.0" encoding="us-ascii"?>
<XML ID="EQInterfaceDefinitionLanguage">
  <Schema xmlns="EverQuestData" xmlns:dt="EverQuestDataTypes" />
  <Button item="BW_AddButton">
    <ScreenID>AddButton</ScreenID>
    <!--<Font>3</Font>-->
    <RelativePosition>true</RelativePosition>
    <Location>
      <X>150</X>
      <Y>5</Y>
    </Location>
    <Size>
      <CX>45</CX>
      <CY>40</CY>
    </Size>
    <!--<TooltipReference/>-->
    <Style_Checkbox>false</Style_Checkbox>
    <Text>Add</Text>
    <TextColor>
      <R>255</R>
      <G>255</G>
      <B>255</B>
    </TextColor>
    <ButtonDrawTemplate>
      <Normal>A_SquareBtnNormal</Normal>
      <Pressed>A_SquareBtnPressed</Pressed>
      <Flyby>A_SquareBtnFlyby</Flyby>
      <Disabled>A_SquareBtnDisabled</Disabled>
      <PressedFlyby>A_SquareBtnPressedFlyby</PressedFlyby>
    </ButtonDrawTemplate>
  </Button>
  <Button item="BW_DeleteButton">
    <ScreenID>DeleteButton</ScreenID>
    <!--<Font>3</Font>-->
    <RelativePosition>true</RelativePosition>
    <Location>
      <X>150</X>
      <Y>50</Y>
    </Location>
    <Size>
      <CX>45</CX>
      <CY>40</CY>
    </Size>
    <!--<TooltipReference/>-->
    <Style_Checkbox>false</Style_Checkbox>
    <Text>Delete</Text>
    <TextColor>
      <R>255</R>
      <G>255</G>
      <B>255</B>
    </TextColor>
    <ButtonDrawTemplate>
      <Normal>A_SquareBtnNormal</Normal>
      <Pressed>A_SquareBtnPressed</Pressed>
      <Flyby>A_SquareBtnFlyby</Flyby>
      <Disabled>A_SquareBtnDisabled</Disabled>
      <PressedFlyby>A_SquareBtnPressedFlyby</PressedFlyby>
    </ButtonDrawTemplate>
  </Button>
  <Button item="BW_UseButton">
    <ScreenID>UseButton</ScreenID>
    <!--<Font>3</Font>-->
    <RelativePosition>true</RelativePosition>
    <Location>
      <X>150</X>
      <Y>95</Y>
    </Location>
    <Size>
      <CX>45</CX>
      <CY>40</CY>
    </Size>
    <!--<TooltipReference/>-->
    <Style_Checkbox>false</Style_Checkbox>
    <Text>Activate</Text>
    <TextColor>
      <R>255</R>
      <G>255</G>
      <B>255</B>
    </TextColor>
    <ButtonDrawTemplate>
      <Normal>A_SquareBtnNormal</Normal>
      <Pressed>A_SquareBtnPressed</Pressed>
      <Flyby>A_SquareBtnFlyby</Flyby>
      <Disabled>A_SquareBtnDisabled</Disabled>
      <PressedFlyby>A_SquareBtnPressedFlyby</PressedFlyby>
    </ButtonDrawTemplate>
  </Button>
  <Button item="BW_MakeHotkeyButton">
    <ScreenID>MkHotButton</ScreenID>
    <!--<Font>3</Font>-->
    <RelativePosition>true</RelativePosition>
    <Location>
      <X>150</X>
      <Y>140</Y>
    </Location>
    <Size>
      <CX>45</CX>
      <CY>40</CY>
    </Size>
    <!--<TooltipReference/>-->
    <Style_Checkbox>false</Style_Checkbox>
    <Text>Hot Button</Text>
    <TextColor>
      <R>255</R>
      <G>255</G>
      <B>255</B>
    </TextColor>
    <ButtonDrawTemplate>
      <Normal>A_SquareBtnNormal</Normal>
      <Pressed>A_SquareBtnPressed</Pressed>
      <Flyby>A_SquareBtnFlyby</Flyby>
      <Disabled>A_SquareBtnDisabled</Disabled>
      <PressedFlyby>A_SquareBtnPressedFlyby</PressedFlyby>
    </ButtonDrawTemplate>
  </Button>
  <Button item="BW_AutoSwapButton">
    <ScreenID>AutoSwapButton</ScreenID>
    <!--<Font>3</Font>-->
    <RelativePosition>true</RelativePosition>
    <Location>
      <X>55</X>
      <Y>160</Y>
    </Location>
    <Size>
      <CX>100</CX>
      <CY>15</CY>
    </Size>
    <!--<TooltipReference/>-->
    <Style_Checkbox>true</Style_Checkbox>
    <Text>Auto Swap</Text>
    <TextColor>
      <R>255</R>
      <G>255</G>
      <B>255</B>
    </TextColor>
    <ButtonDrawTemplate>
      <NormalDecal>A_CheckBoxNormal</NormalDecal>
      <PressedDecal>A_CheckBoxPressed</PressedDecal>
    </ButtonDrawTemplate>
    <DecalOffset>
      <X>0</X>
      <Y>2</Y>
    </DecalOffset>
    <DecalSize>
      <CX>12</CX>
      <CY>12</CY>
    </DecalSize>
  </Button>
  <Button item="BW_DisplayButton0">
    <ScreenID>DisplayButton0</ScreenID>
    <!--<Font>3</Font>-->
    <RelativePosition>true</RelativePosition>
    <Location>
      <X>5</X>
      <Y>5</Y>
    </Location>
    <Size>
      <CX>40</CX>
      <CY>40</CY>
    </Size>
    <!--<TooltipReference/>-->
    <Style_Checkbox>false</Style_Checkbox>
    <Text />
    <TextColor>
      <R>255</R>
      <G>255</G>
      <B>255</B>
    </TextColor>
    <ButtonDrawTemplate>
      <Normal>A_InvPrimary</Normal>
    </ButtonDrawTemplate>
    <DecalOffset>
      <X>0</X>
      <Y>0</Y>
    </DecalOffset>
    <DecalSize>
      <CX>40</CX>
      <CY>40</CY>
    </DecalSize>
  </Button>
  <Button item="BW_DisplayButton1">
    <ScreenID>DisplayButton1</ScreenID>
    <!--<Font>3</Font>-->
    <RelativePosition>true</RelativePosition>
    <Location>
      <X>5</X>
      <Y>50</Y>
    </Location>
    <Size>
      <CX>40</CX>
      <CY>40</CY>
    </Size>
    <!--<TooltipReference/>-->
    <Style_Checkbox>false</Style_Checkbox>
    <Text />
    <TextColor>
      <R>255</R>
      <G>255</G>
      <B>255</B>
    </TextColor>
    <ButtonDrawTemplate>
      <Normal>A_InvSecondary</Normal>
    </ButtonDrawTemplate>
    <DecalOffset>
      <X>0</X>
      <Y>0</Y>
    </DecalOffset>
    <DecalSize>
      <CX>40</CX>
      <CY>40</CY>
    </DecalSize>
  </Button>
  <Button item="BW_DisplayButton2">
    <ScreenID>DisplayButton2</ScreenID>
    <!--<Font>3</Font>-->
    <RelativePosition>true</RelativePosition>
    <Location>
      <X>5</X>
      <Y>95</Y>
    </Location>
    <Size>
      <CX>40</CX>
      <CY>40</CY>
    </Size>
    <!--<TooltipReference/>-->
    <Style_Checkbox>false</Style_Checkbox>
    <Text />
    <TextColor>
      <R>255</R>
      <G>255</G>
      <B>255</B>
    </TextColor>
    <ButtonDrawTemplate>
      <Normal>A_InvRange</Normal>
    </ButtonDrawTemplate>
    <DecalOffset>
      <X>0</X>
      <Y>0</Y>
    </DecalOffset>
    <DecalSize>
      <CX>40</CX>
      <CY>40</CY>
    </DecalSize>
  </Button>
  <Button item="BW_DisplayButton3">
    <ScreenID>DisplayButton3</ScreenID>
    <!--<Font>3</Font>-->
    <RelativePosition>true</RelativePosition>
    <Location>
      <X>5</X>
      <Y>140</Y>
    </Location>
    <Size>
      <CX>40</CX>
      <CY>40</CY>
    </Size>
    <!--<TooltipReference/>-->
    <Style_Checkbox>false</Style_Checkbox>
    <Text />
    <TextColor>
      <R>255</R>
      <G>255</G>
      <B>255</B>
    </TextColor>
    <ButtonDrawTemplate>
      <Normal>A_InvAmmo</Normal>
    </ButtonDrawTemplate>
    <DecalOffset>
      <X>0</X>
      <Y>0</Y>
    </DecalOffset>
    <DecalSize>
      <CX>40</CX>
      <CY>40</CY>
    </DecalSize>
  </Button>
  <Listbox item="BW_WeaponSetList">
    <ScreenID>WeaponSetList</ScreenID>
    <DrawTemplate>WDT_Inner</DrawTemplate>
    <Location>
      <X>50</X>
      <Y>5</Y>
    </Location>
    <Size>
      <CX>95</CX>
      <CY>145</CY>
    </Size>
    <Columns>
      <Width>150</Width>
    </Columns>
    <Style_Border>true</Style_Border>
    <Style_VScroll>true</Style_VScroll>
  </Listbox>
  <Screen item="BandolierWnd">
    <ScreenID>BandolierWnd</ScreenID>
    <RelativePosition>false</RelativePosition>
    <Location>
      <X>196</X>
      <Y>50</Y>
    </Location>
    <Size>
      <CX>205</CX>
      <CY>210</CY>
    </Size>
    <Style_VScroll>false</Style_VScroll>
    <Style_HScroll>false</Style_HScroll>
    <Style_Transparent>false</Style_Transparent>
    <!--<TooltipReference/>-->
    <Text>Bandolier</Text>
    <DrawTemplate>WDT_Rounded</DrawTemplate>
    <Style_Titlebar>true</Style_Titlebar>
    <Style_Closebox>true</Style_Closebox>
    <Style_Minimizebox>true</Style_Minimizebox>
    <Style_Border>true</Style_Border>
    <Style_Sizable>false</Style_Sizable>
    <Pieces>BW_AddButton</Pieces>
    <Pieces>BW_DeleteButton</Pieces>
    <Pieces>BW_UseButton</Pieces>
    <Pieces>BW_MakeHotkeyButton</Pieces>
    <Pieces>BW_AutoSwapButton</Pieces>
    <Pieces>BW_DisplayButton0</Pieces>
    <Pieces>BW_DisplayButton1</Pieces>
    <Pieces>BW_DisplayButton2</Pieces>
    <Pieces>BW_DisplayButton3</Pieces>
    <Pieces>BW_WeaponSetList</Pieces>
  </Screen>
</XML>