<?xml version="1.0" encoding="us-ascii"?>
<XML ID="EQInterfaceDefinitionLanguage">
  <Schema xmlns="EverQuestData" xmlns:dt="EverQuestDataTypes" />
  <Ui2DAnimation item="PW_LineDivider">
    <Cycle>true</Cycle>
    <Frames>
      <Texture>window_pieces01.tga</Texture>
      <Location>
        <X>50</X>
        <Y>80</Y>
      </Location>
      <Size>
        <CX>10</CX>
        <CY>1</CY>
      </Size>
      <Hotspot>
        <X>0</X>
        <Y>0</Y>
      </Hotspot>
      <Duration>1000</Duration>
    </Frames>
  </Ui2DAnimation>
  <StaticAnimation item="GWDummy">
    <ScreenID>GWDummy</ScreenID>
    <Location>
      <X>-1</X>
      <Y>-1</Y>
    </Location>
    <Size>
      <CX>8</CX>
      <CY>8</CY>
    </Size>
    <Animation>A_CornerSquare</Animation>
  </StaticAnimation>
  <Gauge item="GW_Gauge1">
    <ScreenID>Gauge1</ScreenID>
    <!--<Font>3</Font>-->
    <TextColor>
      <R>240</R>
      <G>240</G>
      <B>240</B>
    </TextColor>
    <RelativePosition>true</RelativePosition>
    <Location>
      <X>3</X>
      <Y>0</Y>
    </Location>
    <Size>
      <CX>128</CX>
      <CY>24</CY>
    </Size>
    <TextOffsetX>8</TextOffsetX>
    <TextOffsetY>4</TextOffsetY>
    <GaugeOffsetX>16</GaugeOffsetX>
    <Style_VScroll>false</Style_VScroll>
    <Style_HScroll>false</Style_HScroll>
    <Style_Transparent>false</Style_Transparent>
    <!--<TooltipReference/>-->
    <FillTint>
      <R>220</R>
      <G>0</G>
      <B>0</B>
    </FillTint>
    <LinesFillTint>
      <R>220</R>
      <G>220</G>
      <B>0</B>
    </LinesFillTint>
    <DrawLinesFill>false</DrawLinesFill>
    <EQType>11</EQType>
    <GaugeDrawTemplate>
      <Background>A_GaugeBackground</Background>
      <Fill>A_GaugeFill</Fill>
      <Lines>A_GaugeLines</Lines>
      <LinesFill>A_GaugeLinesFill</LinesFill>
      <!--<EndCapLeft>A_GaugeEndCapLeft</EndCapLeft>
			<EndCapRight>A_GaugeEndCapRight</EndCapRight>-->
    </GaugeDrawTemplate>
  </Gauge>
  <Gauge item="GW_PetGauge1">
    <ScreenID>PetGauge1</ScreenID>
    <!--<Font>3</Font>-->
    <TextColor>
      <R>240</R>
      <G>240</G>
      <B>240</B>
    </TextColor>
    <RelativePosition>true</RelativePosition>
    <Location>
      <X>7</X>
      <Y>22</Y>
    </Location>
    <Size>
      <CX>128</CX>
      <CY>2</CY>
    </Size>
    <TextOffsetY>-50</TextOffsetY>
    <GaugeOffsetY>-2</GaugeOffsetY>
    <GaugeOffsetX>12</GaugeOffsetX>
    <Style_VScroll>false</Style_VScroll>
    <Style_HScroll>false</Style_HScroll>
    <Style_Transparent>false</Style_Transparent>
    <!--<TooltipReference/>-->
    <FillTint>
      <R>51</R>
      <G>192</G>
      <B>51</B>
    </FillTint>
    <LinesFillTint>
      <R>220</R>
      <G>220</G>
      <B>0</B>
    </LinesFillTint>
    <DrawLinesFill>false</DrawLinesFill>
    <EQType>17</EQType>
    <GaugeDrawTemplate>
      <Background>A_GaugeBackground</Background>
      <Fill>A_GaugeFill</Fill>
      <!--<Lines>A_GaugeLines</Lines>-->
      <!--<LinesFill>A_GaugeLinesFill</LinesFill>-->
      <!--<EndCapLeft>A_GaugeEndCapLeft</EndCapLeft>-->
      <!--<EndCapRight>A_GaugeEndCapRight</EndCapRight>-->
    </GaugeDrawTemplate>
  </Gauge>
  <StaticAnimation item="PW_LineDivider1">
    <ScreenID>PW_LineDivider1</ScreenID>
    <Location>
      <X>0</X>
      <Y>27</Y>
    </Location>
    <Size>
      <CX>250</CX>
      <CY>1</CY>
    </Size>
    <Animation>PW_LineDivider</Animation>
  </StaticAnimation>
  <Gauge item="GW_Gauge2">
    <ScreenID>Gauge2</ScreenID>
    <!--<Font>3</Font>-->
    <TextColor>
      <R>240</R>
      <G>240</G>
      <B>240</B>
    </TextColor>
    <RelativePosition>true</RelativePosition>
    <Location>
      <X>3</X>
      <Y>28</Y>
    </Location>
    <Size>
      <CX>128</CX>
      <CY>24</CY>
    </Size>
    <TextOffsetX>8</TextOffsetX>
    <TextOffsetY>4</TextOffsetY>
    <GaugeOffsetX>16</GaugeOffsetX>
    <Style_VScroll>false</Style_VScroll>
    <Style_HScroll>false</Style_HScroll>
    <Style_Transparent>true</Style_Transparent>
    <!--<TooltipReference/>-->
    <FillTint>
      <R>220</R>
      <G>0</G>
      <B>0</B>
    </FillTint>
    <LinesFillTint>
      <R>220</R>
      <G>220</G>
      <B>0</B>
    </LinesFillTint>
    <DrawLinesFill>false</DrawLinesFill>
    <EQType>12</EQType>
    <GaugeDrawTemplate>
      <Background>A_GaugeBackground</Background>
      <Fill>A_GaugeFill</Fill>
      <Lines>A_GaugeLines</Lines>
      <LinesFill>A_GaugeLinesFill</LinesFill>
      <!--<EndCapLeft>A_GaugeEndCapLeft</EndCapLeft>
			<EndCapRight>A_GaugeEndCapRight</EndCapRight>-->
    </GaugeDrawTemplate>
  </Gauge>
  <Gauge item="GW_PetGauge2">
    <ScreenID>PetGauge2</ScreenID>
    <!--<Font>3</Font>-->
    <TextColor>
      <R>240</R>
      <G>240</G>
      <B>240</B>
    </TextColor>
    <RelativePosition>true</RelativePosition>
    <Location>
      <X>7</X>
      <Y>50</Y>
    </Location>
    <Size>
      <CX>128</CX>
      <CY>2</CY>
    </Size>
    <TextOffsetY>-50</TextOffsetY>
    <GaugeOffsetY>-2</GaugeOffsetY>
    <GaugeOffsetX>12</GaugeOffsetX>
    <Style_VScroll>false</Style_VScroll>
    <Style_HScroll>false</Style_HScroll>
    <Style_Transparent>true</Style_Transparent>
    <!--<TooltipReference/>-->
    <FillTint>
      <R>51</R>
      <G>192</G>
      <B>51</B>
    </FillTint>
    <LinesFillTint>
      <R>220</R>
      <G>220</G>
      <B>0</B>
    </LinesFillTint>
    <DrawLinesFill>false</DrawLinesFill>
    <EQType>18</EQType>
    <GaugeDrawTemplate>
      <Background>A_GaugeBackground</Background>
      <Fill>A_GaugeFill</Fill>
      <!--<Lines>A_GaugeLines</Lines>-->
      <!--<LinesFill>A_GaugeLinesFill</LinesFill>-->
      <!--<EndCapLeft>A_GaugeEndCapLeft</EndCapLeft>-->
      <!--<EndCapRight>A_GaugeEndCapRight</EndCapRight>-->
    </GaugeDrawTemplate>
  </Gauge>
  <StaticAnimation item="PW_LineDivider2">
    <ScreenID>PW_LineDivider2</ScreenID>
    <Location>
      <X>0</X>
      <Y>55</Y>
    </Location>
    <Size>
      <CX>250</CX>
      <CY>1</CY>
    </Size>
    <Animation>PW_LineDivider</Animation>
  </StaticAnimation>
  <Gauge item="GW_Gauge3">
    <ScreenID>Gauge3</ScreenID>
    <!--<Font>3</Font>-->
    <TextColor>
      <R>240</R>
      <G>240</G>
      <B>240</B>
    </TextColor>
    <RelativePosition>true</RelativePosition>
    <Location>
      <X>3</X>
      <Y>56</Y>
    </Location>
    <Size>
      <CX>128</CX>
      <CY>24</CY>
    </Size>
    <TextOffsetX>8</TextOffsetX>
    <TextOffsetY>4</TextOffsetY>
    <GaugeOffsetX>16</GaugeOffsetX>
    <Style_VScroll>false</Style_VScroll>
    <Style_HScroll>false</Style_HScroll>
    <Style_Transparent>false</Style_Transparent>
    <!--<TooltipReference/>-->
    <FillTint>
      <R>220</R>
      <G>0</G>
      <B>0</B>
    </FillTint>
    <LinesFillTint>
      <R>220</R>
      <G>220</G>
      <B>0</B>
    </LinesFillTint>
    <DrawLinesFill>false</DrawLinesFill>
    <EQType>13</EQType>
    <GaugeDrawTemplate>
      <Background>A_GaugeBackground</Background>
      <Fill>A_GaugeFill</Fill>
      <Lines>A_GaugeLines</Lines>
      <LinesFill>A_GaugeLinesFill</LinesFill>
      <!--<EndCapLeft>A_GaugeEndCapLeft</EndCapLeft>
			<EndCapRight>A_GaugeEndCapRight</EndCapRight>-->
    </GaugeDrawTemplate>
  </Gauge>
  <Gauge item="GW_PetGauge3">
    <ScreenID>PetGauge3</ScreenID>
    <!--<Font>3</Font>-->
    <TextColor>
      <R>240</R>
      <G>240</G>
      <B>240</B>
    </TextColor>
    <RelativePosition>true</RelativePosition>
    <Location>
      <X>7</X>
      <Y>78</Y>
    </Location>
    <Size>
      <CX>128</CX>
      <CY>2</CY>
    </Size>
    <TextOffsetY>-50</TextOffsetY>
    <GaugeOffsetY>-2</GaugeOffsetY>
    <GaugeOffsetX>12</GaugeOffsetX>
    <Style_VScroll>false</Style_VScroll>
    <Style_HScroll>false</Style_HScroll>
    <Style_Transparent>false</Style_Transparent>
    <!--<TooltipReference/>-->
    <FillTint>
      <R>51</R>
      <G>192</G>
      <B>51</B>
    </FillTint>
    <LinesFillTint>
      <R>220</R>
      <G>220</G>
      <B>0</B>
    </LinesFillTint>
    <DrawLinesFill>false</DrawLinesFill>
    <EQType>19</EQType>
    <GaugeDrawTemplate>
      <Background>A_GaugeBackground</Background>
      <Fill>A_GaugeFill</Fill>
      <!--<Lines>A_GaugeLines</Lines>-->
      <!--<LinesFill>A_GaugeLinesFill</LinesFill>-->
      <!--<EndCapLeft>A_GaugeEndCapLeft</EndCapLeft>-->
      <!--<EndCapRight>A_GaugeEndCapRight</EndCapRight>-->
    </GaugeDrawTemplate>
  </Gauge>
  <StaticAnimation item="PW_LineDivider3">
    <ScreenID>PW_LineDivider3</ScreenID>
    <Location>
      <X>0</X>
      <Y>83</Y>
    </Location>
    <Size>
      <CX>250</CX>
      <CY>1</CY>
    </Size>
    <Animation>PW_LineDivider</Animation>
  </StaticAnimation>
  <Gauge item="GW_Gauge4">
    <ScreenID>Gauge4</ScreenID>
    <!--<Font>3</Font>-->
    <TextColor>
      <R>240</R>
      <G>240</G>
      <B>240</B>
    </TextColor>
    <RelativePosition>true</RelativePosition>
    <Location>
      <X>3</X>
      <Y>84</Y>
    </Location>
    <Size>
      <CX>128</CX>
      <CY>24</CY>
    </Size>
    <TextOffsetX>8</TextOffsetX>
    <TextOffsetY>4</TextOffsetY>
    <GaugeOffsetX>16</GaugeOffsetX>
    <Style_VScroll>false</Style_VScroll>
    <Style_HScroll>false</Style_HScroll>
    <Style_Transparent>false</Style_Transparent>
    <!--<TooltipReference/>-->
    <FillTint>
      <R>220</R>
      <G>0</G>
      <B>0</B>
    </FillTint>
    <LinesFillTint>
      <R>220</R>
      <G>220</G>
      <B>0</B>
    </LinesFillTint>
    <DrawLinesFill>false</DrawLinesFill>
    <EQType>14</EQType>
    <GaugeDrawTemplate>
      <Background>A_GaugeBackground</Background>
      <Fill>A_GaugeFill</Fill>
      <Lines>A_GaugeLines</Lines>
      <LinesFill>A_GaugeLinesFill</LinesFill>
      <!--<EndCapLeft>A_GaugeEndCapLeft</EndCapLeft>
			<EndCapRight>A_GaugeEndCapRight</EndCapRight>-->
    </GaugeDrawTemplate>
  </Gauge>
  <Gauge item="GW_PetGauge4">
    <ScreenID>PetGauge4</ScreenID>
    <!--<Font>3</Font>-->
    <TextColor>
      <R>240</R>
      <G>240</G>
      <B>240</B>
    </TextColor>
    <RelativePosition>true</RelativePosition>
    <Location>
      <X>7</X>
      <Y>106</Y>
    </Location>
    <Size>
      <CX>128</CX>
      <CY>2</CY>
    </Size>
    <TextOffsetY>-50</TextOffsetY>
    <GaugeOffsetY>-2</GaugeOffsetY>
    <GaugeOffsetX>12</GaugeOffsetX>
    <Style_VScroll>false</Style_VScroll>
    <Style_HScroll>false</Style_HScroll>
    <Style_Transparent>false</Style_Transparent>
    <!--<TooltipReference/>-->
    <FillTint>
      <R>51</R>
      <G>192</G>
      <B>51</B>
    </FillTint>
    <LinesFillTint>
      <R>220</R>
      <G>220</G>
      <B>0</B>
    </LinesFillTint>
    <DrawLinesFill>false</DrawLinesFill>
    <EQType>20</EQType>
    <GaugeDrawTemplate>
      <Background>A_GaugeBackground</Background>
      <Fill>A_GaugeFill</Fill>
      <!--<Lines>A_GaugeLines</Lines>-->
      <!--<LinesFill>A_GaugeLinesFill</LinesFill>-->
      <!--<EndCapLeft>A_GaugeEndCapLeft</EndCapLeft>-->
      <!--<EndCapRight>A_GaugeEndCapRight</EndCapRight>-->
    </GaugeDrawTemplate>
  </Gauge>
  <StaticAnimation item="PW_LineDivider4">
    <ScreenID>PW_LineDivider4</ScreenID>
    <Location>
      <X>0</X>
      <Y>111</Y>
    </Location>
    <Size>
      <CX>250</CX>
      <CY>1</CY>
    </Size>
    <Animation>PW_LineDivider</Animation>
  </StaticAnimation>
  <Gauge item="GW_Gauge5">
    <ScreenID>Gauge5</ScreenID>
    <!--<Font>3</Font>-->
    <TextColor>
      <R>240</R>
      <G>240</G>
      <B>240</B>
    </TextColor>
    <RelativePosition>true</RelativePosition>
    <Location>
      <X>3</X>
      <Y>112</Y>
    </Location>
    <Size>
      <CX>128</CX>
      <CY>24</CY>
    </Size>
    <TextOffsetX>8</TextOffsetX>
    <TextOffsetY>4</TextOffsetY>
    <GaugeOffsetX>16</GaugeOffsetX>
    <Style_VScroll>false</Style_VScroll>
    <Style_HScroll>false</Style_HScroll>
    <Style_Transparent>false</Style_Transparent>
    <!--<TooltipReference/>-->
    <FillTint>
      <R>220</R>
      <G>0</G>
      <B>0</B>
    </FillTint>
    <LinesFillTint>
      <R>220</R>
      <G>220</G>
      <B>0</B>
    </LinesFillTint>
    <DrawLinesFill>false</DrawLinesFill>
    <EQType>15</EQType>
    <GaugeDrawTemplate>
      <Background>A_GaugeBackground</Background>
      <Fill>A_GaugeFill</Fill>
      <Lines>A_GaugeLines</Lines>
      <LinesFill>A_GaugeLinesFill</LinesFill>
      <!--<EndCapLeft>A_GaugeEndCapLeft</EndCapLeft>
			<EndCapRight>A_GaugeEndCapRight</EndCapRight>-->
    </GaugeDrawTemplate>
  </Gauge>
  <Gauge item="GW_PetGauge5">
    <ScreenID>PetGauge5</ScreenID>
    <!--<Font>3</Font>-->
    <TextColor>
      <R>240</R>
      <G>240</G>
      <B>240</B>
    </TextColor>
    <RelativePosition>true</RelativePosition>
    <Location>
      <X>7</X>
      <Y>134</Y>
    </Location>
    <Size>
      <CX>128</CX>
      <CY>2</CY>
    </Size>
    <TextOffsetY>-50</TextOffsetY>
    <GaugeOffsetY>-2</GaugeOffsetY>
    <GaugeOffsetX>12</GaugeOffsetX>
    <Style_VScroll>false</Style_VScroll>
    <Style_HScroll>false</Style_HScroll>
    <Style_Transparent>false</Style_Transparent>
    <!--<TooltipReference/>-->
    <FillTint>
      <R>51</R>
      <G>192</G>
      <B>51</B>
    </FillTint>
    <LinesFillTint>
      <R>220</R>
      <G>220</G>
      <B>0</B>
    </LinesFillTint>
    <DrawLinesFill>false</DrawLinesFill>
    <EQType>21</EQType>
    <GaugeDrawTemplate>
      <Background>A_GaugeBackground</Background>
      <Fill>A_GaugeFill</Fill>
      <!--<Lines>A_GaugeLines</Lines>-->
      <!--<LinesFill>A_GaugeLinesFill</LinesFill>-->
      <!--<EndCapLeft>A_GaugeEndCapLeft</EndCapLeft>-->
      <!--<EndCapRight>A_GaugeEndCapRight</EndCapRight>-->
    </GaugeDrawTemplate>
  </Gauge>
  <Label item="GW_HPLabel1">
    <ScreenID>HPLabel1</ScreenID>
  </Label>
  <Label item="GW_HPPercLabel1">
    <ScreenID>HPPercLabel1</ScreenID>
  </Label>
  <Label item="GW_HPLabel2">
    <ScreenID>HPLabel2</ScreenID>
  </Label>
  <Label item="GW_HPPercLabel2">
    <ScreenID>HPPercLabel2</ScreenID>
  </Label>
  <Label item="GW_HPLabel3">
    <ScreenID>HPLabel3</ScreenID>
  </Label>
  <Label item="GW_HPPercLabel3">
    <ScreenID>HPPercLabel3</ScreenID>
  </Label>
  <Label item="GW_HPLabel4">
    <ScreenID>HPLabel4</ScreenID>
  </Label>
  <Label item="GW_HPPercLabel4">
    <ScreenID>HPPercLabel4</ScreenID>
  </Label>
  <Label item="GW_HPLabel5">
    <ScreenID>HPLabel5</ScreenID>
  </Label>
  <Label item="GW_HPPercLabel5">
    <ScreenID>HPPercLabel5</ScreenID>
  </Label>
  <Button item="GW_InviteButton">
    <ScreenID>InviteButton</ScreenID>
  </Button>
  <Button item="GW_DisbandButton">
    <ScreenID>DisbandButton</ScreenID>
  </Button>
  <Button item="GW_FollowButton">
    <ScreenID>FollowButton</ScreenID>
  </Button>
  <Button item="GW_DeclineButton">
    <ScreenID>DeclineButton</ScreenID>
  </Button>
  <Button item="GW_LFGButton">
    <ScreenID>LFGButton</ScreenID>
  </Button>
  <Screen item="GroupWindow">
    <ScreenID />
    <RelativePosition>false</RelativePosition>
    <Location>
      <X>516</X>
      <Y>78</Y>
    </Location>
    <Size>
      <CX>144</CX>
      <CY>150</CY>
    </Size>
    <Text>Group</Text>
    <Style_VScroll>false</Style_VScroll>
    <Style_HScroll>false</Style_HScroll>
    <Style_Transparent>false</Style_Transparent>
    <TooltipReference>This is the party window.</TooltipReference>
    <DrawTemplate>WDT_RoundedNoTitle</DrawTemplate>
    <Style_Titlebar>false</Style_Titlebar>
    <Style_Closebox>false</Style_Closebox>
    <Style_Minimizebox>false</Style_Minimizebox>
    <Style_Border>true</Style_Border>
    <Style_Sizable>false</Style_Sizable>
    <Pieces>GWDummy</Pieces>
    <Pieces>GW_InviteButton</Pieces>
    <Pieces>GW_DisbandButton</Pieces>
    <Pieces>GW_FollowButton</Pieces>
    <Pieces>GW_DeclineButton</Pieces>
    <Pieces>GW_Gauge1</Pieces>
    <Pieces>GW_PetGauge1</Pieces>
    <Pieces>PW_LineDivider1</Pieces>
    <Pieces>GW_Gauge2</Pieces>
    <Pieces>GW_PetGauge2</Pieces>
    <Pieces>PW_LineDivider2</Pieces>
    <Pieces>GW_Gauge3</Pieces>
    <Pieces>GW_PetGauge3</Pieces>
    <Pieces>PW_LineDivider3</Pieces>
    <Pieces>GW_Gauge4</Pieces>
    <Pieces>GW_PetGauge4</Pieces>
    <Pieces>PW_LineDivider4</Pieces>
    <Pieces>GW_Gauge5</Pieces>
    <Pieces>GW_PetGauge5</Pieces>
    <Pieces>GW_HPLabel1</Pieces>
    <Pieces>GW_HPPercLabel1</Pieces>
    <Pieces>GW_HPLabel2</Pieces>
    <Pieces>GW_HPPercLabel2</Pieces>
    <Pieces>GW_HPLabel3</Pieces>
    <Pieces>GW_HPPercLabel3</Pieces>
    <Pieces>GW_HPLabel4</Pieces>
    <Pieces>GW_HPPercLabel4</Pieces>
    <Pieces>GW_HPLabel5</Pieces>
    <Pieces>GW_HPPercLabel5</Pieces>
    <Pieces>GW_LFGButton</Pieces>
  </Screen>
</XML>