<?xml version="1.0" encoding="us-ascii"?>
<XML ID="EQInterfaceDefinitionLanguage">
  <Schema xmlns="EverQuestData" xmlns:dt="EverQuestDataTypes" />
  <TextureInfo item="menuicons01.tga">
    <Size>
      <CX>256</CX>
      <CY>256</CY>
    </Size>
  </TextureInfo>
  <Ui2DAnimation item="A_MenuIcons">
    <Cycle>false</Cycle>
    <Grid>true</Grid>
    <Vertical>true</Vertical>
    <CellHeight>24</CellHeight>
    <CellWidth>24</CellWidth>
    <Frames>
      <Texture>menuicons01.tga</Texture>
      <Location>
        <X>0</X>
        <Y>0</Y>
      </Location>
      <Size>
        <CX>256</CX>
        <CY>256</CY>
      </Size>
      <Hotspot>
        <X>0</X>
        <Y>0</Y>
      </Hotspot>
      <Duration>1000</Duration>
    </Frames>
  </Ui2DAnimation>
  <Ui2DAnimation item="A_CascadeMenuSeparator">
    <Frames>
      <Texture>window_pieces01.tga</Texture>
      <Location>
        <X>80</X>
        <Y>175</Y>
      </Location>
      <Size>
        <CX>4</CX>
        <CY>4</CY>
      </Size>
    </Frames>
  </Ui2DAnimation>
  <Ui2DAnimation item="A_CascadeSubmenuIndicator">
    <Frames>
      <Texture>window_pieces05.tga</Texture>
      <Location>
        <X>164</X>
        <Y>0</Y>
      </Location>
      <Size>
        <CX>10</CX>
        <CY>11</CY>
      </Size>
    </Frames>
  </Ui2DAnimation>
  <Ui2DAnimation item="A_EQBtnNormal">
    <Cycle>true</Cycle>
    <Frames>
      <Texture>window_pieces05.tga</Texture>
      <Location>
        <X>60</X>
        <Y>26</Y>
      </Location>
      <Size>
        <CX>42</CX>
        <CY>42</CY>
      </Size>
      <Hotspot>
        <X>0</X>
        <Y>0</Y>
      </Hotspot>
      <Duration>1000</Duration>
    </Frames>
  </Ui2DAnimation>
  <Ui2DAnimation item="A_EQBtnFlyby">
    <Cycle>true</Cycle>
    <Frames>
      <Texture>window_pieces05.tga</Texture>
      <Location>
        <X>102</X>
        <Y>26</Y>
      </Location>
      <Size>
        <CX>42</CX>
        <CY>42</CY>
      </Size>
      <Hotspot>
        <X>0</X>
        <Y>0</Y>
      </Hotspot>
      <Duration>1000</Duration>
    </Frames>
  </Ui2DAnimation>
  <Ui2DAnimation item="A_EQBtnPressed">
    <Cycle>true</Cycle>
    <Frames>
      <Texture>window_pieces05.tga</Texture>
      <Location>
        <X>144</X>
        <Y>26</Y>
      </Location>
      <Size>
        <CX>42</CX>
        <CY>42</CY>
      </Size>
      <Hotspot>
        <X>0</X>
        <Y>0</Y>
      </Hotspot>
      <Duration>1000</Duration>
    </Frames>
  </Ui2DAnimation>
  <Ui2DAnimation item="A_EQBtnPressedFlyby">
    <Cycle>true</Cycle>
    <Frames>
      <Texture>window_pieces05.tga</Texture>
      <Location>
        <X>186</X>
        <Y>26</Y>
      </Location>
      <Size>
        <CX>42</CX>
        <CY>42</CY>
      </Size>
      <Hotspot>
        <X>0</X>
        <Y>0</Y>
      </Hotspot>
      <Duration>1000</Duration>
    </Frames>
  </Ui2DAnimation>
  <Ui2DAnimation item="A_EQBtnDisabled">
    <Cycle>true</Cycle>
    <Frames>
      <Texture>window_pieces05.tga</Texture>
      <Location>
        <X>60</X>
        <Y>68</Y>
      </Location>
      <Size>
        <CX>42</CX>
        <CY>42</CY>
      </Size>
      <Hotspot>
        <X>0</X>
        <Y>0</Y>
      </Hotspot>
      <Duration>1000</Duration>
    </Frames>
  </Ui2DAnimation>
  <Button item="CSepIW_Button">
    <ScreenID>Button</ScreenID>
  </Button>
  <Screen item="CascadeSeparatorItemWnd">
    <ScreenID />
    <RelativePosition>true</RelativePosition>
    <Pieces>CSepIW_Button</Pieces>
  </Screen>
  <Button item="CSubIW_Button">
    <ScreenID>Button</ScreenID>
  </Button>
  <Button item="CSubIW_Arrow">
    <ScreenID>Arrow</ScreenID>
  </Button>
  <Screen item="CascadeSubmenuItemWnd">
    <ScreenID />
    <Pieces>CSubIW_Arrow</Pieces>
    <Pieces>CSubIW_Button</Pieces>
  </Screen>
  <Button item="CCmdIW_Button">
    <ScreenID>Button</ScreenID>
  </Button>
  <Screen item="CascadeCommandItemWnd">
    <ScreenID />
    <Pieces>CCmdIW_Button</Pieces>
  </Screen>
  <Screen item="CascadeSubWnd">
    <ScreenID />
  </Screen>
  <Screen item="CascadeTopWnd">
    <ScreenID />
  </Screen>
  <Button item="EQM_EQButton">
    <ScreenID>EQButton</ScreenID>
  </Button>
  <Screen item="EQMainWnd">
    <ScreenID />
    <RelativePosition>false</RelativePosition>
    <Location>
      <X>0</X>
      <Y>0</Y>
    </Location>
    <Size>
      <CX>00</CX>
      <CY>00</CY>
    </Size>
    <Text />
    <Style_VScroll>false</Style_VScroll>
    <Style_HScroll>false</Style_HScroll>
    <Style_Transparent>false</Style_Transparent>
    <TooltipReference />
    <DrawTemplate>WDT_RoundedNoTitle</DrawTemplate>
    <Style_Titlebar>false</Style_Titlebar>
    <Style_Closebox>false</Style_Closebox>
    <Style_Minimizebox>false</Style_Minimizebox>
    <Style_Border>true</Style_Border>
    <Style_Sizable>false</Style_Sizable>
    <Pieces>EQM_EQButton</Pieces>
  </Screen>
</XML>