<?xml version="1.0" encoding="us-ascii"?>
<XML ID="EQInterfaceDefinitionLanguage">
  <Schema xmlns="EverQuestData" xmlns:dt="EverQuestDataTypes" />
  <Ui2DAnimation item="HB_SpellGemHolder">
    <Frames>
      <Texture>classic_pieces01.tga</Texture>
      <Location>
        <X>39</X>
        <Y>117</Y>
      </Location>
      <Size>
        <CX>40</CX>
        <CY>40</CY>
      </Size>
    </Frames>
  </Ui2DAnimation>
  <Button item="HB_PageLeftButton">
    <ScreenID>HB_PageLeftButton</ScreenID>
    <Font>1</Font>
    <RelativePosition>true</RelativePosition>
    <Location>
      <X>14</X>
      <Y>3</Y>
    </Location>
    <Size>
      <CX>22</CX>
      <CY>12</CY>
    </Size>
    <Text />
    <TextColor>
      <R>0</R>
      <G>0</G>
      <B>0</B>
    </TextColor>
    <ButtonDrawTemplate>
      <Normal>A_HSBLeftNormal</Normal>
      <Pressed>A_HSBLeftPressed</Pressed>
      <Flyby>A_HSBLeftFlyby</Flyby>
      <Disabled>A_HSBLeftDisabled</Disabled>
      <PressedFlyby>A_HSBLeftPressedFlyby</PressedFlyby>
    </ButtonDrawTemplate>
  </Button>
  <Label item="HB_CurrentPageLabel">
    <ScreenID>HB_CurrentPageLabel</ScreenID>
    <Font>1</Font>
    <RelativePosition>true</RelativePosition>
    <Location>
      <X>30</X>
      <Y>3</Y>
    </Location>
    <Size>
      <CX>25</CX>
      <CY>16</CY>
    </Size>
    <Text>1</Text>
    <TextColor>
      <R>255</R>
      <G>255</G>
      <B>255</B>
    </TextColor>
    <NoWrap>false</NoWrap>
    <AlignCenter>true</AlignCenter>
    <AlignRight>false</AlignRight>
  </Label>
  <Button item="HB_PageRightButton">
    <ScreenID>HB_PageRightButton</ScreenID>
    <Font>1</Font>
    <RelativePosition>true</RelativePosition>
    <Location>
      <X>52</X>
      <Y>3</Y>
    </Location>
    <Size>
      <CX>22</CX>
      <CY>12</CY>
    </Size>
    <Text />
    <TextColor>
      <R>0</R>
      <G>0</G>
      <B>0</B>
    </TextColor>
    <ButtonDrawTemplate>
      <Normal>A_HSBRightNormal</Normal>
      <Pressed>A_HSBRightPressed</Pressed>
      <Flyby>A_HSBRightFlyby</Flyby>
      <Disabled>A_HSBRightDisabled</Disabled>
      <PressedFlyby>A_HSBRightPressedFlyby</PressedFlyby>
    </ButtonDrawTemplate>
  </Button>
  <Button item="HB_Button1">
    <ScreenID>HB_Button1</ScreenID>
    <Font>1</Font>
    <RelativePosition>true</RelativePosition>
    <Location>
      <X>2</X>
      <Y>20</Y>
    </Location>
    <Size>
      <CX>40</CX>
      <CY>40</CY>
    </Size>
    <Text>1</Text>
    <TextColor>
      <R>0</R>
      <G>0</G>
      <B>0</B>
    </TextColor>
    <DecalSize>
      <CX>40</CX>
      <CY>40</CY>
    </DecalSize>
    <ButtonDrawTemplate>
      <Normal>A_SquareBtnNormal</Normal>
      <PressedFlyby>A_SquareBtnPressedFlyby</PressedFlyby>
      <Pressed>A_SquareBtnPressed</Pressed>
      <Flyby>A_SquareBtnFlyby</Flyby>
      <Disabled>A_SquareBtnDisabled</Disabled>
    </ButtonDrawTemplate>
  </Button>
  <Button item="HB_Button2">
    <ScreenID>HB_Button2</ScreenID>
    <Font>1</Font>
    <RelativePosition>true</RelativePosition>
    <Location>
      <X>46</X>
      <Y>20</Y>
    </Location>
    <Size>
      <CX>40</CX>
      <CY>40</CY>
    </Size>
    <Text>2</Text>
    <TextColor>
      <R>0</R>
      <G>0</G>
      <B>0</B>
    </TextColor>
    <DecalSize>
      <CX>40</CX>
      <CY>40</CY>
    </DecalSize>
    <ButtonDrawTemplate>
      <Normal>A_SquareBtnNormal</Normal>
      <PressedFlyby>A_SquareBtnPressedFlyby</PressedFlyby>
      <Pressed>A_SquareBtnPressed</Pressed>
      <Flyby>A_SquareBtnFlyby</Flyby>
      <Disabled>A_SquareBtnDisabled</Disabled>
    </ButtonDrawTemplate>
  </Button>
  <Button item="HB_Button3">
    <ScreenID>HB_Button3</ScreenID>
    <Font>1</Font>
    <RelativePosition>true</RelativePosition>
    <Location>
      <X>2</X>
      <Y>64</Y>
    </Location>
    <Size>
      <CX>40</CX>
      <CY>40</CY>
    </Size>
    <Text>3</Text>
    <TextColor>
      <R>0</R>
      <G>0</G>
      <B>0</B>
    </TextColor>
    <DecalSize>
      <CX>40</CX>
      <CY>40</CY>
    </DecalSize>
    <ButtonDrawTemplate>
      <Normal>A_SquareBtnNormal</Normal>
      <PressedFlyby>A_SquareBtnPressedFlyby</PressedFlyby>
      <Pressed>A_SquareBtnPressed</Pressed>
      <Flyby>A_SquareBtnFlyby</Flyby>
      <Disabled>A_SquareBtnDisabled</Disabled>
    </ButtonDrawTemplate>
  </Button>
  <Button item="HB_Button4">
    <ScreenID>HB_Button4</ScreenID>
    <Font>1</Font>
    <RelativePosition>true</RelativePosition>
    <Location>
      <X>46</X>
      <Y>64</Y>
    </Location>
    <Size>
      <CX>40</CX>
      <CY>40</CY>
    </Size>
    <Text>4</Text>
    <TextColor>
      <R>0</R>
      <G>0</G>
      <B>0</B>
    </TextColor>
    <DecalSize>
      <CX>40</CX>
      <CY>40</CY>
    </DecalSize>
    <ButtonDrawTemplate>
      <Normal>A_SquareBtnNormal</Normal>
      <PressedFlyby>A_SquareBtnPressedFlyby</PressedFlyby>
      <Pressed>A_SquareBtnPressed</Pressed>
      <Flyby>A_SquareBtnFlyby</Flyby>
      <Disabled>A_SquareBtnDisabled</Disabled>
    </ButtonDrawTemplate>
  </Button>
  <Button item="HB_Button5">
    <ScreenID>HB_Button5</ScreenID>
    <Font>1</Font>
    <RelativePosition>true</RelativePosition>
    <Location>
      <X>2</X>
      <Y>108</Y>
    </Location>
    <Size>
      <CX>40</CX>
      <CY>40</CY>
    </Size>
    <Text>5</Text>
    <TextColor>
      <R>0</R>
      <G>0</G>
      <B>0</B>
    </TextColor>
    <DecalSize>
      <CX>40</CX>
      <CY>40</CY>
    </DecalSize>
    <ButtonDrawTemplate>
      <Normal>A_SquareBtnNormal</Normal>
      <PressedFlyby>A_SquareBtnPressedFlyby</PressedFlyby>
      <Pressed>A_SquareBtnPressed</Pressed>
      <Flyby>A_SquareBtnFlyby</Flyby>
      <Disabled>A_SquareBtnDisabled</Disabled>
    </ButtonDrawTemplate>
  </Button>
  <Button item="HB_Button6">
    <ScreenID>HB_Button6</ScreenID>
    <Font>1</Font>
    <RelativePosition>true</RelativePosition>
    <Location>
      <X>46</X>
      <Y>108</Y>
    </Location>
    <Size>
      <CX>40</CX>
      <CY>40</CY>
    </Size>
    <Text>6</Text>
    <TextColor>
      <R>0</R>
      <G>0</G>
      <B>0</B>
    </TextColor>
    <DecalSize>
      <CX>40</CX>
      <CY>40</CY>
    </DecalSize>
    <ButtonDrawTemplate>
      <Normal>A_SquareBtnNormal</Normal>
      <PressedFlyby>A_SquareBtnPressedFlyby</PressedFlyby>
      <Pressed>A_SquareBtnPressed</Pressed>
      <Flyby>A_SquareBtnFlyby</Flyby>
      <Disabled>A_SquareBtnDisabled</Disabled>
    </ButtonDrawTemplate>
  </Button>
  <Button item="HB_Button7">
    <ScreenID>HB_Button7</ScreenID>
    <Font>1</Font>
    <RelativePosition>true</RelativePosition>
    <Location>
      <X>2</X>
      <Y>152</Y>
    </Location>
    <Size>
      <CX>40</CX>
      <CY>40</CY>
    </Size>
    <Text>7</Text>
    <TextColor>
      <R>0</R>
      <G>0</G>
      <B>0</B>
    </TextColor>
    <DecalSize>
      <CX>40</CX>
      <CY>40</CY>
    </DecalSize>
    <ButtonDrawTemplate>
      <Normal>A_SquareBtnNormal</Normal>
      <PressedFlyby>A_SquareBtnPressedFlyby</PressedFlyby>
      <Pressed>A_SquareBtnPressed</Pressed>
      <Flyby>A_SquareBtnFlyby</Flyby>
      <Disabled>A_SquareBtnDisabled</Disabled>
    </ButtonDrawTemplate>
  </Button>
  <Button item="HB_Button8">
    <ScreenID>HB_Button8</ScreenID>
    <Font>1</Font>
    <RelativePosition>true</RelativePosition>
    <Location>
      <X>46</X>
      <Y>152</Y>
    </Location>
    <Size>
      <CX>40</CX>
      <CY>40</CY>
    </Size>
    <Text>8</Text>
    <TextColor>
      <R>0</R>
      <G>0</G>
      <B>0</B>
    </TextColor>
    <DecalSize>
      <CX>40</CX>
      <CY>40</CY>
    </DecalSize>
    <ButtonDrawTemplate>
      <Normal>A_SquareBtnNormal</Normal>
      <PressedFlyby>A_SquareBtnPressedFlyby</PressedFlyby>
      <Pressed>A_SquareBtnPressed</Pressed>
      <Flyby>A_SquareBtnFlyby</Flyby>
      <Disabled>A_SquareBtnDisabled</Disabled>
    </ButtonDrawTemplate>
  </Button>
  <Button item="HB_Button9">
    <ScreenID>HB_Button9</ScreenID>
    <Font>1</Font>
    <RelativePosition>true</RelativePosition>
    <Location>
      <X>2</X>
      <Y>196</Y>
    </Location>
    <Size>
      <CX>40</CX>
      <CY>40</CY>
    </Size>
    <Text>9</Text>
    <TextColor>
      <R>0</R>
      <G>0</G>
      <B>0</B>
    </TextColor>
    <DecalSize>
      <CX>40</CX>
      <CY>40</CY>
    </DecalSize>
    <ButtonDrawTemplate>
      <Normal>A_SquareBtnNormal</Normal>
      <PressedFlyby>A_SquareBtnPressedFlyby</PressedFlyby>
      <Pressed>A_SquareBtnPressed</Pressed>
      <Flyby>A_SquareBtnFlyby</Flyby>
      <Disabled>A_SquareBtnDisabled</Disabled>
    </ButtonDrawTemplate>
  </Button>
  <Button item="HB_Button10">
    <ScreenID>HB_Button10</ScreenID>
    <Font>1</Font>
    <RelativePosition>true</RelativePosition>
    <Location>
      <X>46</X>
      <Y>196</Y>
    </Location>
    <Size>
      <CX>40</CX>
      <CY>40</CY>
    </Size>
    <Text>10</Text>
    <TextColor>
      <R>0</R>
      <G>0</G>
      <B>0</B>
    </TextColor>
    <DecalSize>
      <CX>40</CX>
      <CY>40</CY>
    </DecalSize>
    <ButtonDrawTemplate>
      <Normal>A_SquareBtnNormal</Normal>
      <PressedFlyby>A_SquareBtnPressedFlyby</PressedFlyby>
      <Pressed>A_SquareBtnPressed</Pressed>
      <Flyby>A_SquareBtnFlyby</Flyby>
      <Disabled>A_SquareBtnDisabled</Disabled>
    </ButtonDrawTemplate>
  </Button>
  <InvSlot item="HB_InvSlot1">
    <ScreenID>HB_InvSlot1</ScreenID>
    <RelativePosition>true</RelativePosition>
    <Location>
      <X>2</X>
      <Y>20</Y>
    </Location>
    <Size>
      <CX>40</CX>
      <CY>40</CY>
    </Size>
    <Background>A_RecessedBox</Background>
    <EQType>-1</EQType>
    <Style_VScroll>false</Style_VScroll>
    <Style_HScroll>false</Style_HScroll>
    <Style_Transparent>false</Style_Transparent>
  </InvSlot>
  <InvSlot item="HB_InvSlot2">
    <ScreenID>HB_InvSlot2</ScreenID>
    <RelativePosition>true</RelativePosition>
    <Location>
      <X>46</X>
      <Y>20</Y>
    </Location>
    <Size>
      <CX>40</CX>
      <CY>40</CY>
    </Size>
    <Background>A_RecessedBox</Background>
    <EQType>-1</EQType>
    <Style_VScroll>false</Style_VScroll>
    <Style_HScroll>false</Style_HScroll>
    <Style_Transparent>false</Style_Transparent>
  </InvSlot>
  <InvSlot item="HB_InvSlot3">
    <ScreenID>HB_InvSlot3</ScreenID>
    <RelativePosition>true</RelativePosition>
    <Location>
      <X>2</X>
      <Y>64</Y>
    </Location>
    <Size>
      <CX>40</CX>
      <CY>40</CY>
    </Size>
    <Background>A_RecessedBox</Background>
    <EQType>-1</EQType>
    <Style_VScroll>false</Style_VScroll>
    <Style_HScroll>false</Style_HScroll>
    <Style_Transparent>false</Style_Transparent>
  </InvSlot>
  <InvSlot item="HB_InvSlot4">
    <ScreenID>HB_InvSlot4</ScreenID>
    <RelativePosition>true</RelativePosition>
    <Location>
      <X>46</X>
      <Y>64</Y>
    </Location>
    <Size>
      <CX>40</CX>
      <CY>40</CY>
    </Size>
    <Background>A_RecessedBox</Background>
    <EQType>-1</EQType>
    <Style_VScroll>false</Style_VScroll>
    <Style_HScroll>false</Style_HScroll>
    <Style_Transparent>false</Style_Transparent>
  </InvSlot>
  <InvSlot item="HB_InvSlot5">
    <ScreenID>HB_InvSlot5</ScreenID>
    <RelativePosition>true</RelativePosition>
    <Location>
      <X>2</X>
      <Y>108</Y>
    </Location>
    <Size>
      <CX>40</CX>
      <CY>40</CY>
    </Size>
    <Background>A_RecessedBox</Background>
    <EQType>-1</EQType>
    <Style_VScroll>false</Style_VScroll>
    <Style_HScroll>false</Style_HScroll>
    <Style_Transparent>false</Style_Transparent>
  </InvSlot>
  <InvSlot item="HB_InvSlot6">
    <ScreenID>HB_InvSlot6</ScreenID>
    <RelativePosition>true</RelativePosition>
    <Location>
      <X>46</X>
      <Y>108</Y>
    </Location>
    <Size>
      <CX>40</CX>
      <CY>40</CY>
    </Size>
    <Background>A_RecessedBox</Background>
    <EQType>-1</EQType>
    <Style_VScroll>false</Style_VScroll>
    <Style_HScroll>false</Style_HScroll>
    <Style_Transparent>false</Style_Transparent>
  </InvSlot>
  <InvSlot item="HB_InvSlot7">
    <ScreenID>HB_InvSlot7</ScreenID>
    <RelativePosition>true</RelativePosition>
    <Location>
      <X>2</X>
      <Y>152</Y>
    </Location>
    <Size>
      <CX>40</CX>
      <CY>40</CY>
    </Size>
    <Background>A_RecessedBox</Background>
    <EQType>-1</EQType>
    <Style_VScroll>false</Style_VScroll>
    <Style_HScroll>false</Style_HScroll>
    <Style_Transparent>false</Style_Transparent>
  </InvSlot>
  <InvSlot item="HB_InvSlot8">
    <ScreenID>HB_InvSlot8</ScreenID>
    <RelativePosition>true</RelativePosition>
    <Location>
      <X>46</X>
      <Y>152</Y>
    </Location>
    <Size>
      <CX>40</CX>
      <CY>40</CY>
    </Size>
    <Background>A_RecessedBox</Background>
    <EQType>-1</EQType>
    <Style_VScroll>false</Style_VScroll>
    <Style_HScroll>false</Style_HScroll>
    <Style_Transparent>false</Style_Transparent>
  </InvSlot>
  <InvSlot item="HB_InvSlot9">
    <ScreenID>HB_InvSlot9</ScreenID>
    <RelativePosition>true</RelativePosition>
    <Location>
      <X>2</X>
      <Y>196</Y>
    </Location>
    <Size>
      <CX>40</CX>
      <CY>40</CY>
    </Size>
    <Background>A_RecessedBox</Background>
    <EQType>-1</EQType>
    <Style_VScroll>false</Style_VScroll>
    <Style_HScroll>false</Style_HScroll>
    <Style_Transparent>false</Style_Transparent>
  </InvSlot>
  <InvSlot item="HB_InvSlot10">
    <ScreenID>HB_InvSlot10</ScreenID>
    <RelativePosition>true</RelativePosition>
    <Location>
      <X>46</X>
      <Y>196</Y>
    </Location>
    <Size>
      <CX>40</CX>
      <CY>40</CY>
    </Size>
    <Background>A_RecessedBox</Background>
    <EQType>-1</EQType>
    <Style_VScroll>false</Style_VScroll>
    <Style_HScroll>false</Style_HScroll>
    <Style_Transparent>false</Style_Transparent>
  </InvSlot>
  <SpellGem item="HB_SpellGem1">
    <ScreenID>HB_SpellGem1</ScreenID>
    <RelativePosition>true</RelativePosition>
    <Location>
      <X>2</X>
      <Y>20</Y>
    </Location>
    <Size>
      <CX>40</CX>
      <CY>40</CY>
    </Size>
    <SpellGemDrawTemplate>
	  	  <Background>Jib_SpellGemBG</Background>
		       <Holder>Jib_SpellGemBG</Holder>
			        <Highlight>Jib_SpellGemHolder</Highlight>
    </SpellGemDrawTemplate>
    <SpellIconOffsetX>5</SpellIconOffsetX>
    <SpellIconOffsetY>8</SpellIconOffsetY>
  </SpellGem>
  <SpellGem item="HB_SpellGem2">
    <ScreenID>HB_SpellGem2</ScreenID>
    <RelativePosition>true</RelativePosition>
    <Location>
      <X>46</X>
      <Y>20</Y>
    </Location>
    <Size>
      <CX>40</CX>
      <CY>40</CY>
    </Size>
    <SpellGemDrawTemplate>
	  	  <Background>Jib_SpellGemBG</Background>
		       <Holder>Jib_SpellGemBG</Holder>
			        <Highlight>Jib_SpellGemHolder</Highlight>
    </SpellGemDrawTemplate>
    <SpellIconOffsetX>5</SpellIconOffsetX>
    <SpellIconOffsetY>8</SpellIconOffsetY>
  </SpellGem>
  <SpellGem item="HB_SpellGem3">
    <ScreenID>HB_SpellGem3</ScreenID>
    <RelativePosition>true</RelativePosition>
    <Location>
      <X>2</X>
      <Y>64</Y>
    </Location>
    <Size>
      <CX>40</CX>
      <CY>40</CY>
    </Size>
    <SpellGemDrawTemplate>
	  	  <Background>Jib_SpellGemBG</Background>
		       <Holder>Jib_SpellGemBG</Holder>
			        <Highlight>Jib_SpellGemHolder</Highlight>
    </SpellGemDrawTemplate>
    <SpellIconOffsetX>5</SpellIconOffsetX>
    <SpellIconOffsetY>8</SpellIconOffsetY>
  </SpellGem>
  <SpellGem item="HB_SpellGem4">
    <ScreenID>HB_SpellGem4</ScreenID>
    <RelativePosition>true</RelativePosition>
    <Location>
      <X>46</X>
      <Y>64</Y>
    </Location>
    <Size>
      <CX>40</CX>
      <CY>40</CY>
    </Size>
    <SpellGemDrawTemplate>
	  	  <Background>Jib_SpellGemBG</Background>
		       <Holder>Jib_SpellGemBG</Holder>
			        <Highlight>Jib_SpellGemHolder</Highlight>
    </SpellGemDrawTemplate>
    <SpellIconOffsetX>5</SpellIconOffsetX>
    <SpellIconOffsetY>8</SpellIconOffsetY>
  </SpellGem>
  <SpellGem item="HB_SpellGem5">
    <ScreenID>HB_SpellGem5</ScreenID>
    <RelativePosition>true</RelativePosition>
    <Location>
      <X>2</X>
      <Y>108</Y>
    </Location>
    <Size>
      <CX>40</CX>
      <CY>40</CY>
    </Size>
    <SpellGemDrawTemplate>
	  	  <Background>Jib_SpellGemBG</Background>
		       <Holder>Jib_SpellGemBG</Holder>
			        <Highlight>Jib_SpellGemHolder</Highlight>
    </SpellGemDrawTemplate>
    <SpellIconOffsetX>5</SpellIconOffsetX>
    <SpellIconOffsetY>8</SpellIconOffsetY>
  </SpellGem>
  <SpellGem item="HB_SpellGem6">
    <ScreenID>HB_SpellGem6</ScreenID>
    <RelativePosition>true</RelativePosition>
    <Location>
      <X>46</X>
      <Y>108</Y>
    </Location>
    <Size>
      <CX>40</CX>
      <CY>40</CY>
    </Size>
    <SpellGemDrawTemplate>
	  	  <Background>Jib_SpellGemBG</Background>
		       <Holder>Jib_SpellGemBG</Holder>
			        <Highlight>Jib_SpellGemHolder</Highlight>
    </SpellGemDrawTemplate>
    <SpellIconOffsetX>5</SpellIconOffsetX>
    <SpellIconOffsetY>8</SpellIconOffsetY>
  </SpellGem>
  <SpellGem item="HB_SpellGem7">
    <ScreenID>HB_SpellGem7</ScreenID>
    <RelativePosition>true</RelativePosition>
    <Location>
      <X>2</X>
      <Y>152</Y>
    </Location>
    <Size>
      <CX>40</CX>
      <CY>40</CY>
    </Size>
    <SpellGemDrawTemplate>
	  	  <Background>Jib_SpellGemBG</Background>
		       <Holder>Jib_SpellGemBG</Holder>
			        <Highlight>Jib_SpellGemHolder</Highlight>
    </SpellGemDrawTemplate>
    <SpellIconOffsetX>5</SpellIconOffsetX>
    <SpellIconOffsetY>8</SpellIconOffsetY>
  </SpellGem>
  <SpellGem item="HB_SpellGem8">
    <ScreenID>HB_SpellGem8</ScreenID>
    <RelativePosition>true</RelativePosition>
    <Location>
      <X>46</X>
      <Y>152</Y>
    </Location>
    <Size>
      <CX>40</CX>
      <CY>40</CY>
    </Size>
    <SpellGemDrawTemplate>
	  	  <Background>Jib_SpellGemBG</Background>
		       <Holder>Jib_SpellGemBG</Holder>
			        <Highlight>Jib_SpellGemHolder</Highlight>
    </SpellGemDrawTemplate>
    <SpellIconOffsetX>5</SpellIconOffsetX>
    <SpellIconOffsetY>8</SpellIconOffsetY>
  </SpellGem>
  <SpellGem item="HB_SpellGem9">
    <ScreenID>HB_SpellGem9</ScreenID>
    <RelativePosition>true</RelativePosition>
    <Location>
      <X>2</X>
      <Y>196</Y>
    </Location>
    <Size>
      <CX>40</CX>
      <CY>40</CY>
    </Size>
     <SpellGemDrawTemplate>
	  	  <Background>Jib_SpellGemBG</Background>
		       <Holder>Jib_SpellGemBG</Holder>
			        <Highlight>Jib_SpellGemHolder</Highlight>
    </SpellGemDrawTemplate>
    <SpellIconOffsetX>5</SpellIconOffsetX>
    <SpellIconOffsetY>8</SpellIconOffsetY>
  </SpellGem>
  <SpellGem item="HB_SpellGem10">
    <ScreenID>HB_SpellGem10</ScreenID>
    <RelativePosition>true</RelativePosition>
    <Location>
      <X>46</X>
      <Y>196</Y>
    </Location>
    <Size>
      <CX>40</CX>
      <CY>40</CY>
    </Size>
    <SpellGemDrawTemplate>
	  	  <Background>Jib_SpellGemBG</Background>
		       <Holder>Jib_SpellGemBG</Holder>
			        <Highlight>Jib_SpellGemHolder</Highlight>
    </SpellGemDrawTemplate>
    <SpellIconOffsetX>5</SpellIconOffsetX>
    <SpellIconOffsetY>8</SpellIconOffsetY>
  </SpellGem>
  <Button item="HB_FileButton">
    <ScreenID>HB_FileButton</ScreenID>
  </Button>
  <Screen item="HotButtonWnd">
    <ScreenID />
    <Font>2</Font>
    <RelativePosition>false</RelativePosition>
    <Location>
      <X>0</X>
      <Y>230</Y>
    </Location>
    <Size>
      <CX>96</CX>
      <CY>260</CY>
    </Size>
    <Text>Hot Buttons</Text>
    <Style_VScroll>false</Style_VScroll>
    <Style_HScroll>false</Style_HScroll>
    <Style_Transparent>false</Style_Transparent>
    <TooltipReference>Hot Buttons</TooltipReference>
    <DrawTemplate>WDT_RoundedNoTitle</DrawTemplate>
    <Style_Titlebar>false</Style_Titlebar>
    <Style_Closebox>true</Style_Closebox>
    <Style_Minimizebox>false</Style_Minimizebox>
    <Style_Border>true</Style_Border>
    <Style_Sizable>false</Style_Sizable>
    <Pieces>HB_PageLeftButton</Pieces>
    <Pieces>HB_PageRightButton</Pieces>
    <Pieces>HB_CurrentPageLabel</Pieces>
    <Pieces>HB_Button1</Pieces>
    <Pieces>HB_Button2</Pieces>
    <Pieces>HB_Button3</Pieces>
    <Pieces>HB_Button4</Pieces>
    <Pieces>HB_Button5</Pieces>
    <Pieces>HB_Button6</Pieces>
    <Pieces>HB_Button7</Pieces>
    <Pieces>HB_Button8</Pieces>
    <Pieces>HB_Button9</Pieces>
    <Pieces>HB_Button10</Pieces>
    <Pieces>HB_InvSlot1</Pieces>
    <Pieces>HB_InvSlot2</Pieces>
    <Pieces>HB_InvSlot3</Pieces>
    <Pieces>HB_InvSlot4</Pieces>
    <Pieces>HB_InvSlot5</Pieces>
    <Pieces>HB_InvSlot6</Pieces>
    <Pieces>HB_InvSlot7</Pieces>
    <Pieces>HB_InvSlot8</Pieces>
    <Pieces>HB_InvSlot9</Pieces>
    <Pieces>HB_InvSlot10</Pieces>
    <Pieces>HB_SpellGem1</Pieces>
    <Pieces>HB_SpellGem2</Pieces>
    <Pieces>HB_SpellGem3</Pieces>
    <Pieces>HB_SpellGem4</Pieces>
    <Pieces>HB_SpellGem5</Pieces>
    <Pieces>HB_SpellGem6</Pieces>
    <Pieces>HB_SpellGem7</Pieces>
    <Pieces>HB_SpellGem8</Pieces>
    <Pieces>HB_SpellGem9</Pieces>
    <Pieces>HB_SpellGem10</Pieces>
    <Pieces>HB_FileButton</Pieces>
  </Screen>
  <Button item="HB2_PageLeftButton">
    <ScreenID>HB2_PageLeftButton</ScreenID>
  </Button>
  <Label item="HB2_CurrentPageLabel">
    <ScreenID>HB2_CurrentPageLabel</ScreenID>
  </Label>
  <Button item="HB2_PageRightButton">
    <ScreenID>HB2_PageRightButton</ScreenID>
  </Button>
  <Button item="HB2_Button1">
    <ScreenID>HB2_Button1</ScreenID>
  </Button>
  <Button item="HB2_Button2">
    <ScreenID>HB2_Button2</ScreenID>
  </Button>
  <Button item="HB2_Button3">
    <ScreenID>HB2_Button3</ScreenID>
  </Button>
  <Button item="HB2_Button4">
    <ScreenID>HB2_Button4</ScreenID>
  </Button>
  <Button item="HB2_Button5">
    <ScreenID>HB2_Button5</ScreenID>
  </Button>
  <Button item="HB2_Button6">
    <ScreenID>HB2_Button6</ScreenID>
  </Button>
  <Button item="HB2_Button7">
    <ScreenID>HB2_Button7</ScreenID>
  </Button>
  <Button item="HB2_Button8">
    <ScreenID>HB2_Button8</ScreenID>
  </Button>
  <Button item="HB2_Button9">
    <ScreenID>HB2_Button9</ScreenID>
  </Button>
  <Button item="HB2_Button10">
    <ScreenID>HB2_Button10</ScreenID>
  </Button>
  <InvSlot item="HB2_InvSlot1">
    <ScreenID>HB2_InvSlot1</ScreenID>
  </InvSlot>
  <InvSlot item="HB2_InvSlot2">
    <ScreenID>HB2_InvSlot2</ScreenID>
  </InvSlot>
  <InvSlot item="HB2_InvSlot3">
    <ScreenID>HB2_InvSlot3</ScreenID>
  </InvSlot>
  <InvSlot item="HB2_InvSlot4">
    <ScreenID>HB2_InvSlot4</ScreenID>
  </InvSlot>
  <InvSlot item="HB2_InvSlot5">
    <ScreenID>HB2_InvSlot5</ScreenID>
  </InvSlot>
  <InvSlot item="HB2_InvSlot6">
    <ScreenID>HB2_InvSlot6</ScreenID>
  </InvSlot>
  <InvSlot item="HB2_InvSlot7">
    <ScreenID>HB2_InvSlot7</ScreenID>
  </InvSlot>
  <InvSlot item="HB2_InvSlot8">
    <ScreenID>HB2_InvSlot8</ScreenID>
  </InvSlot>
  <InvSlot item="HB2_InvSlot9">
    <ScreenID>HB2_InvSlot9</ScreenID>
  </InvSlot>
  <InvSlot item="HB2_InvSlot10">
    <ScreenID>HB2_InvSlot10</ScreenID>
  </InvSlot>
  <SpellGem item="HB2_SpellGem1">
    <ScreenID>HB2_SpellGem1</ScreenID>
  </SpellGem>
  <SpellGem item="HB2_SpellGem2">
    <ScreenID>HB2_SpellGem2</ScreenID>
  </SpellGem>
  <SpellGem item="HB2_SpellGem3">
    <ScreenID>HB2_SpellGem3</ScreenID>
  </SpellGem>
  <SpellGem item="HB2_SpellGem4">
    <ScreenID>HB2_SpellGem4</ScreenID>
  </SpellGem>
  <SpellGem item="HB2_SpellGem5">
    <ScreenID>HB2_SpellGem5</ScreenID>
  </SpellGem>
  <SpellGem item="HB2_SpellGem6">
    <ScreenID>HB2_SpellGem6</ScreenID>
  </SpellGem>
  <SpellGem item="HB2_SpellGem7">
    <ScreenID>HB2_SpellGem7</ScreenID>
  </SpellGem>
  <SpellGem item="HB2_SpellGem8">
    <ScreenID>HB2_SpellGem8</ScreenID>
  </SpellGem>
  <SpellGem item="HB2_SpellGem9">
    <ScreenID>HB2_SpellGem9</ScreenID>
  </SpellGem>
  <SpellGem item="HB2_SpellGem10">
    <ScreenID>HB2_SpellGem10</ScreenID>
  </SpellGem>
  <Button item="HB2_FileButton">
    <ScreenID>HB2_FileButton</ScreenID>
  </Button>
  <Screen item="HotButtonWnd2">
    <ScreenID />
    <Font>2</Font>
    <RelativePosition>false</RelativePosition>
    <Location>
      <X>0</X>
      <Y>0</Y>
    </Location>
    <Size>
      <CX>0</CX>
      <CY>0</CY>
    </Size>
    <Text />
    <Style_VScroll>false</Style_VScroll>
    <Style_HScroll>false</Style_HScroll>
    <Style_Transparent>false</Style_Transparent>
    <TooltipReference />
    <DrawTemplate>WDT_RoundedNoTitle</DrawTemplate>
    <Style_Titlebar>false</Style_Titlebar>
    <Style_Closebox>true</Style_Closebox>
    <Style_Minimizebox>false</Style_Minimizebox>
    <Style_Border>true</Style_Border>
    <Style_Sizable>false</Style_Sizable>
    <Pieces>HB2_PageLeftButton</Pieces>
    <Pieces>HB2_PageRightButton</Pieces>
    <Pieces>HB2_CurrentPageLabel</Pieces>
    <Pieces>HB2_Button1</Pieces>
    <Pieces>HB2_Button2</Pieces>
    <Pieces>HB2_Button3</Pieces>
    <Pieces>HB2_Button4</Pieces>
    <Pieces>HB2_Button5</Pieces>
    <Pieces>HB2_Button6</Pieces>
    <Pieces>HB2_Button7</Pieces>
    <Pieces>HB2_Button8</Pieces>
    <Pieces>HB2_Button9</Pieces>
    <Pieces>HB2_Button10</Pieces>
    <Pieces>HB2_InvSlot1</Pieces>
    <Pieces>HB2_InvSlot2</Pieces>
    <Pieces>HB2_InvSlot3</Pieces>
    <Pieces>HB2_InvSlot4</Pieces>
    <Pieces>HB2_InvSlot5</Pieces>
    <Pieces>HB2_InvSlot6</Pieces>
    <Pieces>HB2_InvSlot7</Pieces>
    <Pieces>HB2_InvSlot8</Pieces>
    <Pieces>HB2_InvSlot9</Pieces>
    <Pieces>HB2_InvSlot10</Pieces>
    <Pieces>HB2_SpellGem1</Pieces>
    <Pieces>HB2_SpellGem2</Pieces>
    <Pieces>HB2_SpellGem3</Pieces>
    <Pieces>HB2_SpellGem4</Pieces>
    <Pieces>HB2_SpellGem5</Pieces>
    <Pieces>HB2_SpellGem6</Pieces>
    <Pieces>HB2_SpellGem7</Pieces>
    <Pieces>HB2_SpellGem8</Pieces>
    <Pieces>HB2_SpellGem9</Pieces>
    <Pieces>HB2_SpellGem10</Pieces>
    <Pieces>HB2_FileButton</Pieces>
  </Screen>
  <Button item="HB3_PageLeftButton">
    <ScreenID>HB3_PageLeftButton</ScreenID>
  </Button>
  <Label item="HB3_CurrentPageLabel">
    <ScreenID>HB3_CurrentPageLabel</ScreenID>
  </Label>
  <Button item="HB3_PageRightButton">
    <ScreenID>HB3_PageRightButton</ScreenID>
  </Button>
  <Button item="HB3_Button1">
    <ScreenID>HB3_Button1</ScreenID>
  </Button>
  <Button item="HB3_Button2">
    <ScreenID>HB3_Button2</ScreenID>
  </Button>
  <Button item="HB3_Button3">
    <ScreenID>HB3_Button3</ScreenID>
  </Button>
  <Button item="HB3_Button4">
    <ScreenID>HB3_Button4</ScreenID>
  </Button>
  <Button item="HB3_Button5">
    <ScreenID>HB3_Button5</ScreenID>
  </Button>
  <Button item="HB3_Button6">
    <ScreenID>HB3_Button6</ScreenID>
  </Button>
  <Button item="HB3_Button7">
    <ScreenID>HB3_Button7</ScreenID>
  </Button>
  <Button item="HB3_Button8">
    <ScreenID>HB3_Button8</ScreenID>
  </Button>
  <Button item="HB3_Button9">
    <ScreenID>HB3_Button9</ScreenID>
  </Button>
  <Button item="HB3_Button10">
    <ScreenID>HB3_Button10</ScreenID>
  </Button>
  <InvSlot item="HB3_InvSlot1">
    <ScreenID>HB3_InvSlot1</ScreenID>
  </InvSlot>
  <InvSlot item="HB3_InvSlot2">
    <ScreenID>HB3_InvSlot2</ScreenID>
  </InvSlot>
  <InvSlot item="HB3_InvSlot3">
    <ScreenID>HB3_InvSlot3</ScreenID>
  </InvSlot>
  <InvSlot item="HB3_InvSlot4">
    <ScreenID>HB3_InvSlot4</ScreenID>
  </InvSlot>
  <InvSlot item="HB3_InvSlot5">
    <ScreenID>HB3_InvSlot5</ScreenID>
  </InvSlot>
  <InvSlot item="HB3_InvSlot6">
    <ScreenID>HB3_InvSlot6</ScreenID>
  </InvSlot>
  <InvSlot item="HB3_InvSlot7">
    <ScreenID>HB3_InvSlot7</ScreenID>
  </InvSlot>
  <InvSlot item="HB3_InvSlot8">
    <ScreenID>HB3_InvSlot8</ScreenID>
  </InvSlot>
  <InvSlot item="HB3_InvSlot9">
    <ScreenID>HB3_InvSlot9</ScreenID>
  </InvSlot>
  <InvSlot item="HB3_InvSlot10">
    <ScreenID>HB3_InvSlot10</ScreenID>
  </InvSlot>
  <SpellGem item="HB3_SpellGem1">
    <ScreenID>HB3_SpellGem1</ScreenID>
  </SpellGem>
  <SpellGem item="HB3_SpellGem2">
    <ScreenID>HB3_SpellGem2</ScreenID>
  </SpellGem>
  <SpellGem item="HB3_SpellGem3">
    <ScreenID>HB3_SpellGem3</ScreenID>
  </SpellGem>
  <SpellGem item="HB3_SpellGem4">
    <ScreenID>HB3_SpellGem4</ScreenID>
  </SpellGem>
  <SpellGem item="HB3_SpellGem5">
    <ScreenID>HB3_SpellGem5</ScreenID>
  </SpellGem>
  <SpellGem item="HB3_SpellGem6">
    <ScreenID>HB3_SpellGem6</ScreenID>
  </SpellGem>
  <SpellGem item="HB3_SpellGem7">
    <ScreenID>HB3_SpellGem7</ScreenID>
  </SpellGem>
  <SpellGem item="HB3_SpellGem8">
    <ScreenID>HB3_SpellGem8</ScreenID>
  </SpellGem>
  <SpellGem item="HB3_SpellGem9">
    <ScreenID>HB3_SpellGem9</ScreenID>
  </SpellGem>
  <SpellGem item="HB3_SpellGem10">
    <ScreenID>HB3_SpellGem10</ScreenID>
  </SpellGem>
  <Button item="HB3_FileButton">
    <ScreenID>HB3_FileButton</ScreenID>
  </Button>
  <Screen item="HotButtonWnd3">
    <ScreenID />
    <Font>2</Font>
    <RelativePosition>false</RelativePosition>
    <Location>
      <X>0</X>
      <Y>0</Y>
    </Location>
    <Size>
      <CX>0</CX>
      <CY>0</CY>
    </Size>
    <Text />
    <Style_VScroll>false</Style_VScroll>
    <Style_HScroll>false</Style_HScroll>
    <Style_Transparent>false</Style_Transparent>
    <TooltipReference />
    <DrawTemplate>WDT_RoundedNoTitle</DrawTemplate>
    <Style_Titlebar>false</Style_Titlebar>
    <Style_Closebox>true</Style_Closebox>
    <Style_Minimizebox>false</Style_Minimizebox>
    <Style_Border>true</Style_Border>
    <Style_Sizable>false</Style_Sizable>
    <Pieces>HB3_PageLeftButton</Pieces>
    <Pieces>HB3_PageRightButton</Pieces>
    <Pieces>HB3_CurrentPageLabel</Pieces>
    <Pieces>HB3_Button1</Pieces>
    <Pieces>HB3_Button2</Pieces>
    <Pieces>HB3_Button3</Pieces>
    <Pieces>HB3_Button4</Pieces>
    <Pieces>HB3_Button5</Pieces>
    <Pieces>HB3_Button6</Pieces>
    <Pieces>HB3_Button7</Pieces>
    <Pieces>HB3_Button8</Pieces>
    <Pieces>HB3_Button9</Pieces>
    <Pieces>HB3_Button10</Pieces>
    <Pieces>HB3_InvSlot1</Pieces>
    <Pieces>HB3_InvSlot2</Pieces>
    <Pieces>HB3_InvSlot3</Pieces>
    <Pieces>HB3_InvSlot4</Pieces>
    <Pieces>HB3_InvSlot5</Pieces>
    <Pieces>HB3_InvSlot6</Pieces>
    <Pieces>HB3_InvSlot7</Pieces>
    <Pieces>HB3_InvSlot8</Pieces>
    <Pieces>HB3_InvSlot9</Pieces>
    <Pieces>HB3_InvSlot10</Pieces>
    <Pieces>HB3_SpellGem1</Pieces>
    <Pieces>HB3_SpellGem2</Pieces>
    <Pieces>HB3_SpellGem3</Pieces>
    <Pieces>HB3_SpellGem4</Pieces>
    <Pieces>HB3_SpellGem5</Pieces>
    <Pieces>HB3_SpellGem6</Pieces>
    <Pieces>HB3_SpellGem7</Pieces>
    <Pieces>HB3_SpellGem8</Pieces>
    <Pieces>HB3_SpellGem9</Pieces>
    <Pieces>HB3_SpellGem10</Pieces>
    <Pieces>HB3_FileButton</Pieces>
  </Screen>
  <Button item="HB4_PageLeftButton">
    <ScreenID>HB4_PageLeftButton</ScreenID>
  </Button>
  <Label item="HB4_CurrentPageLabel">
    <ScreenID>HB4_CurrentPageLabel</ScreenID>
  </Label>
  <Button item="HB4_PageRightButton">
    <ScreenID>HB4_PageRightButton</ScreenID>
  </Button>
  <Button item="HB4_Button1">
    <ScreenID>HB4_Button1</ScreenID>
  </Button>
  <Button item="HB4_Button2">
    <ScreenID>HB4_Button2</ScreenID>
  </Button>
  <Button item="HB4_Button3">
    <ScreenID>HB4_Button3</ScreenID>
  </Button>
  <Button item="HB4_Button4">
    <ScreenID>HB4_Button4</ScreenID>
  </Button>
  <Button item="HB4_Button5">
    <ScreenID>HB4_Button5</ScreenID>
  </Button>
  <Button item="HB4_Button6">
    <ScreenID>HB4_Button6</ScreenID>
  </Button>
  <Button item="HB4_Button7">
    <ScreenID>HB4_Button7</ScreenID>
  </Button>
  <Button item="HB4_Button8">
    <ScreenID>HB4_Button8</ScreenID>
  </Button>
  <Button item="HB4_Button9">
    <ScreenID>HB4_Button9</ScreenID>
  </Button>
  <Button item="HB4_Button10">
    <ScreenID>HB4_Button10</ScreenID>
  </Button>
  <InvSlot item="HB4_InvSlot1">
    <ScreenID>HB4_InvSlot1</ScreenID>
  </InvSlot>
  <InvSlot item="HB4_InvSlot2">
    <ScreenID>HB4_InvSlot2</ScreenID>
  </InvSlot>
  <InvSlot item="HB4_InvSlot3">
    <ScreenID>HB4_InvSlot3</ScreenID>
  </InvSlot>
  <InvSlot item="HB4_InvSlot4">
    <ScreenID>HB4_InvSlot4</ScreenID>
  </InvSlot>
  <InvSlot item="HB4_InvSlot5">
    <ScreenID>HB4_InvSlot5</ScreenID>
  </InvSlot>
  <InvSlot item="HB4_InvSlot6">
    <ScreenID>HB4_InvSlot6</ScreenID>
  </InvSlot>
  <InvSlot item="HB4_InvSlot7">
    <ScreenID>HB4_InvSlot7</ScreenID>
  </InvSlot>
  <InvSlot item="HB4_InvSlot8">
    <ScreenID>HB4_InvSlot8</ScreenID>
  </InvSlot>
  <InvSlot item="HB4_InvSlot9">
    <ScreenID>HB4_InvSlot9</ScreenID>
  </InvSlot>
  <InvSlot item="HB4_InvSlot10">
    <ScreenID>HB4_InvSlot10</ScreenID>
  </InvSlot>
  <SpellGem item="HB4_SpellGem1">
    <ScreenID>HB4_SpellGem1</ScreenID>
  </SpellGem>
  <SpellGem item="HB4_SpellGem2">
    <ScreenID>HB4_SpellGem2</ScreenID>
  </SpellGem>
  <SpellGem item="HB4_SpellGem3">
    <ScreenID>HB4_SpellGem3</ScreenID>
  </SpellGem>
  <SpellGem item="HB4_SpellGem4">
    <ScreenID>HB4_SpellGem4</ScreenID>
  </SpellGem>
  <SpellGem item="HB4_SpellGem5">
    <ScreenID>HB4_SpellGem5</ScreenID>
  </SpellGem>
  <SpellGem item="HB4_SpellGem6">
    <ScreenID>HB4_SpellGem6</ScreenID>
  </SpellGem>
  <SpellGem item="HB4_SpellGem7">
    <ScreenID>HB4_SpellGem7</ScreenID>
  </SpellGem>
  <SpellGem item="HB4_SpellGem8">
    <ScreenID>HB4_SpellGem8</ScreenID>
  </SpellGem>
  <SpellGem item="HB4_SpellGem9">
    <ScreenID>HB4_SpellGem9</ScreenID>
  </SpellGem>
  <SpellGem item="HB4_SpellGem10">
    <ScreenID>HB4_SpellGem10</ScreenID>
  </SpellGem>
  <Button item="HB4_FileButton">
    <ScreenID>HB4_FileButton</ScreenID>
  </Button>
  <Screen item="HotButtonWnd4">
    <ScreenID />
    <Font>2</Font>
    <RelativePosition>false</RelativePosition>
    <Location>
      <X>0</X>
      <Y>0</Y>
    </Location>
    <Size>
      <CX>0</CX>
      <CY>0</CY>
    </Size>
    <Text />
    <Style_VScroll>false</Style_VScroll>
    <Style_HScroll>false</Style_HScroll>
    <Style_Transparent>false</Style_Transparent>
    <TooltipReference />
    <DrawTemplate>WDT_RoundedNoTitle</DrawTemplate>
    <Style_Titlebar>false</Style_Titlebar>
    <Style_Closebox>true</Style_Closebox>
    <Style_Minimizebox>false</Style_Minimizebox>
    <Style_Border>true</Style_Border>
    <Style_Sizable>false</Style_Sizable>
    <Pieces>HB4_PageLeftButton</Pieces>
    <Pieces>HB4_PageRightButton</Pieces>
    <Pieces>HB4_CurrentPageLabel</Pieces>
    <Pieces>HB4_Button1</Pieces>
    <Pieces>HB4_Button2</Pieces>
    <Pieces>HB4_Button3</Pieces>
    <Pieces>HB4_Button4</Pieces>
    <Pieces>HB4_Button5</Pieces>
    <Pieces>HB4_Button6</Pieces>
    <Pieces>HB4_Button7</Pieces>
    <Pieces>HB4_Button8</Pieces>
    <Pieces>HB4_Button9</Pieces>
    <Pieces>HB4_Button10</Pieces>
    <Pieces>HB4_InvSlot1</Pieces>
    <Pieces>HB4_InvSlot2</Pieces>
    <Pieces>HB4_InvSlot3</Pieces>
    <Pieces>HB4_InvSlot4</Pieces>
    <Pieces>HB4_InvSlot5</Pieces>
    <Pieces>HB4_InvSlot6</Pieces>
    <Pieces>HB4_InvSlot7</Pieces>
    <Pieces>HB4_InvSlot8</Pieces>
    <Pieces>HB4_InvSlot9</Pieces>
    <Pieces>HB4_InvSlot10</Pieces>
    <Pieces>HB4_SpellGem1</Pieces>
    <Pieces>HB4_SpellGem2</Pieces>
    <Pieces>HB4_SpellGem3</Pieces>
    <Pieces>HB4_SpellGem4</Pieces>
    <Pieces>HB4_SpellGem5</Pieces>
    <Pieces>HB4_SpellGem6</Pieces>
    <Pieces>HB4_SpellGem7</Pieces>
    <Pieces>HB4_SpellGem8</Pieces>
    <Pieces>HB4_SpellGem9</Pieces>
    <Pieces>HB4_SpellGem10</Pieces>
    <Pieces>HB4_FileButton</Pieces>
  </Screen>
</XML>