<?xml version="1.0" encoding="us-ascii"?>
<XML ID="EQInterfaceDefinitionLanguage">
  <Schema xmlns="EverQuestData" xmlns:dt="EverQuestDataTypes" />
  <Label item="TRDW_HisName">
    <ScreenID>TRDW_HisName</ScreenID>
    <RelativePosition>true</RelativePosition>
    <Location>
      <X>0</X>
      <Y>13</Y>
    </Location>
    <Size>
      <CX>95</CX>
      <CY>40</CY>
    </Size>
    <Text>Trader Name</Text>
    <TextColor>
      <R>255</R>
      <G>255</G>
      <B>255</B>
    </TextColor>
    <NoWrap>false</NoWrap>
    <AlignCenter>true</AlignCenter>
    <AlignRight>false</AlignRight>
  </Label>
  <InvSlot item="TRDW_TradeSlot8">
    <ScreenID>TRDW_TradeSlot8</ScreenID>
    <RelativePosition>true</RelativePosition>
    <Location>
      <X>16</X>
      <Y>38</Y>
    </Location>
    <Size>
      <CX>40</CX>
      <CY>40</CY>
    </Size>
    <EQType>3008</EQType>
    <ItemOffsetX>2</ItemOffsetX>
    <ItemOffsetY>2</ItemOffsetY>
  </InvSlot>
  <InvSlot item="TRDW_TradeSlot9">
    <ScreenID>TRDW_TradeSlot9</ScreenID>
    <RelativePosition>true</RelativePosition>
    <Location>
      <X>16</X>
      <Y>87</Y>
    </Location>
    <Size>
      <CX>40</CX>
      <CY>40</CY>
    </Size>
    <EQType>3009</EQType>
    <ItemOffsetX>2</ItemOffsetX>
    <ItemOffsetY>2</ItemOffsetY>
  </InvSlot>
  <InvSlot item="TRDW_TradeSlot10">
    <ScreenID>TRDW_TradeSlot10</ScreenID>
    <RelativePosition>true</RelativePosition>
    <Location>
      <X>16</X>
      <Y>136</Y>
    </Location>
    <Size>
      <CX>40</CX>
      <CY>40</CY>
    </Size>
    <EQType>3010</EQType>
    <ItemOffsetX>2</ItemOffsetX>
    <ItemOffsetY>2</ItemOffsetY>
  </InvSlot>
  <InvSlot item="TRDW_TradeSlot11">
    <ScreenID>TRDW_TradeSlot11</ScreenID>
    <RelativePosition>true</RelativePosition>
    <Location>
      <X>16</X>
      <Y>185</Y>
    </Location>
    <Size>
      <CX>40</CX>
      <CY>40</CY>
    </Size>
    <EQType>3011</EQType>
    <ItemOffsetX>2</ItemOffsetX>
    <ItemOffsetY>2</ItemOffsetY>
  </InvSlot>
  <InvSlot item="TRDW_TradeSlot12">
    <ScreenID>TRDW_TradeSlot12</ScreenID>
    <RelativePosition>true</RelativePosition>
    <Location>
      <X>62</X>
      <Y>38</Y>
    </Location>
    <Size>
      <CX>40</CX>
      <CY>40</CY>
    </Size>
    <EQType>3012</EQType>
    <ItemOffsetX>2</ItemOffsetX>
    <ItemOffsetY>2</ItemOffsetY>
  </InvSlot>
  <InvSlot item="TRDW_TradeSlot13">
    <ScreenID>TRDW_TradeSlot13</ScreenID>
    <RelativePosition>true</RelativePosition>
    <Location>
      <X>62</X>
      <Y>87</Y>
    </Location>
    <Size>
      <CX>40</CX>
      <CY>40</CY>
    </Size>
    <EQType>3013</EQType>
    <ItemOffsetX>2</ItemOffsetX>
    <ItemOffsetY>2</ItemOffsetY>
  </InvSlot>
  <InvSlot item="TRDW_TradeSlot14">
    <ScreenID>TRDW_TradeSlot14</ScreenID>
    <RelativePosition>true</RelativePosition>
    <Location>
      <X>62</X>
      <Y>136</Y>
    </Location>
    <Size>
      <CX>40</CX>
      <CY>40</CY>
    </Size>
    <EQType>3014</EQType>
    <ItemOffsetX>2</ItemOffsetX>
    <ItemOffsetY>2</ItemOffsetY>
  </InvSlot>
  <InvSlot item="TRDW_TradeSlot15">
    <ScreenID>TRDW_TradeSlot15</ScreenID>
    <RelativePosition>true</RelativePosition>
    <Location>
      <X>62</X>
      <Y>185</Y>
    </Location>
    <Size>
      <CX>40</CX>
      <CY>40</CY>
    </Size>
    <EQType>3015</EQType>
    <ItemOffsetX>2</ItemOffsetX>
    <ItemOffsetY>2</ItemOffsetY>
  </InvSlot>
  <Button item="TRDW_HisMoney0">
    <ScreenID>TRDW_HisMoney0</ScreenID>
    <RelativePosition>true</RelativePosition>
    <Location>
      <X>13</X>
      <Y>240</Y>
    </Location>
    <Size>
      <CX>70</CX>
      <CY>24</CY>
    </Size>
    <Style_Transparent>false</Style_Transparent>
    <Style_Checkbox>false</Style_Checkbox>
    <Text>60000</Text>
    <TextColor>
      <R>255</R>
      <G>255</G>
      <B>255</B>
    </TextColor>
    <DecalOffset>
      <X>2</X>
      <Y>2</Y>
    </DecalOffset>
    <DecalSize>
      <CX>18</CX>
      <CY>18</CY>
    </DecalSize>
  </Button>
  <Button item="TRDW_HisMoney1">
    <ScreenID>TRDW_HisMoney1</ScreenID>
    <RelativePosition>true</RelativePosition>
    <Location>
      <X>13</X>
      <Y>260</Y>
    </Location>
    <Size>
      <CX>70</CX>
      <CY>18</CY>
    </Size>
    <Style_Transparent>false</Style_Transparent>
    <Style_Checkbox>false</Style_Checkbox>
    <Text>60000</Text>
    <TextColor>
      <R>255</R>
      <G>255</G>
      <B>255</B>
    </TextColor>
    <DecalOffset>
      <X>2</X>
      <Y>2</Y>
    </DecalOffset>
    <DecalSize>
      <CX>18</CX>
      <CY>18</CY>
    </DecalSize>
  </Button>
  <Button item="TRDW_HisMoney2">
    <ScreenID>TRDW_HisMoney2</ScreenID>
    <RelativePosition>true</RelativePosition>
    <Location>
      <X>13</X>
      <Y>275</Y>
    </Location>
    <Size>
      <CX>70</CX>
      <CY>20</CY>
    </Size>
    <Style_Transparent>false</Style_Transparent>
    <Style_Checkbox>false</Style_Checkbox>
    <Text>60000</Text>
    <TextColor>
      <R>255</R>
      <G>255</G>
      <B>255</B>
    </TextColor>
    <DecalOffset>
      <X>2</X>
      <Y>2</Y>
    </DecalOffset>
    <DecalSize>
      <CX>18</CX>
      <CY>18</CY>
    </DecalSize>
  </Button>
  <Button item="TRDW_HisMoney3">
    <ScreenID>TRDW_HisMoney3</ScreenID>
    <RelativePosition>true</RelativePosition>
    <Location>
      <X>13</X>
      <Y>294</Y>
    </Location>
    <Size>
      <CX>70</CX>
      <CY>20</CY>
    </Size>
    <Style_Transparent>false</Style_Transparent>
    <Style_Checkbox>false</Style_Checkbox>
    <Text>60000</Text>
    <TextColor>
      <R>255</R>
      <G>255</G>
      <B>255</B>
    </TextColor>
    <DecalOffset>
      <X>2</X>
      <Y>2</Y>
    </DecalOffset>
    <DecalSize>
      <CX>18</CX>
      <CY>18</CY>
    </DecalSize>
  </Button>
  <Label item="TRDW_MyName">
    <ScreenID>TRDW_MyName</ScreenID>
    <RelativePosition>true</RelativePosition>
    <Location>
      <X>125</X>
      <Y>13</Y>
    </Location>
    <Size>
      <CX>95</CX>
      <CY>40</CY>
    </Size>
    <Text>My Name</Text>
    <TextColor>
      <R>255</R>
      <G>255</G>
      <B>255</B>
    </TextColor>
    <NoWrap>false</NoWrap>
    <AlignCenter>true</AlignCenter>
    <AlignRight>false</AlignRight>
  </Label>
  <InvSlot item="TRDW_TradeSlot0">
    <ScreenID>TRDW_TradeSlot0</ScreenID>
    <RelativePosition>true</RelativePosition>
    <Location>
      <X>120</X>
      <Y>38</Y>
    </Location>
    <Size>
      <CX>40</CX>
      <CY>40</CY>
    </Size>
    <EQType>3000</EQType>
    <ItemOffsetX>2</ItemOffsetX>
    <ItemOffsetY>2</ItemOffsetY>
  </InvSlot>
  <InvSlot item="TRDW_TradeSlot1">
    <ScreenID>TRDW_TradeSlot1</ScreenID>
    <!--<Font>3</Font>-->
    <RelativePosition>true</RelativePosition>
    <Location>
      <X>120</X>
      <Y>87</Y>
    </Location>
    <Size>
      <CX>40</CX>
      <CY>40</CY>
    </Size>
    <EQType>3001</EQType>
    <ItemOffsetX>2</ItemOffsetX>
    <ItemOffsetY>2</ItemOffsetY>
  </InvSlot>
  <InvSlot item="TRDW_TradeSlot2">
    <ScreenID>TRDW_TradeSlot2</ScreenID>
    <RelativePosition>true</RelativePosition>
    <Location>
      <X>120</X>
      <Y>136</Y>
    </Location>
    <Size>
      <CX>40</CX>
      <CY>40</CY>
    </Size>
    <EQType>3002</EQType>
    <ItemOffsetX>2</ItemOffsetX>
    <ItemOffsetY>2</ItemOffsetY>
  </InvSlot>
  <InvSlot item="TRDW_TradeSlot3">
    <ScreenID>TRDW_TradeSlot3</ScreenID>
    <RelativePosition>true</RelativePosition>
    <Location>
      <X>120</X>
      <Y>185</Y>
    </Location>
    <Size>
      <CX>40</CX>
      <CY>40</CY>
    </Size>
    <EQType>3003</EQType>
    <ItemOffsetX>2</ItemOffsetX>
    <ItemOffsetY>2</ItemOffsetY>
  </InvSlot>
  <InvSlot item="TRDW_TradeSlot4">
    <ScreenID>TRDW_TradeSlot4</ScreenID>
    <RelativePosition>true</RelativePosition>
    <Location>
      <X>172</X>
      <Y>38</Y>
    </Location>
    <Size>
      <CX>40</CX>
      <CY>40</CY>
    </Size>
    <EQType>3004</EQType>
    <ItemOffsetX>2</ItemOffsetX>
    <ItemOffsetY>2</ItemOffsetY>
  </InvSlot>
  <InvSlot item="TRDW_TradeSlot5">
    <ScreenID>TRDW_TradeSlot5</ScreenID>
    <RelativePosition>true</RelativePosition>
    <Location>
      <X>172</X>
      <Y>87</Y>
    </Location>
    <Size>
      <CX>40</CX>
      <CY>40</CY>
    </Size>
    <EQType>3005</EQType>
    <ItemOffsetX>2</ItemOffsetX>
    <ItemOffsetY>2</ItemOffsetY>
  </InvSlot>
  <InvSlot item="TRDW_TradeSlot6">
    <ScreenID>TRDW_TradeSlot6</ScreenID>
    <!--<Font>3</Font>-->
    <RelativePosition>true</RelativePosition>
    <Location>
      <X>172</X>
      <Y>136</Y>
    </Location>
    <Size>
      <CX>40</CX>
      <CY>40</CY>
    </Size>
    <EQType>3006</EQType>
    <ItemOffsetX>2</ItemOffsetX>
    <ItemOffsetY>2</ItemOffsetY>
  </InvSlot>
  <InvSlot item="TRDW_TradeSlot7">
    <ScreenID>TRDW_TradeSlot7</ScreenID>
    <!--<Font>3</Font>-->
    <RelativePosition>true</RelativePosition>
    <Location>
      <X>172</X>
      <Y>185</Y>
    </Location>
    <Size>
      <CX>40</CX>
      <CY>40</CY>
    </Size>
    <EQType>3007</EQType>
    <ItemOffsetX>2</ItemOffsetX>
    <ItemOffsetY>2</ItemOffsetY>
  </InvSlot>
  <Button item="TRDW_MyMoney0">
    <ScreenID>TRDW_MyMoney0</ScreenID>
    <!--<Font>3</Font>-->
    <RelativePosition>true</RelativePosition>
    <Location>
      <X>138</X>
      <Y>240</Y>
    </Location>
    <Size>
      <CX>70</CX>
      <CY>24</CY>
    </Size>
    <Style_Transparent>false</Style_Transparent>
    <TooltipReference>Drop coins here</TooltipReference>
    <Style_Checkbox>false</Style_Checkbox>
    <Text>60000</Text>
    <TextColor>
      <R>255</R>
      <G>255</G>
      <B>255</B>
    </TextColor>
    <DecalOffset>
      <X>2</X>
      <Y>2</Y>
    </DecalOffset>
    <DecalSize>
      <CX>18</CX>
      <CY>18</CY>
    </DecalSize>
  </Button>
  <Button item="TRDW_MyMoney1">
    <ScreenID>TRDW_MyMoney1</ScreenID>
    <!--<Font>3</Font>-->
    <RelativePosition>true</RelativePosition>
    <Location>
      <X>138</X>
      <Y>260</Y>
    </Location>
    <Size>
      <CX>70</CX>
      <CY>20</CY>
    </Size>
    <Style_Transparent>false</Style_Transparent>
    <TooltipReference>Drop coins here</TooltipReference>
    <Style_Checkbox>false</Style_Checkbox>
    <Text>60000</Text>
    <TextColor>
      <R>255</R>
      <G>255</G>
      <B>255</B>
    </TextColor>
    <DecalOffset>
      <X>2</X>
      <Y>2</Y>
    </DecalOffset>
    <DecalSize>
      <CX>18</CX>
      <CY>18</CY>
    </DecalSize>
  </Button>
  <Button item="TRDW_MyMoney2">
    <ScreenID>TRDW_MyMoney2</ScreenID>
    <!--<Font>3</Font>-->
    <RelativePosition>true</RelativePosition>
    <Location>
      <X>138</X>
      <Y>277</Y>
    </Location>
    <Size>
      <CX>70</CX>
      <CY>18</CY>
    </Size>
    <Style_Transparent>false</Style_Transparent>
    <TooltipReference>Drop coins here</TooltipReference>
    <Style_Checkbox>false</Style_Checkbox>
    <Text>60000</Text>
    <TextColor>
      <R>255</R>
      <G>255</G>
      <B>255</B>
    </TextColor>
    <DecalOffset>
      <X>2</X>
      <Y>2</Y>
    </DecalOffset>
    <DecalSize>
      <CX>18</CX>
      <CY>18</CY>
    </DecalSize>
  </Button>
  <Button item="TRDW_MyMoney3">
    <ScreenID>TRDW_MyMoney3</ScreenID>
    <RelativePosition>true</RelativePosition>
    <Location>
      <X>138</X>
      <Y>294</Y>
    </Location>
    <Size>
      <CX>70</CX>
      <CY>20</CY>
    </Size>
    <Style_Transparent>false</Style_Transparent>
    <TooltipReference>Drop coins here</TooltipReference>
    <Style_Checkbox>false</Style_Checkbox>
    <Text>60000</Text>
    <TextColor>
      <R>255</R>
      <G>255</G>
      <B>255</B>
    </TextColor>
    <DecalOffset>
      <X>2</X>
      <Y>2</Y>
    </DecalOffset>
    <DecalSize>
      <CX>18</CX>
      <CY>18</CY>
    </DecalSize>
  </Button>
    <Ui2DAnimation item="Jib_TradeNormal">
    <Cycle>true</Cycle>
    <Frames>
      <Texture>lootwindow.png</Texture>
      <Location>
        <X>285</X>
        <Y>407</Y>
      </Location>
      <Size>
        <CX>39</CX>
        <CY>39</CY>
      </Size>
      <Hotspot>
        <X>0</X>
        <Y>0</Y>
      </Hotspot>
      <Duration>1000</Duration>
    </Frames>
  </Ui2DAnimation>
      <Ui2DAnimation item="Jib_TradePressed">
    <Cycle>true</Cycle>
    <Frames>
      <Texture>lootwindow.png</Texture>
      <Location>
        <X>143</X>
        <Y>429</Y>
      </Location>
      <Size>
        <CX>39</CX>
        <CY>39</CY>
      </Size>
      <Hotspot>
        <X>0</X>
        <Y>0</Y>
      </Hotspot>
      <Duration>1000</Duration>
    </Frames>
  </Ui2DAnimation>
  <Button item="TRDW_Trade_Button">
    <ScreenID>TRDW_Trade_Button</ScreenID>
    <RelativePosition>true</RelativePosition>
	<Location>
        <X>91</X>
        <Y>342</Y>
      </Location>
      <Size>
        <CX>39</CX>
        <CY>39</CY>
      </Size>
    <Style_Transparent>false</Style_Transparent>
    <Style_Checkbox>false</Style_Checkbox>
    <ButtonDrawTemplate>
      <Normal>Jib_TradeNormal</Normal>
      <Pressed>Jib_TradePressed</Pressed>
      <Flyby>Jib_TradeNormal</Flyby>
      <Disabled>Jib_TradePressed</Disabled>
      <PressedFlyby>Jib_TradePressed</PressedFlyby>
    </ButtonDrawTemplate>
    <!--<SoundPressed/>-->
    <!--<SoundUp/>-->
    <!--<SoundFlyby/>-->
  </Button>
    <Ui2DAnimation item="Jib_TradeCancel">
    <Cycle>true</Cycle>
    <Frames>
      <Texture>lootwindow.png</Texture>
      <Location>
        <X>122</X>
        <Y>469</Y>
      </Location>
      <Size>
        <CX>60</CX>
        <CY>28</CY>
      </Size>
      <Hotspot>
        <X>0</X>
        <Y>0</Y>
      </Hotspot>
      <Duration>1000</Duration>
    </Frames>
  </Ui2DAnimation>
      <Ui2DAnimation item="Jib_TradeCancelPressed">
    <Cycle>true</Cycle>
    <Frames>
      <Texture>lootwindow.png</Texture>
      <Location>
        <X>122</X>
        <Y>400</Y>
      </Location>
      <Size>
        <CX>60</CX>
        <CY>28</CY>
      </Size>
      <Hotspot>
        <X>0</X>
        <Y>0</Y>
      </Hotspot>
      <Duration>1000</Duration>
    </Frames>
  </Ui2DAnimation>
  <Button item="TRDW_Cancel_Button">
    <ScreenID>TRDW_Cancel_Button</ScreenID>
    <!--<Font>3</Font>-->
    <RelativePosition>true</RelativePosition>
    <Location>
        <X>81</X>
        <Y>404</Y>
      </Location>
      <Size>
        <CX>60</CX>
        <CY>28</CY>
      </Size>
    <Style_Transparent>false</Style_Transparent>
    <!--<TooltipReference/>-->
    <Style_Checkbox>false</Style_Checkbox>
    <!--<RadioGroup/>-->

    <ButtonDrawTemplate>
      <Normal>Jib_TradeCancel</Normal>
      <Pressed>Jib_TradeCancelPressed</Pressed>
      <Flyby>Jib_TradeCancel</Flyby>
      <Disabled>Jib_TradeCancelPressed</Disabled>
      <PressedFlyby>Jib_TradeCancelPressed</PressedFlyby>
    </ButtonDrawTemplate>
    <!--<SoundPressed/>-->
    <!--<SoundUp/>-->
    <!--<SoundFlyby/>-->
  </Button>
    <!-- Jibartik Start: This is a static aniamtion of a classic background -->
  <Ui2DAnimation item="Jib_TradeWinBackground">
    <Cycle>true</Cycle>
    <Frames>
      <Texture>lootwindow.png</Texture>
      <Location>
        <X>194</X>
        <!-- changes texture postion -->
        <Y>65</Y>
        <!-- changes texture postion -->
      </Location>
      <Size>
        <CX>223</CX>
        <!-- changes size of image -->
        <CY>446</CY>
        <!-- changes size of image -->
      </Size>
      <Hotspot>
        <X>0</X>
        <Y>0</Y>
      </Hotspot>
      <Duration>1000</Duration>
    </Frames>
  </Ui2DAnimation>
  <!-- this is the end of the pressed button -->
  <!-- Jibartik Start: This positions a static aniamtion on the ui -->
  <StaticAnimation item="TradewinBackgroud">
    <RelativePosition>true</RelativePosition>
    <Location>
      <X>0</X>
      <!-- will move the image around -->
      <Y>0</Y>
      <!-- will move the image around -->
    </Location>
    <Size>
        <CX>223</CX>
        <!-- changes size of image -->
        <CY>446</CY>
      <!-- stretches button around -->
    </Size>
    <Animation>Jib_TradeWinBackground</Animation>
  </StaticAnimation>
  <!-- END: place a static anaitmion -->
  <Screen item="TradeWnd">
    <!--<ScreenID/>-->
    <!--<Font/>-->
    <RelativePosition>false</RelativePosition>
    <Location>
      <X>0</X>
      <Y>25</Y>
    </Location>
    <Size>
        <CX>223</CX>
        <!-- changes size of image -->
        <CY>446</CY>
    </Size>
    <Text>Trade</Text>
    <Style_Transparent>false</Style_Transparent>
    <!--<TooltipReference/>-->
    <DrawTemplate>WDT_RoundedNoTitle</DrawTemplate>
    <Style_Titlebar>false</Style_Titlebar>
    <Style_Closebox>false</Style_Closebox>
    <Style_Minimizebox>false</Style_Minimizebox>
    <Style_Border>false</Style_Border>
    <Style_Sizable>false</Style_Sizable>
	<Pieces>TradewinBackgroud</Pieces>
    <Pieces>TRDW_HisName</Pieces>
    <Pieces>TRDW_TradeSlot8</Pieces>
    <Pieces>TRDW_TradeSlot9</Pieces>
    <Pieces>TRDW_TradeSlot10</Pieces>
    <Pieces>TRDW_TradeSlot11</Pieces>
    <Pieces>TRDW_TradeSlot12</Pieces>
    <Pieces>TRDW_TradeSlot13</Pieces>
    <Pieces>TRDW_TradeSlot14</Pieces>
    <Pieces>TRDW_TradeSlot15</Pieces>
    <Pieces>TRDW_HisMoney0</Pieces>
    <Pieces>TRDW_HisMoney1</Pieces>
    <Pieces>TRDW_HisMoney2</Pieces>
    <Pieces>TRDW_HisMoney3</Pieces>
    <Pieces>TRDW_MyName</Pieces>
    <Pieces>TRDW_TradeSlot0</Pieces>
    <Pieces>TRDW_TradeSlot1</Pieces>
    <Pieces>TRDW_TradeSlot2</Pieces>
    <Pieces>TRDW_TradeSlot3</Pieces>
    <Pieces>TRDW_TradeSlot4</Pieces>
    <Pieces>TRDW_TradeSlot5</Pieces>
    <Pieces>TRDW_TradeSlot6</Pieces>
    <Pieces>TRDW_TradeSlot7</Pieces>
    <Pieces>TRDW_MyMoney0</Pieces>
    <Pieces>TRDW_MyMoney1</Pieces>
    <Pieces>TRDW_MyMoney2</Pieces>
    <Pieces>TRDW_MyMoney3</Pieces>
    <Pieces>TRDW_Trade_Button</Pieces>
    <Pieces>TRDW_Cancel_Button</Pieces>
  </Screen>
</XML>