<?xml version="1.0" encoding="us-ascii"?>
<XML ID="EQInterfaceDefinitionLanguage">
  <Schema xmlns="EverQuestData" xmlns:dt="EverQuestDataTypes" />
  <Label item="Container_Label">
    <ScreenID>Container_Label</ScreenID>
	<Font>1</Font>
    <RelativePosition>true</RelativePosition>
    <Location>
      <X>2</X>
      <Y>12</Y>
    </Location>
    <Size>
      <CX>88</CX>
      <CY>32</CY>
    </Size>
    <Text>Container Name Here</Text>
    <TextColor>
      <R>255</R>
      <G>255</G>
      <B>255</B>
    </TextColor>
    <NoWrap>false</NoWrap>
    <AlignCenter>true</AlignCenter>
    <AlignRight>false</AlignRight>
  </Label>
  <Button item="Container_Icon">
    <ScreenID>Container_Icon</ScreenID>
    <!--<Font>3</Font>-->
    <RelativePosition>true</RelativePosition>
    <Location>
      <X>26</X>
      <Y>38</Y>
    </Location>
    <Size>
      <CX>40</CX>
      <CY>40</CY>
    </Size>
    <Style_VScroll>false</Style_VScroll>
    <Style_HScroll>false</Style_HScroll>
    <Style_Transparent>false</Style_Transparent>
    <!--<TooltipReference/>-->
    <Style_Checkbox>false</Style_Checkbox>
    <!--<RadioGroup/>-->
    <Text />
    <TextColor>
      <R>255</R>
      <G>255</G>
      <B>255</B>
    </TextColor>
    <ButtonDrawTemplate>
      <Normal>Jib_RecessedBox</Normal>
      <NormalDecal>A_DragItem</NormalDecal>
    </ButtonDrawTemplate>
    <DecalOffset>
      <X>0</X>
      <Y>0</Y>
    </DecalOffset>
    <DecalSize>
      <CX>40</CX>
      <CY>40</CY>
    </DecalSize>
  </Button>
  <InvSlot item="ContainerSlot1">
    <ScreenID>ContainerSlot1</ScreenID>
    <!--<Font>3</Font>-->
    <RelativePosition>true</RelativePosition>
    <Location>
      <X>7</X>
      <Y>84</Y>
    </Location>
    <Size>
      <CX>40</CX>
      <CY>40</CY>
    </Size>
    <Background>Jib_RecessedBox</Background>
    <EQType>30</EQType>
    <Style_VScroll>false</Style_VScroll>
    <Style_HScroll>false</Style_HScroll>
    <Style_Transparent>false</Style_Transparent>
    <TooltipReference />
  </InvSlot>
  <InvSlot item="ContainerSlot2">
    <ScreenID>ContainerSlot2</ScreenID>
    <!--<Font>3</Font>-->
    <RelativePosition>true</RelativePosition>
    <Location>
      <X>46</X>
      <Y>84</Y>
    </Location>
    <Size>
      <CX>40</CX>
      <CY>40</CY>
    </Size>
    <Background>Jib_RecessedBox</Background>
    <EQType>31</EQType>
    <Style_VScroll>false</Style_VScroll>
    <Style_HScroll>false</Style_HScroll>
    <Style_Transparent>false</Style_Transparent>
    <TooltipReference />
  </InvSlot>
  <InvSlot item="ContainerSlot3">
    <ScreenID>ContainerSlot3</ScreenID>
    <RelativePosition>true</RelativePosition>
    <Location>
      <X>7</X>
      <Y>123</Y>
    </Location>
    <Size>
      <CX>40</CX>
      <CY>40</CY>
    </Size>
    <Background>Jib_RecessedBox</Background>
    <EQType>32</EQType>
    <Style_VScroll>false</Style_VScroll>
    <Style_HScroll>false</Style_HScroll>
    <Style_Transparent>false</Style_Transparent>
    <TooltipReference />
  </InvSlot>
  <InvSlot item="ContainerSlot4">
    <ScreenID>ContainerSlot4</ScreenID>
    <RelativePosition>true</RelativePosition>
    <Location>
      <X>46</X>
      <Y>123</Y>
    </Location>
    <Size>
      <CX>40</CX>
      <CY>40</CY>
    </Size>
    <Background>Jib_RecessedBox</Background>
    <EQType>33</EQType>
    <Style_VScroll>false</Style_VScroll>
    <Style_HScroll>false</Style_HScroll>
    <Style_Transparent>false</Style_Transparent>
    <TooltipReference />
  </InvSlot>
  <InvSlot item="ContainerSlot5">
    <ScreenID>ContainerSlot5</ScreenID>
    <RelativePosition>true</RelativePosition>
    <Location>
      <X>7</X>
      <Y>162</Y>
    </Location>
    <Size>
      <CX>40</CX>
      <CY>40</CY>
    </Size>
    <Background>Jib_RecessedBox</Background>
    <EQType>34</EQType>
    <Style_VScroll>false</Style_VScroll>
    <Style_HScroll>false</Style_HScroll>
    <Style_Transparent>false</Style_Transparent>
    <TooltipReference />
  </InvSlot>
  <InvSlot item="ContainerSlot6">
    <ScreenID>ContainerSlot6</ScreenID>
    <RelativePosition>true</RelativePosition>
    <Location>
      <X>46</X>
      <Y>162</Y>
    </Location>
    <Size>
      <CX>40</CX>
      <CY>40</CY>
    </Size>
    <Background>Jib_RecessedBox</Background>
    <EQType>35</EQType>
    <Style_VScroll>false</Style_VScroll>
    <Style_HScroll>false</Style_HScroll>
    <Style_Transparent>false</Style_Transparent>
    <TooltipReference />
  </InvSlot>
  <InvSlot item="ContainerSlot7">
    <ScreenID>ContainerSlot7</ScreenID>
    <RelativePosition>true</RelativePosition>
    <Location>
      <X>7</X>
      <Y>201</Y>
    </Location>
    <Size>
      <CX>40</CX>
      <CY>40</CY>
    </Size>
    <Background>Jib_RecessedBox</Background>
    <EQType>36</EQType>
    <Style_VScroll>false</Style_VScroll>
    <Style_HScroll>false</Style_HScroll>
    <Style_Transparent>false</Style_Transparent>
    <TooltipReference />
  </InvSlot>
  <InvSlot item="ContainerSlot8">
    <ScreenID>ContainerSlot8</ScreenID>
    <RelativePosition>true</RelativePosition>
    <Location>
      <X>46</X>
      <Y>201</Y>
    </Location>
    <Size>
      <CX>40</CX>
      <CY>40</CY>
    </Size>
    <Background>Jib_RecessedBox</Background>
    <EQType>37</EQType>
    <Style_VScroll>false</Style_VScroll>
    <Style_HScroll>false</Style_HScroll>
    <Style_Transparent>false</Style_Transparent>
    <TooltipReference />
  </InvSlot>
  <InvSlot item="ContainerSlot9">
    <ScreenID>ContainerSlot9</ScreenID>
    <RelativePosition>true</RelativePosition>
    <Location>
      <X>7</X>
      <Y>240</Y>
    </Location>
    <Size>
      <CX>40</CX>
      <CY>40</CY>
    </Size>
    <Background>Jib_RecessedBox</Background>
    <EQType>38</EQType>
    <Style_VScroll>false</Style_VScroll>
    <Style_HScroll>false</Style_HScroll>
    <Style_Transparent>false</Style_Transparent>
    <TooltipReference />
  </InvSlot>
  <InvSlot item="ContainerSlot10">
    <ScreenID>ContainerSlot10</ScreenID>
    <RelativePosition>true</RelativePosition>
    <Location>
      <X>46</X>
      <Y>240</Y>
    </Location>
    <Size>
      <CX>40</CX>
      <CY>40</CY>
    </Size>
    <Background>Jib_RecessedBox</Background>
    <EQType>39</EQType>
    <Style_VScroll>false</Style_VScroll>
    <Style_HScroll>false</Style_HScroll>
    <Style_Transparent>false</Style_Transparent>
    <TooltipReference />
  </InvSlot>
  <Button item="Container_Combine">
    <ScreenID>Container_Combine</ScreenID>
    <!--<Font>3</Font>-->
    <RelativePosition>true</RelativePosition>
    <Location>
      <X>20</X>
      <Y>284</Y>
    </Location>
    <Size>
      <CX>79</CX>
      <CY>19</CY>
    </Size>
    <Style_VScroll>false</Style_VScroll>
    <Style_HScroll>false</Style_HScroll>
    <Style_Transparent>false</Style_Transparent>
    <!--<TooltipReference/>-->
    <Style_Checkbox>false</Style_Checkbox>
    <!--<RadioGroup/>-->
    <ButtonDrawTemplate>
      <Normal>A_ClassicCombineNormal</Normal>
      <Pressed>A_ClassicCombinePressed</Pressed>
      <Flyby>A_ClassicCombineNormal</Flyby>
      <Disabled>A_ClassicCombinePressed</Disabled>
      <PressedFlyby>A_ClassicCombinePressed</PressedFlyby>
    </ButtonDrawTemplate>
  </Button>
  <Button item="Container_DoneButton">
    <ScreenID>DoneButton</ScreenID>
    <!--<Font>3</Font>-->
    <RelativePosition>true</RelativePosition>
    <Location>
      <X>25</X>
      <Y>312</Y>
    </Location>
    <Size>
      <CX>48</CX>
      <CY>19</CY>
    </Size>
    <Style_Transparent>false</Style_Transparent>
    <!--<TooltipReference/>-->
    <Style_Checkbox>false</Style_Checkbox>
    <!--<RadioGroup/>-->
    <ButtonDrawTemplate>
      <Normal>A_ClassicDoneNormal</Normal>
      <Pressed>A_ClassicDonePressed</Pressed>
      <Flyby>A_ClassicDoneNormal</Flyby>
      <Disabled>A_ClassicDonePressed</Disabled>
      <PressedFlyby>A_ClassicDonePressed</PressedFlyby>
    </ButtonDrawTemplate>
  </Button>
   <Ui2DAnimation item="Jib_ContBottom">
    <Cycle>true</Cycle>
    <Frames>
      <Texture>lootwindow.png</Texture>
      <Location>
        <X>418</X>
        <Y>368</Y>
      </Location>
      <Size>
        <CX>93</CX>
        <CY>5</CY>
      </Size>
      <Hotspot>
        <X>0</X>
        <Y>0</Y>
      </Hotspot>
      <Duration>1000</Duration>
    </Frames>
   </Ui2DAnimation>
    <Button item="Container_Bottom">
    <ScreenID>BotButton</ScreenID>
    <!--<Font>3</Font>-->
    <RelativePosition>true</RelativePosition>
	<AutoStretch>true</AutoStretch>
    <LeftAnchorOffset>-1</LeftAnchorOffset>
    <TopAnchorOffset>5</TopAnchorOffset>
    <RightAnchorOffset>0</RightAnchorOffset>
    <BottomAnchorOffset>0</BottomAnchorOffset>
    <TopAnchorToTop>false</TopAnchorToTop>
    <BottomAnchorToTop>false</BottomAnchorToTop>
    <RightAnchorToLeft>false</RightAnchorToLeft>
    <LeftAnchorToLeft>true</LeftAnchorToLeft>
    <Style_Transparent>false</Style_Transparent>
    <Style_Checkbox>false</Style_Checkbox>
    <ButtonDrawTemplate>
      <Normal>Jib_ContBottom</Normal>
      <Pressed>Jib_ContBottom</Pressed>
      <Flyby>Jib_ContBottom</Flyby>
      <Disabled>Jib_ContBottom</Disabled>
      <PressedFlyby>Jib_ContBottom</PressedFlyby>
    </ButtonDrawTemplate>
  </Button>
  <Label item="Augment_Label">
    <ScreenID>Augment_Label</ScreenID>
    <!--<Font>3</Font>-->
    <RelativePosition>true</RelativePosition>
    <Location>
      <X>95</X>
      <Y>5</Y>
    </Location>
    <Size>
      <CX>88</CX>
      <CY>20</CY>
    </Size>
    <Text>Augments</Text>
    <TextColor>
      <R>255</R>
      <G>255</G>
      <B>255</B>
    </TextColor>
    <NoWrap>false</NoWrap>
    <AlignCenter>false</AlignCenter>
    <AlignRight>false</AlignRight>
  </Label>
  <Label item="AugmentInfoLabel">
    <ScreenID>AugmentInfoLabel</ScreenID>
    <!--<Font>3</Font>-->
    <RelativePosition>true</RelativePosition>
    <Location>
      <X>95</X>
      <Y>96</Y>
    </Location>
    <Size>
      <CX>220</CX>
      <CY>30</CY>
    </Size>
    <Text>None</Text>
    <TextColor>
      <R>255</R>
      <G>255</G>
      <B>255</B>
    </TextColor>
    <NoWrap>false</NoWrap>
    <AlignCenter>false</AlignCenter>
    <AlignRight>false</AlignRight>
  </Label>
  <Listbox item="AugmentList">
    <ScreenID>AugmentList</ScreenID>
    <DrawTemplate>WDT_Inner</DrawTemplate>
    <Location>
      <X>95</X>
      <Y>25</Y>
    </Location>
    <Size>
      <CX>220</CX>
      <CY>70</CY>
    </Size>
    <Columns>
      <Width>150</Width>
    </Columns>
    <Style_Border>true</Style_Border>
    <Style_VScroll>false</Style_VScroll>
  </Listbox>
  <Button item="InsertButton">
    <ScreenID>InsertButton</ScreenID>
    <!--<Font>3</Font>-->
    <RelativePosition>true</RelativePosition>
    <Location>
      <X>160</X>
      <Y>130</Y>
    </Location>
    <Size>
      <CX>70</CX>
      <CY>24</CY>
    </Size>
    <Style_Transparent>false</Style_Transparent>
    <!--<TooltipReference/>-->
    <Style_Checkbox>false</Style_Checkbox>
    <!--<RadioGroup/>-->
    <Text>Insert</Text>
    <TextColor>
      <R>7</R>
      <G>7</G>
      <B>7</B>
    </TextColor>
    <ButtonDrawTemplate>
      <Normal>A_BtnNormal</Normal>
      <Pressed>A_BtnPressed</Pressed>
      <Flyby>A_BtnFlyby</Flyby>
      <Disabled>A_BtnDisabled</Disabled>
      <PressedFlyby>A_BtnPressedFlyby</PressedFlyby>
    </ButtonDrawTemplate>
  </Button>
  <Button item="RemoveButton">
    <ScreenID>RemoveButton</ScreenID>
    <!--<Font>3</Font>-->
    <RelativePosition>true</RelativePosition>
    <Location>
      <X>160</X>
      <Y>130</Y>
    </Location>
    <Size>
      <CX>70</CX>
      <CY>24</CY>
    </Size>
    <Style_Transparent>false</Style_Transparent>
    <!--<TooltipReference/>-->
    <Style_Checkbox>false</Style_Checkbox>
    <!--<RadioGroup/>-->
    <Text>Remove</Text>
    <TextColor>
      <R>255</R>
      <G>255</G>
      <B>255</B>
    </TextColor>
    <ButtonDrawTemplate>
      <Normal>A_BtnNormal</Normal>
      <Pressed>A_BtnPressed</Pressed>
      <Flyby>A_BtnFlyby</Flyby>
      <Disabled>A_BtnDisabled</Disabled>
      <PressedFlyby>A_BtnPressedFlyby</PressedFlyby>
    </ButtonDrawTemplate>
  </Button>
  <Button item="DeleteButton">
    <ScreenID>DeleteButton</ScreenID>
    <!--<Font>3</Font>-->
    <RelativePosition>true</RelativePosition>
    <Location>
      <X>160</X>
      <Y>130</Y>
    </Location>
    <Size>
      <CX>70</CX>
      <CY>24</CY>
    </Size>
    <Style_Transparent>false</Style_Transparent>
    <!--<TooltipReference/>-->
    <Style_Checkbox>false</Style_Checkbox>
    <!--<RadioGroup/>-->
    <Text>Delete</Text>
    <TextColor>
      <R>255</R>
      <G>255</G>
      <B>255</B>
    </TextColor>
    <ButtonDrawTemplate>
      <Normal>A_BtnNormal</Normal>
      <Pressed>A_BtnPressed</Pressed>
      <Flyby>A_BtnFlyby</Flyby>
      <Disabled>A_BtnDisabled</Disabled>
      <PressedFlyby>A_BtnPressedFlyby</PressedFlyby>
    </ButtonDrawTemplate>
  </Button>
  <!-- end load texture map -->
  <Ui2DAnimation item="Jib_ContBackground">
    <Cycle>true</Cycle>
    <Frames>
      <Texture>lootwindow.png</Texture>
      <Location>
        <X>418</X>
        <Y>0</Y>
      </Location>
      <Size>
        <CX>96</CX>
        <CY>373</CY>
      </Size>
      <Hotspot>
        <X>0</X>
        <Y>0</Y>
      </Hotspot>
      <Duration>1000</Duration>
    </Frames>
  </Ui2DAnimation>
<!-- Jibartik Start: This positions a static aniamtion on the ui -->
  <StaticAnimation item="ContainerBackgroud">
    <RelativePosition>true</RelativePosition>
    <Location>
      <X>0</X>
      <Y>0</Y>
    </Location>
    <Size>
        <CX>96</CX>
        <CY>373</CY>
    </Size>
    <Animation>Jib_ContBackground</Animation>
  </StaticAnimation>
<!-- END: place a static anaitmion -->
  <Screen item="ContainerWindow">
    <!--<ScreenID/>-->
    <!--<Font/>-->
    <RelativePosition>false</RelativePosition>
    <Location>
      <X>350</X>
      <Y>100</Y>
    </Location>
    <Size>
      <CX>96</CX>
      <CY>364</CY>
    </Size>
    <Style_VScroll>false</Style_VScroll>
    <Style_HScroll>false</Style_HScroll>
    <Style_Transparent>false</Style_Transparent>
    <TooltipReference>Container</TooltipReference>
    <DrawTemplate>WDT_RoundedNoTitle</DrawTemplate>
    <Style_Titlebar>false</Style_Titlebar>
    <Style_Closebox>false</Style_Closebox>
    <Style_Minimizebox>false</Style_Minimizebox>
    <Style_Border>true</Style_Border>
    <Style_Sizable>false</Style_Sizable>
	<Pieces>ContainerBackgroud</Pieces>
    <Pieces>Container_Label</Pieces>
    <Pieces>Container_Icon</Pieces>
    <Pieces>ContainerSlot1</Pieces>
    <Pieces>ContainerSlot2</Pieces>
    <Pieces>ContainerSlot3</Pieces>
    <Pieces>ContainerSlot4</Pieces>
    <Pieces>ContainerSlot5</Pieces>
    <Pieces>ContainerSlot6</Pieces>
    <Pieces>ContainerSlot7</Pieces>
    <Pieces>ContainerSlot8</Pieces>
    <Pieces>ContainerSlot9</Pieces>
    <Pieces>ContainerSlot10</Pieces>
    <Pieces>Container_Combine</Pieces>
    <Pieces>Container_DoneButton</Pieces>
	<Pieces>Container_Bottom</Pieces>
    <Pieces>AugmentList</Pieces>
    <Pieces>Augment_Label</Pieces>
    <Pieces>InsertButton</Pieces>
    <Pieces>RemoveButton</Pieces>
    <Pieces>DeleteButton</Pieces>
    <Pieces>AugmentInfoLabel</Pieces>
  </Screen>
</XML>