<?xml version="1.0" encoding="us-ascii"?>
<XML ID="EQInterfaceDefinitionLanguage">
	<Schema xmlns="EverQuestData" xmlns:dt="EverQuestDataTypes" />
	<TextureInfo item="TargetBox.tga">
		<Size>
			<CX>128</CX>
			<CY>32</CY>
		</Size>
	</TextureInfo>
	<Ui2DAnimation item="A_TargetBox">
		<Cycle>false</Cycle>
		<Frames>
			<Texture>TargetBox.tga</Texture>
			<Location>
				<X>0</X>
				<Y>0</Y>
			</Location>
			<Size>
				<CX>116</CX>
				<CY>30</CY>
			</Size>
		</Frames>
	</Ui2DAnimation>
	<StaticAnimation item="A_TargetBoxStaticAnim">
		<ScreenID>A_TargetBoxStaticAnim</ScreenID>
		<Animation>A_TargetBox</Animation>
	</StaticAnimation>
	<Gauge item="Target_HP">
		<ScreenID>TargetHP</ScreenID>
		<Font>3</Font>
		<TextColor>
			<R>240</R>
			<G>240</G>
			<B>240</B>
		</TextColor>
		<RelativePosition>true</RelativePosition>
		<Location>
			<X>5</X>
			<Y>2</Y>
		</Location>
		<Size>
			<CX>108</CX>
			<CY>27</CY>
		</Size>
		<GaugeOffsetY>16</GaugeOffsetY>
		<TextOffsetX>8</TextOffsetX>
		<Style_VScroll>false</Style_VScroll>
		<Style_HScroll>false</Style_HScroll>
		<Style_Transparent>false</Style_Transparent>
		<TooltipReference />
		<FillTint>
			<R>240</R>
			<G>0</G>
			<B>0</B>
		</FillTint>
		<LinesFillTint>
			<R>220</R>
			<G>220</G>
			<B>0</B>
		</LinesFillTint>
		<DrawLinesFill>false</DrawLinesFill>
		<EQType>6</EQType>
		<GaugeDrawTemplate>
			<Background>A_GaugeBackground</Background>
			<Fill>A_GaugeFill</Fill>
			<Lines>A_GaugeLines</Lines>
			<LinesFill>A_GaugeLinesFill</LinesFill>
			<EndCapLeft>A_GaugeEndCapLeft</EndCapLeft>
			<EndCapRight>A_GaugeEndCapRight</EndCapRight>
		</GaugeDrawTemplate>
	</Gauge>
	<Label item="Target_HPLabel">
		<ScreenID>HPLabel</ScreenID>
		<EQType>29</EQType>
		<RelativePosition>true</RelativePosition>
		<Font>1</Font>
		<Location>
			<X>7</X>
			<Y>17</Y>
		</Location>
		<Size>
			<CX>60</CX>
			<CY>12</CY>
		</Size>
		<Text>Playername123456</Text>
		<TextColor>
			<R>255</R>
			<G>255</G>
			<B>255</B>
		</TextColor>
		<NoWrap>true</NoWrap>
		<AlignCenter>false</AlignCenter>
		<AlignRight>true</AlignRight>
	</Label>
	<Label item="Target_HPPercLabel">
		<ScreenID>HPPercLabel</ScreenID>
		<RelativePosition>true</RelativePosition>
		<Font>1</Font>
		<Location>
			<X>66</X>
			<Y>17</Y>
		</Location>
		<Size>
			<CX>16</CX>
			<CY>12</CY>
		</Size>
		<Text>%</Text>
		<TextColor>
			<R>255</R>
			<G>255</G>
			<B>255</B>
		</TextColor>
		<NoWrap>true</NoWrap>
		<AlignCenter>false</AlignCenter>
		<AlignRight>false</AlignRight>
	</Label>
	<Screen item="TargetWindow">
		<ScreenID />
		<RelativePosition>false</RelativePosition>
		<Location>
			<X>516</X>
			<Y>242</Y>
		</Location>
		<Size>
			<CX>147</CX>
			<CY>50</CY>
		</Size>
		<Style_VScroll>false</Style_VScroll>
		<Style_HScroll>false</Style_HScroll>
		<Style_Transparent>false</Style_Transparent>
		<TooltipReference>Your Current Target</TooltipReference>
		<DrawTemplate>WDT_Filigree2</DrawTemplate>
		<Style_Titlebar>true</Style_Titlebar>
		<Style_Closebox>false</Style_Closebox>
		<Style_Minimizebox>false</Style_Minimizebox>
		<Style_Border>true</Style_Border>
		<Style_Sizable>false</Style_Sizable>
		<Pieces>Target_HP</Pieces>
		<Pieces>Target_HPLabel</Pieces>
		<Pieces>Target_HPPercLabel</Pieces>
		<Pieces>A_TargetBoxStaticAnim</Pieces>
	</Screen>
</XML>
