<?xml version="1.0" encoding="UTF-8"?>
<XML ID="EQInterfaceDefinitionLanguage">
        <Schema xmlns="EverQuestData" xmlns:dt="EverQuestDataTypes" />
        <Button item="ADOW_ShadowsCheckbox">
                <ScreenID>ADOW_ShadowsCheckbox</ScreenID>
                <Font>3</Font>
                <RelativePosition>true</RelativePosition>
                <Location>
                        <X>180</X>
                        <Y>115</Y>
                </Location>
                <Size>
                        <CX>12</CX>
                        <CY>12</CY>
                </Size>
                <AutoStretch>false</AutoStretch>
                <TopAnchorToTop>true</TopAnchorToTop>
                <LeftAnchorToLeft>true</LeftAnchorToLeft>
                <BottomAnchorToTop>true</BottomAnchorToTop>
                <RightAnchorToLeft>true</RightAnchorToLeft>
                <TopAnchorOffset>0</TopAnchorOffset>
                <BottomAnchorOffset>0</BottomAnchorOffset>
                <LeftAnchorOffset>0</LeftAnchorOffset>
                <RightAnchorOffset>0</RightAnchorOffset>
                <Text />
                <TextColor>
                        <Alpha>255</Alpha>
                        <R>255</R>
                        <G>255</G>
                        <B>255</B>
                </TextColor>
                <Style_VScroll>false</Style_VScroll>
                <Style_HScroll>false</Style_HScroll>
                <Style_Transparent>false</Style_Transparent>
                <Style_Border>false</Style_Border>
                <Style_Checkbox>true</Style_Checkbox>
                <Text />
                <ButtonDrawTemplate>
                        <Normal>A_CheckBoxNormal</Normal>
                        <Pressed>A_CheckBoxPressed</Pressed>
                        <Flyby>A_CheckBoxNormal</Flyby>
                        <Disabled>A_CheckBoxNormal</Disabled>
                        <PressedFlyby>A_CheckBoxPressed</PressedFlyby>
                </ButtonDrawTemplate>
        </Button>
        <Button item="ADOW_WaterSwapCheckbox">
                <ScreenID>ADOW_WaterSwapCheckbox</ScreenID>
                <Font>3</Font>
                <RelativePosition>true</RelativePosition>
                <Location>
                        <X>9</X>
                        <Y>100</Y>
                </Location>
                <Size>
                        <CX>12</CX>
                        <CY>12</CY>
                </Size>
                <AutoStretch>false</AutoStretch>
                <TopAnchorToTop>true</TopAnchorToTop>
                <LeftAnchorToLeft>true</LeftAnchorToLeft>
                <BottomAnchorToTop>true</BottomAnchorToTop>
                <RightAnchorToLeft>true</RightAnchorToLeft>
                <TopAnchorOffset>0</TopAnchorOffset>
                <BottomAnchorOffset>0</BottomAnchorOffset>
                <LeftAnchorOffset>0</LeftAnchorOffset>
                <RightAnchorOffset>0</RightAnchorOffset>
                <Text />
                <TextColor>
                        <Alpha>255</Alpha>
                        <R>255</R>
                        <G>255</G>
                        <B>255</B>
                </TextColor>
                <Style_VScroll>false</Style_VScroll>
                <Style_HScroll>false</Style_HScroll>
                <Style_Transparent>false</Style_Transparent>
                <Style_Border>false</Style_Border>
                <Style_Checkbox>true</Style_Checkbox>
                <Text />
                <ButtonDrawTemplate>
                        <Normal>A_CheckBoxNormal</Normal>
                        <Pressed>A_CheckBoxPressed</Pressed>
                        <Flyby>A_CheckBoxNormal</Flyby>
                        <Disabled>A_CheckBoxNormal</Disabled>
                        <PressedFlyby>A_CheckBoxPressed</PressedFlyby>
                </ButtonDrawTemplate>
        </Button>
        <Button item="ADOW_20PixelShadersCheckbox">
                <ScreenID>ADOW_20PixelShadersCheckbox</ScreenID>
                <Font>3</Font>
                <RelativePosition>true</RelativePosition>
                <Location>
                        <X>180</X>
                        <Y>70</Y>
                </Location>
                <Size>
                        <CX>12</CX>
                        <CY>12</CY>
                </Size>
                <AutoStretch>false</AutoStretch>
                <TopAnchorToTop>true</TopAnchorToTop>
                <LeftAnchorToLeft>true</LeftAnchorToLeft>
                <BottomAnchorToTop>true</BottomAnchorToTop>
                <RightAnchorToLeft>true</RightAnchorToLeft>
                <TopAnchorOffset>0</TopAnchorOffset>
                <BottomAnchorOffset>0</BottomAnchorOffset>
                <LeftAnchorOffset>0</LeftAnchorOffset>
                <RightAnchorOffset>0</RightAnchorOffset>
                <Text />
                <TextColor>
                        <Alpha>255</Alpha>
                        <R>255</R>
                        <G>255</G>
                        <B>255</B>
                </TextColor>
                <Style_VScroll>false</Style_VScroll>
                <Style_HScroll>false</Style_HScroll>
                <Style_Transparent>false</Style_Transparent>
                <Style_Border>false</Style_Border>
                <Style_Checkbox>true</Style_Checkbox>
                <Text />
                <ButtonDrawTemplate>
                        <Normal>A_CheckBoxNormal</Normal>
                        <Pressed>A_CheckBoxPressed</Pressed>
                        <Flyby>A_CheckBoxNormal</Flyby>
                        <Disabled>A_CheckBoxNormal</Disabled>
                        <PressedFlyby>A_CheckBoxPressed</PressedFlyby>
                </ButtonDrawTemplate>
        </Button>
        <Button item="ADOW_11PixelShadersCheckbox">
                <ScreenID>ADOW_11PixelShadersCheckbox</ScreenID>
                <Font>3</Font>
                <RelativePosition>true</RelativePosition>
                <Location>
                        <X>180</X>
                        <Y>38</Y>
                </Location>
                <Size>
                        <CX>12</CX>
                        <CY>12</CY>
                </Size>
                <AutoStretch>false</AutoStretch>
                <TopAnchorToTop>true</TopAnchorToTop>
                <LeftAnchorToLeft>true</LeftAnchorToLeft>
                <BottomAnchorToTop>true</BottomAnchorToTop>
                <RightAnchorToLeft>true</RightAnchorToLeft>
                <TopAnchorOffset>0</TopAnchorOffset>
                <BottomAnchorOffset>0</BottomAnchorOffset>
                <LeftAnchorOffset>0</LeftAnchorOffset>
                <RightAnchorOffset>0</RightAnchorOffset>
                <Text />
                <TextColor>
                        <Alpha>255</Alpha>
                        <R>255</R>
                        <G>255</G>
                        <B>255</B>
                </TextColor>
                <Style_VScroll>false</Style_VScroll>
                <Style_HScroll>false</Style_HScroll>
                <Style_Transparent>false</Style_Transparent>
                <Style_Border>false</Style_Border>
                <Style_Checkbox>true</Style_Checkbox>
                <Text />
                <ButtonDrawTemplate>
                        <Normal>A_CheckBoxNormal</Normal>
                        <Pressed>A_CheckBoxPressed</Pressed>
                        <Flyby>A_CheckBoxNormal</Flyby>
                        <Disabled>A_CheckBoxNormal</Disabled>
                        <PressedFlyby>A_CheckBoxPressed</PressedFlyby>
                </ButtonDrawTemplate>
        </Button>
        <Button item="ADOW_VertexShadersCheckbox">
                <ScreenID>ADOW_VertexShadersCheckbox</ScreenID>
                <Font>3</Font>
                <RelativePosition>true</RelativePosition>
                <Location>
                        <X>180</X>
                        <Y>22</Y>
                </Location>
                <Size>
                        <CX>12</CX>
                        <CY>12</CY>
                </Size>
                <AutoStretch>false</AutoStretch>
                <TopAnchorToTop>true</TopAnchorToTop>
                <LeftAnchorToLeft>true</LeftAnchorToLeft>
                <BottomAnchorToTop>true</BottomAnchorToTop>
                <RightAnchorToLeft>true</RightAnchorToLeft>
                <TopAnchorOffset>0</TopAnchorOffset>
                <BottomAnchorOffset>0</BottomAnchorOffset>
                <LeftAnchorOffset>0</LeftAnchorOffset>
                <RightAnchorOffset>0</RightAnchorOffset>
                <Text />
                <TextColor>
                        <Alpha>255</Alpha>
                        <R>255</R>
                        <G>255</G>
                        <B>255</B>
                </TextColor>
                <Style_VScroll>false</Style_VScroll>
                <Style_HScroll>false</Style_HScroll>
                <Style_Transparent>false</Style_Transparent>
                <Style_Border>false</Style_Border>
                <Style_Checkbox>true</Style_Checkbox>
                <Text />
                <ButtonDrawTemplate>
                        <Normal>A_CheckBoxNormal</Normal>
                        <Pressed>A_CheckBoxPressed</Pressed>
                        <Flyby>A_CheckBoxNormal</Flyby>
                        <Disabled>A_CheckBoxNormal</Disabled>
                        <PressedFlyby>A_CheckBoxPressed</PressedFlyby>
                </ButtonDrawTemplate>
        </Button>
        <Label item="ADOW_ActorClipPlaneLabel">
                <ScreenID>ADOW_ActorClipPlaneLabel</ScreenID>
                <Font>3</Font>
                <RelativePosition>true</RelativePosition>
                <Location>
                        <X>196</X>
                        <Y>170</Y>
                </Location>
                <Size>
                        <CX>100</CX>
                        <CY>14</CY>
                </Size>
                <AutoStretch>false</AutoStretch>
                <TopAnchorToTop>true</TopAnchorToTop>
                <LeftAnchorToLeft>true</LeftAnchorToLeft>
                <BottomAnchorToTop>true</BottomAnchorToTop>
                <RightAnchorToLeft>true</RightAnchorToLeft>
                <TopAnchorOffset>0</TopAnchorOffset>
                <BottomAnchorOffset>0</BottomAnchorOffset>
                <LeftAnchorOffset>0</LeftAnchorOffset>
                <RightAnchorOffset>0</RightAnchorOffset>
                <Text>Actor Clip Plane</Text>
                <TextColor>
                        <Alpha>255</Alpha>
                        <R>255</R>
                        <G>255</G>
                        <B>255</B>
                </TextColor>
                <Style_VScroll>false</Style_VScroll>
                <Style_HScroll>false</Style_HScroll>
                <Style_Transparent>false</Style_Transparent>
                <Style_Border>false</Style_Border>
                <EQType>0</EQType>
                <NoWrap>true</NoWrap>
                <AlignCenter>false</AlignCenter>
                <AlignRight>false</AlignRight>
        </Label>
        <Slider item="ADOW_ActorClipPlaneSlider">
                <ScreenID>ADOW_ActorClipPlaneSlider</ScreenID>
                <Font>3</Font>
                <RelativePosition>true</RelativePosition>
                <Location>
                        <X>194</X>
                        <Y>185</Y>
                </Location>
                <Size>
                        <CX>100</CX>
                        <CY>16</CY>
                </Size>
                <AutoStretch>false</AutoStretch>
                <TopAnchorToTop>true</TopAnchorToTop>
                <LeftAnchorToLeft>true</LeftAnchorToLeft>
                <BottomAnchorToTop>true</BottomAnchorToTop>
                <RightAnchorToLeft>true</RightAnchorToLeft>
                <TopAnchorOffset>0</TopAnchorOffset>
                <BottomAnchorOffset>0</BottomAnchorOffset>
                <LeftAnchorOffset>0</LeftAnchorOffset>
                <RightAnchorOffset>0</RightAnchorOffset>
                <Style_VScroll>false</Style_VScroll>
                <Style_HScroll>false</Style_HScroll>
                <Style_Transparent>false</Style_Transparent>
                <Style_Border>false</Style_Border>
                <SliderArt>SDT_DefSlider</SliderArt>
        </Slider>
        <Label item="ADOW_ShadowClipPlaneLabel">
                <ScreenID>ADOW_ShadowClipPlaneLabel</ScreenID>
                <Font>3</Font>
                <RelativePosition>true</RelativePosition>
                <Location>
                        <X>195</X>
                        <Y>133</Y>
                </Location>
                <Size>
                        <CX>110</CX>
                        <CY>14</CY>
                </Size>
                <AutoStretch>false</AutoStretch>
                <TopAnchorToTop>true</TopAnchorToTop>
                <LeftAnchorToLeft>true</LeftAnchorToLeft>
                <BottomAnchorToTop>true</BottomAnchorToTop>
                <RightAnchorToLeft>true</RightAnchorToLeft>
                <TopAnchorOffset>0</TopAnchorOffset>
                <BottomAnchorOffset>0</BottomAnchorOffset>
                <LeftAnchorOffset>0</LeftAnchorOffset>
                <RightAnchorOffset>0</RightAnchorOffset>
                <Text>Shadow Clip Plane</Text>
                <TextColor>
                        <Alpha>255</Alpha>
                        <R>255</R>
                        <G>255</G>
                        <B>255</B>
                </TextColor>
                <Style_VScroll>false</Style_VScroll>
                <Style_HScroll>false</Style_HScroll>
                <Style_Transparent>false</Style_Transparent>
                <Style_Border>false</Style_Border>
                <EQType>0</EQType>
                <NoWrap>true</NoWrap>
                <AlignCenter>false</AlignCenter>
                <AlignRight>false</AlignRight>
        </Label>
        <Slider item="ADOW_ShadowClipPlaneSlider">
                <ScreenID>ADOW_ShadowClipPlaneSlider</ScreenID>
                <Font>3</Font>
                <RelativePosition>true</RelativePosition>
                <Location>
                        <X>194</X>
                        <Y>147</Y>
                </Location>
                <Size>
                        <CX>100</CX>
                        <CY>16</CY>
                </Size>
                <AutoStretch>false</AutoStretch>
                <TopAnchorToTop>true</TopAnchorToTop>
                <LeftAnchorToLeft>true</LeftAnchorToLeft>
                <BottomAnchorToTop>true</BottomAnchorToTop>
                <RightAnchorToLeft>true</RightAnchorToLeft>
                <TopAnchorOffset>0</TopAnchorOffset>
                <BottomAnchorOffset>0</BottomAnchorOffset>
                <LeftAnchorOffset>0</LeftAnchorOffset>
                <RightAnchorOffset>0</RightAnchorOffset>
                <Style_VScroll>false</Style_VScroll>
                <Style_HScroll>false</Style_HScroll>
                <Style_Transparent>false</Style_Transparent>
                <Style_Border>false</Style_Border>
                <SliderArt>SDT_DefSlider</SliderArt>
        </Slider>
        <Label item="ADOW_OnZoningLabel">
                <ScreenID>ADOW_OnZoningLabel</ScreenID>
                <Font>2</Font>
                <RelativePosition>true</RelativePosition>
                <Location>
                        <X>162</X>
                        <Y>210</Y>
                </Location>
                <Size>
                        <CX>170</CX>
                        <CY>12</CY>
                </Size>
                <AutoStretch>false</AutoStretch>
                <TopAnchorToTop>true</TopAnchorToTop>
                <LeftAnchorToLeft>true</LeftAnchorToLeft>
                <BottomAnchorToTop>true</BottomAnchorToTop>
                <RightAnchorToLeft>true</RightAnchorToLeft>
                <TopAnchorOffset>0</TopAnchorOffset>
                <BottomAnchorOffset>0</BottomAnchorOffset>
                <LeftAnchorOffset>0</LeftAnchorOffset>
                <RightAnchorOffset>0</RightAnchorOffset>
                <Text>* Takes effect next time you zone.</Text>
                <TextColor>
                        <Alpha>255</Alpha>
                        <R>192</R>
                        <G>192</G>
                        <B>192</B>
                </TextColor>
                <Style_VScroll>false</Style_VScroll>
                <Style_HScroll>false</Style_HScroll>
                <Style_Transparent>false</Style_Transparent>
                <Style_Border>false</Style_Border>
                <EQType>0</EQType>
                <NoWrap>true</NoWrap>
                <AlignCenter>false</AlignCenter>
                <AlignRight>false</AlignRight>
        </Label>
        <Label item="ADOW_SkyReflectionSizeLabel">
                <ScreenID>ADOW_SkyReflectionSizeLabel</ScreenID>
                <Font>3</Font>
                <RelativePosition>true</RelativePosition>
                <Location>
                        <X>9</X>
                        <Y>122</Y>
                </Location>
                <Size>
                        <CX>161</CX>
                        <CY>14</CY>
                </Size>
                <AutoStretch>false</AutoStretch>
                <TopAnchorToTop>true</TopAnchorToTop>
                <LeftAnchorToLeft>true</LeftAnchorToLeft>
                <BottomAnchorToTop>true</BottomAnchorToTop>
                <RightAnchorToLeft>true</RightAnchorToLeft>
                <TopAnchorOffset>0</TopAnchorOffset>
                <BottomAnchorOffset>0</BottomAnchorOffset>
                <LeftAnchorOffset>0</LeftAnchorOffset>
                <RightAnchorOffset>0</RightAnchorOffset>
                <Text>Dynamic Sky Reflection Size*</Text>
                <TextColor>
                        <Alpha>255</Alpha>
                        <R>255</R>
                        <G>255</G>
                        <B>255</B>
                </TextColor>
                <Style_VScroll>false</Style_VScroll>
                <Style_HScroll>false</Style_HScroll>
                <Style_Transparent>false</Style_Transparent>
                <Style_Border>false</Style_Border>
                <EQType>0</EQType>
                <NoWrap>true</NoWrap>
                <AlignCenter>false</AlignCenter>
                <AlignRight>false</AlignRight>
        </Label>
        <Combobox item="ADOW_SkyReflectionSizeCombobox">
                <ScreenID>ADOW_SkyReflectionSizeCombobox</ScreenID>
                <Font>3</Font>
                <RelativePosition>true</RelativePosition>
                <Location>
                        <X>9</X>
                        <Y>137</Y>
                </Location>
                <Size>
                        <CX>140</CX>
                        <CY>24</CY>
                </Size>
                <AutoStretch>false</AutoStretch>
                <TopAnchorToTop>true</TopAnchorToTop>
                <LeftAnchorToLeft>true</LeftAnchorToLeft>
                <BottomAnchorToTop>true</BottomAnchorToTop>
                <RightAnchorToLeft>true</RightAnchorToLeft>
                <TopAnchorOffset>0</TopAnchorOffset>
                <BottomAnchorOffset>0</BottomAnchorOffset>
                <LeftAnchorOffset>0</LeftAnchorOffset>
                <RightAnchorOffset>0</RightAnchorOffset>
                <TextColor>
                        <Alpha>255</Alpha>
                        <R>255</R>
                        <G>255</G>
                        <B>255</B>
                </TextColor>
                <Style_VScroll>false</Style_VScroll>
                <Style_HScroll>false</Style_HScroll>
                <Style_Transparent>false</Style_Transparent>
                <Style_Border>true</Style_Border>
                <DrawTemplate>WDT_Inner</DrawTemplate>
                <Button>BDT_Combo</Button>
                <ListHeight>90</ListHeight>
        </Combobox>
        <Label item="ADOW_SkyUpdateIntervalLabel">
                <ScreenID>ADOW_SkyUpdateIntervalLabel</ScreenID>
                <Font>3</Font>
                <RelativePosition>true</RelativePosition>
                <Location>
                        <X>10</X>
                        <Y>168</Y>
                </Location>
                <Size>
                        <CX>165</CX>
                        <CY>14</CY>
                </Size>
                <AutoStretch>false</AutoStretch>
                <TopAnchorToTop>true</TopAnchorToTop>
                <LeftAnchorToLeft>true</LeftAnchorToLeft>
                <BottomAnchorToTop>true</BottomAnchorToTop>
                <RightAnchorToLeft>true</RightAnchorToLeft>
                <TopAnchorOffset>0</TopAnchorOffset>
                <BottomAnchorOffset>0</BottomAnchorOffset>
                <LeftAnchorOffset>0</LeftAnchorOffset>
                <RightAnchorOffset>0</RightAnchorOffset>
                <Text>Sky Reflection Update Interval</Text>
                <TextColor>
                        <Alpha>255</Alpha>
                        <R>255</R>
                        <G>255</G>
                        <B>255</B>
                </TextColor>
                <Style_VScroll>false</Style_VScroll>
                <Style_HScroll>false</Style_HScroll>
                <Style_Transparent>false</Style_Transparent>
                <Style_Border>false</Style_Border>
                <EQType>0</EQType>
                <NoWrap>true</NoWrap>
                <AlignCenter>false</AlignCenter>
                <AlignRight>false</AlignRight>
        </Label>
        <Combobox item="ADOW_SkyUpdateIntervalCombobox">
                <ScreenID>ADOW_SkyUpdateIntervalCombobox</ScreenID>
                <Font>3</Font>
                <RelativePosition>true</RelativePosition>
                <Location>
                        <X>9</X>
                        <Y>183</Y>
                </Location>
                <Size>
                        <CX>140</CX>
                        <CY>24</CY>
                </Size>
                <AutoStretch>false</AutoStretch>
                <TopAnchorToTop>true</TopAnchorToTop>
                <LeftAnchorToLeft>true</LeftAnchorToLeft>
                <BottomAnchorToTop>true</BottomAnchorToTop>
                <RightAnchorToLeft>true</RightAnchorToLeft>
                <TopAnchorOffset>0</TopAnchorOffset>
                <BottomAnchorOffset>0</BottomAnchorOffset>
                <LeftAnchorOffset>0</LeftAnchorOffset>
                <RightAnchorOffset>0</RightAnchorOffset>
                <TextColor>
                        <Alpha>255</Alpha>
                        <R>255</R>
                        <G>255</G>
                        <B>255</B>
                </TextColor>
                <Style_VScroll>false</Style_VScroll>
                <Style_HScroll>false</Style_HScroll>
                <Style_Transparent>false</Style_Transparent>
                <Style_Border>true</Style_Border>
                <DrawTemplate>WDT_Inner</DrawTemplate>
                <Button>BDT_Combo</Button>
                <ListHeight>120</ListHeight>
        </Combobox>
        <Button item="ADOW_14PixelShadersCheckbox">
                <ScreenID>ADOW_14PixelShadersCheckbox</ScreenID>
                <Font>3</Font>
                <RelativePosition>true</RelativePosition>
                <Location>
                        <X>180</X>
                        <Y>54</Y>
                </Location>
                <Size>
                        <CX>12</CX>
                        <CY>12</CY>
                </Size>
                <AutoStretch>false</AutoStretch>
                <TopAnchorToTop>true</TopAnchorToTop>
                <LeftAnchorToLeft>true</LeftAnchorToLeft>
                <BottomAnchorToTop>true</BottomAnchorToTop>
                <RightAnchorToLeft>true</RightAnchorToLeft>
                <TopAnchorOffset>0</TopAnchorOffset>
                <BottomAnchorOffset>0</BottomAnchorOffset>
                <LeftAnchorOffset>0</LeftAnchorOffset>
                <RightAnchorOffset>0</RightAnchorOffset>
                <Text />
                <TextColor>
                        <Alpha>255</Alpha>
                        <R>255</R>
                        <G>255</G>
                        <B>255</B>
                </TextColor>
                <Style_VScroll>false</Style_VScroll>
                <Style_HScroll>false</Style_HScroll>
                <Style_Transparent>false</Style_Transparent>
                <Style_Border>false</Style_Border>
                <Style_Checkbox>true</Style_Checkbox>
                <Text />
                <ButtonDrawTemplate>
                        <Normal>A_CheckBoxNormal</Normal>
                        <Pressed>A_CheckBoxPressed</Pressed>
                        <Flyby>A_CheckBoxNormal</Flyby>
                        <Disabled>A_CheckBoxNormal</Disabled>
                        <PressedFlyby>A_CheckBoxPressed</PressedFlyby>
                </ButtonDrawTemplate>
        </Button>
        <Label item="ADOW_CardFeaturesLabel">
                <ScreenID>ADOW_CardFeaturesLabel</ScreenID>
                <Font>3</Font>
                <RelativePosition>true</RelativePosition>
                <Location>
                        <X>11</X>
                        <Y>1</Y>
                </Location>
                <Size>
                        <CX>105</CX>
                        <CY>20</CY>
                </Size>
                <AutoStretch>false</AutoStretch>
                <TopAnchorToTop>true</TopAnchorToTop>
                <LeftAnchorToLeft>true</LeftAnchorToLeft>
                <BottomAnchorToTop>true</BottomAnchorToTop>
                <RightAnchorToLeft>true</RightAnchorToLeft>
                <TopAnchorOffset>0</TopAnchorOffset>
                <BottomAnchorOffset>0</BottomAnchorOffset>
                <LeftAnchorOffset>0</LeftAnchorOffset>
                <RightAnchorOffset>0</RightAnchorOffset>
                <Text>Card Features:</Text>
                <TextColor>
                        <Alpha>255</Alpha>
                        <R>255</R>
                        <G>255</G>
                        <B>255</B>
                </TextColor>
                <Style_VScroll>false</Style_VScroll>
                <Style_HScroll>false</Style_HScroll>
                <Style_Transparent>false</Style_Transparent>
                <Style_Border>false</Style_Border>
                <EQType>0</EQType>
                <NoWrap>false</NoWrap>
                <AlignCenter>false</AlignCenter>
                <AlignRight>false</AlignRight>
        </Label>
        <Listbox item="ADOW_CardFeaturesListbox">
                <ScreenID>ADOW_CardFeaturesListbox</ScreenID>
                <Font>3</Font>
                <RelativePosition>true</RelativePosition>
                <Location>
                        <X>8</X>
                        <Y>18</Y>
                </Location>
                <Size>
                        <CX>164</CX>
                        <CY>68</CY>
                </Size>
                <AutoStretch>false</AutoStretch>
                <TopAnchorToTop>true</TopAnchorToTop>
                <LeftAnchorToLeft>true</LeftAnchorToLeft>
                <BottomAnchorToTop>true</BottomAnchorToTop>
                <RightAnchorToLeft>true</RightAnchorToLeft>
                <TopAnchorOffset>0</TopAnchorOffset>
                <BottomAnchorOffset>0</BottomAnchorOffset>
                <LeftAnchorOffset>0</LeftAnchorOffset>
                <RightAnchorOffset>0</RightAnchorOffset>
                <TextColor>
                        <Alpha>255</Alpha>
                        <R>0</R>
                        <G>0</G>
                        <B>0</B>
                </TextColor>
                <Style_VScroll>true</Style_VScroll>
                <Style_HScroll>false</Style_HScroll>
                <Style_Transparent>false</Style_Transparent>
                <Style_Border>true</Style_Border>
                <DrawTemplate>WDT_Inner</DrawTemplate>
                <Columns>
                        <Heading>A Column</Heading>
                        <Width>125</Width>
                        <Sortable>false</Sortable>
                </Columns>
                <OwnerDraw>false</OwnerDraw>
        </Listbox>
        <Button item="ADOW_AdvancedLightingCheckbox">
                <ScreenID>ADOW_AdvancedLightingCheckbox</ScreenID>
                <Font>3</Font>
                <RelativePosition>true</RelativePosition>
                <Location>
                        <X>180</X>
                        <Y>98</Y>
                </Location>
                <Size>
                        <CX>12</CX>
                        <CY>12</CY>
                </Size>
                <AutoStretch>false</AutoStretch>
                <TopAnchorToTop>true</TopAnchorToTop>
                <LeftAnchorToLeft>true</LeftAnchorToLeft>
                <BottomAnchorToTop>true</BottomAnchorToTop>
                <RightAnchorToLeft>true</RightAnchorToLeft>
                <TopAnchorOffset>0</TopAnchorOffset>
                <BottomAnchorOffset>0</BottomAnchorOffset>
                <LeftAnchorOffset>0</LeftAnchorOffset>
                <RightAnchorOffset>0</RightAnchorOffset>
                <Text />
                <TextColor>
                        <Alpha>255</Alpha>
                        <R>0</R>
                        <G>0</G>
                        <B>0</B>
                </TextColor>
                <Style_VScroll>false</Style_VScroll>
                <Style_HScroll>false</Style_HScroll>
                <Style_Transparent>false</Style_Transparent>
                <Style_Border>false</Style_Border>
                <Style_Checkbox>true</Style_Checkbox>
                <Text />
                <ButtonDrawTemplate>
                        <Normal>A_CheckBoxNormal</Normal>
                        <Pressed>A_CheckBoxPressed</Pressed>
                        <Flyby>A_CheckBoxNormal</Flyby>
                        <Disabled>A_CheckBoxNormal</Disabled>
                        <PressedFlyby>A_CheckBoxPressed</PressedFlyby>
                </ButtonDrawTemplate>
        </Button>
        <Label item="ADOW_AdvancedLightingLabel">
                <ScreenID>ADOW_AdvancedLightingLabel</ScreenID>
                <Font>3</Font>
                <RelativePosition>true</RelativePosition>
                <Location>
                        <X>194</X>
                        <Y>97</Y>
                </Location>
                <Size>
                        <CX>128</CX>
                        <CY>20</CY>
                </Size>
                <AutoStretch>false</AutoStretch>
                <TopAnchorToTop>true</TopAnchorToTop>
                <LeftAnchorToLeft>true</LeftAnchorToLeft>
                <BottomAnchorToTop>true</BottomAnchorToTop>
                <RightAnchorToLeft>true</RightAnchorToLeft>
                <TopAnchorOffset>0</TopAnchorOffset>
                <BottomAnchorOffset>0</BottomAnchorOffset>
                <LeftAnchorOffset>0</LeftAnchorOffset>
                <RightAnchorOffset>0</RightAnchorOffset>
                <Text>Use Advanced Lighting</Text>
                <TextColor>
                        <Alpha>255</Alpha>
                        <R>255</R>
                        <G>255</G>
                        <B>255</B>
                </TextColor>
                <Style_VScroll>false</Style_VScroll>
                <Style_HScroll>false</Style_HScroll>
                <Style_Transparent>false</Style_Transparent>
                <Style_Border>false</Style_Border>
                <EQType>0</EQType>
                <NoWrap>false</NoWrap>
                <AlignCenter>false</AlignCenter>
                <AlignRight>false</AlignRight>
        </Label>
        <Label item="ADOW_ShadowsLabel">
                <ScreenID>ADOW_ShadowsLabel</ScreenID>
                <Font>3</Font>
                <RelativePosition>true</RelativePosition>
                <Location>
                        <X>193</X>
                        <Y>113</Y>
                </Location>
                <Size>
                        <CX>57</CX>
                        <CY>20</CY>
                </Size>
                <AutoStretch>false</AutoStretch>
                <TopAnchorToTop>true</TopAnchorToTop>
                <LeftAnchorToLeft>true</LeftAnchorToLeft>
                <BottomAnchorToTop>true</BottomAnchorToTop>
                <RightAnchorToLeft>true</RightAnchorToLeft>
                <TopAnchorOffset>0</TopAnchorOffset>
                <BottomAnchorOffset>0</BottomAnchorOffset>
                <LeftAnchorOffset>0</LeftAnchorOffset>
                <RightAnchorOffset>0</RightAnchorOffset>
                <Text>Shadows</Text>
                <TextColor>
                        <Alpha>255</Alpha>
                        <R>255</R>
                        <G>255</G>
                        <B>255</B>
                </TextColor>
                <Style_VScroll>false</Style_VScroll>
                <Style_HScroll>false</Style_HScroll>
                <Style_Transparent>false</Style_Transparent>
                <Style_Border>false</Style_Border>
                <EQType>0</EQType>
                <NoWrap>false</NoWrap>
                <AlignCenter>false</AlignCenter>
                <AlignRight>false</AlignRight>
        </Label>
        <Label item="ADOW_WaterSwapLabel">
                <ScreenID>ADOW_WaterSwapLabel</ScreenID>
                <Font>3</Font>
                <RelativePosition>true</RelativePosition>
                <Location>
                        <X>22</X>
                        <Y>99</Y>
                </Location>
                <Size>
                        <CX>165</CX>
                        <CY>20</CY>
                </Size>
                <AutoStretch>false</AutoStretch>
                <TopAnchorToTop>true</TopAnchorToTop>
                <LeftAnchorToLeft>true</LeftAnchorToLeft>
                <BottomAnchorToTop>true</BottomAnchorToTop>
                <RightAnchorToLeft>true</RightAnchorToLeft>
                <TopAnchorOffset>0</TopAnchorOffset>
                <BottomAnchorOffset>0</BottomAnchorOffset>
                <LeftAnchorOffset>0</LeftAnchorOffset>
                <RightAnchorOffset>0</RightAnchorOffset>
                <Text>Use new water in old zones*</Text>
                <TextColor>
                        <Alpha>255</Alpha>
                        <R>255</R>
                        <G>255</G>
                        <B>255</B>
                </TextColor>
                <Style_VScroll>false</Style_VScroll>
                <Style_HScroll>false</Style_HScroll>
                <Style_Transparent>false</Style_Transparent>
                <Style_Border>false</Style_Border>
                <EQType>0</EQType>
                <NoWrap>false</NoWrap>
                <AlignCenter>false</AlignCenter>
                <AlignRight>false</AlignRight>
        </Label>
        <Label item="ADOW_VertexShadersLabel">
                <ScreenID>ADOW_VertexShadersLabel</ScreenID>
                <Font>3</Font>
                <RelativePosition>true</RelativePosition>
                <Location>
                        <X>194</X>
                        <Y>20</Y>
                </Location>
                <Size>
                        <CX>145</CX>
                        <CY>20</CY>
                </Size>
                <AutoStretch>false</AutoStretch>
                <TopAnchorToTop>true</TopAnchorToTop>
                <LeftAnchorToLeft>true</LeftAnchorToLeft>
                <BottomAnchorToTop>true</BottomAnchorToTop>
                <RightAnchorToLeft>true</RightAnchorToLeft>
                <TopAnchorOffset>0</TopAnchorOffset>
                <BottomAnchorOffset>0</BottomAnchorOffset>
                <LeftAnchorOffset>0</LeftAnchorOffset>
                <RightAnchorOffset>0</RightAnchorOffset>
                <Text>Allow hw Vertex Shaders</Text>
                <TextColor>
                        <Alpha>255</Alpha>
                        <R>255</R>
                        <G>255</G>
                        <B>255</B>
                </TextColor>
                <Style_VScroll>false</Style_VScroll>
                <Style_HScroll>false</Style_HScroll>
                <Style_Transparent>false</Style_Transparent>
                <Style_Border>false</Style_Border>
                <EQType>0</EQType>
                <NoWrap>false</NoWrap>
                <AlignCenter>false</AlignCenter>
                <AlignRight>false</AlignRight>
        </Label>
        <Label item="ADOW_11PixelShadersLabel">
                <ScreenID>ADOW_11PixelShadersLabel</ScreenID>
                <Font>3</Font>
                <RelativePosition>true</RelativePosition>
                <Location>
                        <X>194</X>
                        <Y>37</Y>
                </Location>
                <Size>
                        <CX>130</CX>
                        <CY>20</CY>
                </Size>
                <AutoStretch>false</AutoStretch>
                <TopAnchorToTop>true</TopAnchorToTop>
                <LeftAnchorToLeft>true</LeftAnchorToLeft>
                <BottomAnchorToTop>true</BottomAnchorToTop>
                <RightAnchorToLeft>true</RightAnchorToLeft>
                <TopAnchorOffset>0</TopAnchorOffset>
                <BottomAnchorOffset>0</BottomAnchorOffset>
                <LeftAnchorOffset>0</LeftAnchorOffset>
                <RightAnchorOffset>0</RightAnchorOffset>
                <Text>Allow 1.1 Pixel Shaders</Text>
                <TextColor>
                        <Alpha>255</Alpha>
                        <R>255</R>
                        <G>255</G>
                        <B>255</B>
                </TextColor>
                <Style_VScroll>false</Style_VScroll>
                <Style_HScroll>false</Style_HScroll>
                <Style_Transparent>false</Style_Transparent>
                <Style_Border>false</Style_Border>
                <EQType>0</EQType>
                <NoWrap>false</NoWrap>
                <AlignCenter>false</AlignCenter>
                <AlignRight>false</AlignRight>
        </Label>
        <Label item="ADOW_14PixelShadersLabel">
                <ScreenID>ADOW_14PixelShadersLabel</ScreenID>
                <Font>3</Font>
                <RelativePosition>true</RelativePosition>
                <Location>
                        <X>194</X>
                        <Y>53</Y>
                </Location>
                <Size>
                        <CX>130</CX>
                        <CY>19</CY>
                </Size>
                <AutoStretch>false</AutoStretch>
                <TopAnchorToTop>true</TopAnchorToTop>
                <LeftAnchorToLeft>true</LeftAnchorToLeft>
                <BottomAnchorToTop>true</BottomAnchorToTop>
                <RightAnchorToLeft>true</RightAnchorToLeft>
                <TopAnchorOffset>0</TopAnchorOffset>
                <BottomAnchorOffset>0</BottomAnchorOffset>
                <LeftAnchorOffset>0</LeftAnchorOffset>
                <RightAnchorOffset>0</RightAnchorOffset>
                <Text>Allow 1.4 Pixel Shaders</Text>
                <TextColor>
                        <Alpha>255</Alpha>
                        <R>255</R>
                        <G>255</G>
                        <B>255</B>
                </TextColor>
                <Style_VScroll>false</Style_VScroll>
                <Style_HScroll>false</Style_HScroll>
                <Style_Transparent>false</Style_Transparent>
                <Style_Border>false</Style_Border>
                <EQType>0</EQType>
                <NoWrap>false</NoWrap>
                <AlignCenter>false</AlignCenter>
                <AlignRight>false</AlignRight>
        </Label>
        <Label item="ADOW_20PixelShadersLabel">
                <ScreenID>ADOW_20PixelShadersLabel</ScreenID>
                <Font>3</Font>
                <RelativePosition>true</RelativePosition>
                <Location>
                        <X>194</X>
                        <Y>69</Y>
                </Location>
                <Size>
                        <CX>130</CX>
                        <CY>20</CY>
                </Size>
                <AutoStretch>false</AutoStretch>
                <TopAnchorToTop>true</TopAnchorToTop>
                <LeftAnchorToLeft>true</LeftAnchorToLeft>
                <BottomAnchorToTop>true</BottomAnchorToTop>
                <RightAnchorToLeft>true</RightAnchorToLeft>
                <TopAnchorOffset>0</TopAnchorOffset>
                <BottomAnchorOffset>0</BottomAnchorOffset>
                <LeftAnchorOffset>0</LeftAnchorOffset>
                <RightAnchorOffset>0</RightAnchorOffset>
                <Text>Allow 2.0 Pixel Shaders</Text>
                <TextColor>
                        <Alpha>255</Alpha>
                        <R>255</R>
                        <G>255</G>
                        <B>255</B>
                </TextColor>
                <Style_VScroll>false</Style_VScroll>
                <Style_HScroll>false</Style_HScroll>
                <Style_Transparent>false</Style_Transparent>
                <Style_Border>false</Style_Border>
                <EQType>0</EQType>
                <NoWrap>false</NoWrap>
                <AlignCenter>false</AlignCenter>
                <AlignRight>false</AlignRight>
        </Label>
        <Screen item="AdvancedDisplayOptionsWindow">
                <Font>3</Font>
                <RelativePosition>false</RelativePosition>
                <Location>
                        <X>2</X>
                        <Y>2</Y>
                </Location>
                <Size>
                        <CX>338</CX>
                        <CY>250</CY>
                </Size>
                <AutoStretch>false</AutoStretch>
                <TopAnchorToTop>true</TopAnchorToTop>
                <LeftAnchorToLeft>true</LeftAnchorToLeft>
                <BottomAnchorToTop>true</BottomAnchorToTop>
                <RightAnchorToLeft>true</RightAnchorToLeft>
                <TopAnchorOffset>0</TopAnchorOffset>
                <BottomAnchorOffset>0</BottomAnchorOffset>
                <LeftAnchorOffset>0</LeftAnchorOffset>
                <RightAnchorOffset>0</RightAnchorOffset>
                <Text>Advanced Options</Text>
                <Style_VScroll>false</Style_VScroll>
                <Style_HScroll>false</Style_HScroll>
                <Style_Transparent>false</Style_Transparent>
                <Style_Border>true</Style_Border>
                <DrawTemplate>WDT_Rounded</DrawTemplate>
                <Style_Titlebar>true</Style_Titlebar>
                <Style_Closebox>true</Style_Closebox>
				<Pieces>ADOW_CardFeaturesLabel</Pieces>
				<Pieces>ADOW_CardFeaturesListbox</Pieces>
				<Pieces>ADOW_VertexShadersLabel</Pieces>
				<Pieces>ADOW_VertexShadersCheckbox</Pieces>
				<Pieces>ADOW_11PixelShadersLabel</Pieces>
				<Pieces>ADOW_11PixelShadersCheckbox</Pieces>
				<Pieces>ADOW_14PixelShadersLabel</Pieces>
				<Pieces>ADOW_14PixelShadersCheckbox</Pieces>
				<Pieces>ADOW_20PixelShadersLabel</Pieces>
				<Pieces>ADOW_20PixelShadersCheckbox</Pieces>
				<Pieces>ADOW_AdvancedLightingLabel</Pieces>
				<Pieces>ADOW_AdvancedLightingCheckbox</Pieces>
				<Pieces>ADOW_ShadowsLabel</Pieces>
				<Pieces>ADOW_ShadowsCheckbox</Pieces>
				<Pieces>ADOW_ShadowClipPlaneLabel</Pieces>
				<Pieces>ADOW_ShadowClipPlaneSlider</Pieces>
				<Pieces>ADOW_ActorClipPlaneLabel</Pieces>
				<Pieces>ADOW_ActorClipPlaneSlider</Pieces>
				<Pieces>ADOW_WaterSwapCheckbox</Pieces>
				<Pieces>ADOW_WaterSwapLabel</Pieces>
				<Pieces>ADOW_SkyUpdateIntervalLabel</Pieces>
				<Pieces>ADOW_SkyUpdateIntervalCombobox</Pieces>
				<Pieces>ADOW_SkyReflectionSizeLabel</Pieces>
				<Pieces>ADOW_SkyReflectionSizeCombobox</Pieces>
				<Pieces>ADOW_OnZoningLabel</Pieces>
        </Screen>
</XML>

