<?xml version = "1.0"?>
<XML ID = "EQInterfaceDefinitionLanguage">
	<Schema xmlns = "EverQuestData" xmlns:dt = "EverQuestDataTypes"/>

	<Button item = "CPW_TC0Button">
		<ScreenID>CPW_TC0Button</ScreenID>
		<RelativePosition>true</RelativePosition>
		<Location>
			<X>5</X>
			<Y>5</Y>
		</Location>
		<Size>
			<CX>20</CX>
			<CY>20</CY>
		</Size>
		<Style_Checkbox>false</Style_Checkbox>
		<Text></Text>
		<TextColor>
				<R>240</R>
				<G>0</G>
				<B>0</B>
		</TextColor>
		<DecalOffset>
			<X>2</X>
			<Y>2</Y>
		</DecalOffset>
		<DecalSize>
			<CX>16</CX>
			<CY>16</CY>
		</DecalSize>
		<ButtonDrawTemplate>
			<Normal>A_BtnNormal</Normal>
			<Pressed>A_BtnPressed</Pressed>
			<Flyby>A_BtnFlyby</Flyby>
			<Disabled>A_BtnDisabled</Disabled>
			<PressedFlyby>A_BtnPressedFlyby</PressedFlyby>
			<NormalDecal>A_WhitePixel</NormalDecal>
		</ButtonDrawTemplate>
	</Button>
	<Button item = "CPW_TC1Button">
		<ScreenID>CPW_TC1Button</ScreenID>
		<RelativePosition>true</RelativePosition>
		<Location>
			<X>30</X>
			<Y>5</Y>
		</Location>
		<Size>
			<CX>20</CX>
			<CY>20</CY>
		</Size>
		<Style_Checkbox>false</Style_Checkbox>
		<Text></Text>
		<TextColor>
				<R>0</R>
				<G>240</G>
				<B>0</B>
		</TextColor>
		<DecalOffset>
			<X>2</X>
			<Y>2</Y>
		</DecalOffset>
		<DecalSize>
			<CX>16</CX>
			<CY>16</CY>
		</DecalSize>
		<ButtonDrawTemplate>
			<Normal>A_BtnNormal</Normal>
			<Pressed>A_BtnPressed</Pressed>
			<Flyby>A_BtnFlyby</Flyby>
			<Disabled>A_BtnDisabled</Disabled>
			<PressedFlyby>A_BtnPressedFlyby</PressedFlyby>
			<NormalDecal>A_WhitePixel</NormalDecal>
		</ButtonDrawTemplate>
	</Button>
	<Button item = "CPW_TC2Button">
		<ScreenID>CPW_TC2Button</ScreenID>
		<RelativePosition>true</RelativePosition>
		<Location>
			<X>55</X>
			<Y>5</Y>
		</Location>
		<Size>
			<CX>20</CX>
			<CY>20</CY>
		</Size>
		<Style_Checkbox>false</Style_Checkbox>
		<Text></Text>
		<TextColor>
				<R>0</R>
				<G>0</G>
				<B>240</B>
		</TextColor>
		<DecalOffset>
			<X>2</X>
			<Y>2</Y>
		</DecalOffset>
		<DecalSize>
			<CX>16</CX>
			<CY>16</CY>
		</DecalSize>
		<ButtonDrawTemplate>
			<Normal>A_BtnNormal</Normal>
			<Pressed>A_BtnPressed</Pressed>
			<Flyby>A_BtnFlyby</Flyby>
			<Disabled>A_BtnDisabled</Disabled>
			<PressedFlyby>A_BtnPressedFlyby</PressedFlyby>
			<NormalDecal>A_WhitePixel</NormalDecal>
		</ButtonDrawTemplate>
	</Button>
	<Button item = "CPW_TC3Button">
		<ScreenID>CPW_TC3Button</ScreenID>
		<RelativePosition>true</RelativePosition>
		<Location>
			<X>80</X>
			<Y>5</Y>
		</Location>
		<Size>
			<CX>20</CX>
			<CY>20</CY>
		</Size>
		<Style_Checkbox>false</Style_Checkbox>
		<Text></Text>
		<TextColor>
				<R>240</R>
				<G>240</G>
				<B>0</B>
		</TextColor>
		<DecalOffset>
			<X>2</X>
			<Y>2</Y>
		</DecalOffset>
		<DecalSize>
			<CX>16</CX>
			<CY>16</CY>
		</DecalSize>
		<ButtonDrawTemplate>
			<Normal>A_BtnNormal</Normal>
			<Pressed>A_BtnPressed</Pressed>
			<Flyby>A_BtnFlyby</Flyby>
			<Disabled>A_BtnDisabled</Disabled>
			<PressedFlyby>A_BtnPressedFlyby</PressedFlyby>
			<NormalDecal>A_WhitePixel</NormalDecal>
		</ButtonDrawTemplate>
	</Button>
	<Button item = "CPW_TC4Button">
		<ScreenID>CPW_TC4Button</ScreenID>
		<RelativePosition>true</RelativePosition>
		<Location>
			<X>105</X>
			<Y>5</Y>
		</Location>
		<Size>
			<CX>20</CX>
			<CY>20</CY>
		</Size>
		<Style_Checkbox>false</Style_Checkbox>
		<Text></Text>
		<TextColor>
				<R>240</R>
				<G>240</G>
				<B>240</B>
		</TextColor>
		<DecalOffset>
			<X>2</X>
			<Y>2</Y>
		</DecalOffset>
		<DecalSize>
			<CX>16</CX>
			<CY>16</CY>
		</DecalSize>
		<ButtonDrawTemplate>
			<Normal>A_BtnNormal</Normal>
			<Pressed>A_BtnPressed</Pressed>
			<Flyby>A_BtnFlyby</Flyby>
			<Disabled>A_BtnDisabled</Disabled>
			<PressedFlyby>A_BtnPressedFlyby</PressedFlyby>
			<NormalDecal>A_WhitePixel</NormalDecal>
		</ButtonDrawTemplate>
	</Button>
	<Button item = "CPW_TC5Button">
		<ScreenID>CPW_TC5Button</ScreenID>
		<RelativePosition>true</RelativePosition>
		<Location>
			<X>5</X>
			<Y>25</Y>
		</Location>
		<Size>
			<CX>20</CX>
			<CY>20</CY>
		</Size>
		<Style_Checkbox>false</Style_Checkbox>
		<Text></Text>
		<TextColor>
				<R>127</R>
				<G>0</G>
				<B>0</B>
		</TextColor>
		<DecalOffset>
			<X>2</X>
			<Y>2</Y>
		</DecalOffset>
		<DecalSize>
			<CX>16</CX>
			<CY>16</CY>
		</DecalSize>
		<ButtonDrawTemplate>
			<Normal>A_BtnNormal</Normal>
			<Pressed>A_BtnPressed</Pressed>
			<Flyby>A_BtnFlyby</Flyby>
			<Disabled>A_BtnDisabled</Disabled>
			<PressedFlyby>A_BtnPressedFlyby</PressedFlyby>
			<NormalDecal>A_WhitePixel</NormalDecal>
		</ButtonDrawTemplate>
	</Button>
	<Button item = "CPW_TC6Button">
		<ScreenID>CPW_TC6Button</ScreenID>
		<RelativePosition>true</RelativePosition>
		<Location>
			<X>30</X>
			<Y>25</Y>
		</Location>
		<Size>
			<CX>20</CX>
			<CY>20</CY>
		</Size>
		<Style_Checkbox>false</Style_Checkbox>
		<Text></Text>
		<TextColor>
				<R>0</R>
				<G>127</G>
				<B>0</B>
		</TextColor>
		<DecalOffset>
			<X>2</X>
			<Y>2</Y>
		</DecalOffset>
		<DecalSize>
			<CX>16</CX>
			<CY>16</CY>
		</DecalSize>
		<ButtonDrawTemplate>
			<Normal>A_BtnNormal</Normal>
			<Pressed>A_BtnPressed</Pressed>
			<Flyby>A_BtnFlyby</Flyby>
			<Disabled>A_BtnDisabled</Disabled>
			<PressedFlyby>A_BtnPressedFlyby</PressedFlyby>
			<NormalDecal>A_WhitePixel</NormalDecal>
		</ButtonDrawTemplate>
	</Button>
	<Button item = "CPW_TC7Button">
		<ScreenID>CPW_TC7Button</ScreenID>
		<RelativePosition>true</RelativePosition>
		<Location>
			<X>55</X>
			<Y>25</Y>
		</Location>
		<Size>
			<CX>20</CX>
			<CY>20</CY>
		</Size>
		<Style_Checkbox>false</Style_Checkbox>
		<Text></Text>
		<TextColor>
				<R>0</R>
				<G>0</G>
				<B>127</B>
		</TextColor>
		<DecalOffset>
			<X>2</X>
			<Y>2</Y>
		</DecalOffset>
		<DecalSize>
			<CX>16</CX>
			<CY>16</CY>
		</DecalSize>
		<ButtonDrawTemplate>
			<Normal>A_BtnNormal</Normal>
			<Pressed>A_BtnPressed</Pressed>
			<Flyby>A_BtnFlyby</Flyby>
			<Disabled>A_BtnDisabled</Disabled>
			<PressedFlyby>A_BtnPressedFlyby</PressedFlyby>
			<NormalDecal>A_WhitePixel</NormalDecal>
		</ButtonDrawTemplate>
	</Button>
	<Button item = "CPW_TC8Button">
		<ScreenID>CPW_TC8Button</ScreenID>
		<RelativePosition>true</RelativePosition>
		<Location>
			<X>80</X>
			<Y>25</Y>
		</Location>
		<Size>
			<CX>20</CX>
			<CY>20</CY>
		</Size>
		<Style_Checkbox>false</Style_Checkbox>
		<Text></Text>
		<TextColor>
				<R>127</R>
				<G>127</G>
				<B>0</B>
		</TextColor>
		<DecalOffset>
			<X>2</X>
			<Y>2</Y>
		</DecalOffset>
		<DecalSize>
			<CX>16</CX>
			<CY>16</CY>
		</DecalSize>
		<ButtonDrawTemplate>
			<Normal>A_BtnNormal</Normal>
			<Pressed>A_BtnPressed</Pressed>
			<Flyby>A_BtnFlyby</Flyby>
			<Disabled>A_BtnDisabled</Disabled>
			<PressedFlyby>A_BtnPressedFlyby</PressedFlyby>
			<NormalDecal>A_WhitePixel</NormalDecal>
		</ButtonDrawTemplate>
	</Button>
	<Button item = "CPW_TC9Button">
		<ScreenID>CPW_TC9Button</ScreenID>
		<RelativePosition>true</RelativePosition>
		<Location>
			<X>105</X>
			<Y>25</Y>
		</Location>
		<Size>
			<CX>20</CX>
			<CY>20</CY>
		</Size>
		<Style_Checkbox>false</Style_Checkbox>
		<Text></Text>
		<TextColor>
				<R>127</R>
				<G>127</G>
				<B>127</B>
		</TextColor>
		<DecalOffset>
			<X>2</X>
			<Y>2</Y>
		</DecalOffset>
		<DecalSize>
			<CX>16</CX>
			<CY>16</CY>
		</DecalSize>
		<ButtonDrawTemplate>
			<Normal>A_BtnNormal</Normal>
			<Pressed>A_BtnPressed</Pressed>
			<Flyby>A_BtnFlyby</Flyby>
			<Disabled>A_BtnDisabled</Disabled>
			<PressedFlyby>A_BtnPressedFlyby</PressedFlyby>
			<NormalDecal>A_WhitePixel</NormalDecal>
		</ButtonDrawTemplate>
	</Button>
	<Button item = "CPW_TC10Button">
		<ScreenID>CPW_TC10Button</ScreenID>
		<RelativePosition>true</RelativePosition>
		<Location>
			<X>5</X>
			<Y>45</Y>
		</Location>
		<Size>
			<CX>20</CX>
			<CY>20</CY>
		</Size>
		<Style_Checkbox>false</Style_Checkbox>
		<Text></Text>
		<TextColor>
				<R>0</R>
				<G>240</G>
				<B>240</B>
		</TextColor>
		<DecalOffset>
			<X>2</X>
			<Y>2</Y>
		</DecalOffset>
		<DecalSize>
			<CX>16</CX>
			<CY>16</CY>
		</DecalSize>
		<ButtonDrawTemplate>
			<Normal>A_BtnNormal</Normal>
			<Pressed>A_BtnPressed</Pressed>
			<Flyby>A_BtnFlyby</Flyby>
			<Disabled>A_BtnDisabled</Disabled>
			<PressedFlyby>A_BtnPressedFlyby</PressedFlyby>
			<NormalDecal>A_WhitePixel</NormalDecal>
		</ButtonDrawTemplate>
	</Button>
	<Button item = "CPW_TC11Button">
		<ScreenID>CPW_TC11Button</ScreenID>
		<RelativePosition>true</RelativePosition>
		<Location>
			<X>30</X>
			<Y>45</Y>
		</Location>
		<Size>
			<CX>20</CX>
			<CY>20</CY>
		</Size>
		<Style_Checkbox>false</Style_Checkbox>
		<Text></Text>
		<TextColor>
				<R>0</R>
				<G>127</G>
				<B>127</B>
		</TextColor>
		<DecalOffset>
			<X>2</X>
			<Y>2</Y>
		</DecalOffset>
		<DecalSize>
			<CX>16</CX>
			<CY>16</CY>
		</DecalSize>
		<ButtonDrawTemplate>
			<Normal>A_BtnNormal</Normal>
			<Pressed>A_BtnPressed</Pressed>
			<Flyby>A_BtnFlyby</Flyby>
			<Disabled>A_BtnDisabled</Disabled>
			<PressedFlyby>A_BtnPressedFlyby</PressedFlyby>
			<NormalDecal>A_WhitePixel</NormalDecal>
		</ButtonDrawTemplate>
	</Button>
	<Button item = "CPW_TC12Button">
		<ScreenID>CPW_TC12Button</ScreenID>
		<RelativePosition>true</RelativePosition>
		<Location>
			<X>55</X>
			<Y>45</Y>
		</Location>
		<Size>
			<CX>20</CX>
			<CY>20</CY>
		</Size>
		<Style_Checkbox>false</Style_Checkbox>
		<Text></Text>
		<TextColor>
				<R>240</R>
				<G>127</G>
				<B>0</B>
		</TextColor>
		<DecalOffset>
			<X>2</X>
			<Y>2</Y>
		</DecalOffset>
		<DecalSize>
			<CX>16</CX>
			<CY>16</CY>
		</DecalSize>
		<ButtonDrawTemplate>
			<Normal>A_BtnNormal</Normal>
			<Pressed>A_BtnPressed</Pressed>
			<Flyby>A_BtnFlyby</Flyby>
			<Disabled>A_BtnDisabled</Disabled>
			<PressedFlyby>A_BtnPressedFlyby</PressedFlyby>
			<NormalDecal>A_WhitePixel</NormalDecal>
		</ButtonDrawTemplate>
	</Button>
	<Button item = "CPW_TC13Button">
		<ScreenID>CPW_TC13Button</ScreenID>
		<RelativePosition>true</RelativePosition>
		<Location>
			<X>80</X>
			<Y>45</Y>
		</Location>
		<Size>
			<CX>20</CX>
			<CY>20</CY>
		</Size>
		<Style_Checkbox>false</Style_Checkbox>
		<Text></Text>
		<TextColor>
				<R>127</R>
				<G>64</G>
				<B>0</B>
		</TextColor>
		<DecalOffset>
			<X>2</X>
			<Y>2</Y>
		</DecalOffset>
		<DecalSize>
			<CX>16</CX>
			<CY>16</CY>
		</DecalSize>
		<ButtonDrawTemplate>
			<Normal>A_BtnNormal</Normal>
			<Pressed>A_BtnPressed</Pressed>
			<Flyby>A_BtnFlyby</Flyby>
			<Disabled>A_BtnDisabled</Disabled>
			<PressedFlyby>A_BtnPressedFlyby</PressedFlyby>
			<NormalDecal>A_WhitePixel</NormalDecal>
		</ButtonDrawTemplate>
	</Button>
	<Button item = "CPW_TC14Button">
		<ScreenID>CPW_TC14Button</ScreenID>
		<RelativePosition>true</RelativePosition>
		<Location>
			<X>105</X>
			<Y>45</Y>
		</Location>
		<Size>
			<CX>20</CX>
			<CY>20</CY>
		</Size>
		<Style_Checkbox>false</Style_Checkbox>
		<Text></Text>
		<TextColor>
				<R>0</R>
				<G>0</G>
				<B>0</B>
		</TextColor>
		<DecalOffset>
			<X>2</X>
			<Y>2</Y>
		</DecalOffset>
		<DecalSize>
			<CX>16</CX>
			<CY>16</CY>
		</DecalSize>
		<ButtonDrawTemplate>
			<Normal>A_BtnNormal</Normal>
			<Pressed>A_BtnPressed</Pressed>
			<Flyby>A_BtnFlyby</Flyby>
			<Disabled>A_BtnDisabled</Disabled>
			<PressedFlyby>A_BtnPressedFlyby</PressedFlyby>
			<NormalDecal>A_WhitePixel</NormalDecal>
		</ButtonDrawTemplate>
	</Button>

	<Editbox item = "CPW_RedSliderInput">
		<ScreenID>CPW_RedSliderInput</ScreenID>
		<DrawTemplate>WDT_Inner</DrawTemplate>
		<RelativePosition>true</RelativePosition>
		<Style_Border>true</Style_Border>
		<Location>
			<X>5</X>
			<Y>70</Y>
		</Location>
		<Size>
			<CX>35</CX>
			<CY>20</CY>
		</Size>
		<TextColor>
				<R>200</R>
				<G>0</G>
				<B>0</B>
		</TextColor>
	</Editbox>

	<Slider item = "CPW_RedSlider">
		<ScreenID>CPW_RedSlider</ScreenID>
		<RelativePosition>true</RelativePosition>
		<Location>
			<X>40</X>
			<Y>70</Y>
		</Location>
		<Size>
			<CX>85</CX>
			<CY>20</CY>
		</Size>
		<SliderArt>SDT_DefSlider</SliderArt>
	</Slider>

	<Editbox item = "CPW_GreenSliderInput">
		<ScreenID>CPW_GreenSliderInput</ScreenID>
		<DrawTemplate>WDT_Inner</DrawTemplate>
		<RelativePosition>true</RelativePosition>
		<Style_Border>true</Style_Border>
		<Location>
			<X>5</X>
			<Y>90</Y>
		</Location>
		<Size>
			<CX>35</CX>
			<CY>20</CY>
		</Size>
		<TextColor>
				<R>0</R>
				<G>200</G>
				<B>0</B>
		</TextColor>
	</Editbox>

	<Slider item = "CPW_GreenSlider">
		<ScreenID>CPW_GreenSlider</ScreenID>
		<RelativePosition>true</RelativePosition>
		<Location>
			<X>40</X>
			<Y>90</Y>
		</Location>
		<Size>
			<CX>85</CX>
			<CY>20</CY>
		</Size>
		<SliderArt>SDT_DefSlider</SliderArt>
	</Slider>

	<Editbox item = "CPW_BlueSliderInput">
		<ScreenID>CPW_BlueSliderInput</ScreenID>
		<DrawTemplate>WDT_Inner</DrawTemplate>
		<RelativePosition>true</RelativePosition>
		<Style_Border>true</Style_Border>
		<Location>
			<X>5</X>
			<Y>110</Y>
		</Location>
		<Size>
			<CX>35</CX>
			<CY>20</CY>
		</Size>
		<TextColor>
				<R>0</R>
				<G>0</G>
				<B>200</B>
		</TextColor>
	</Editbox>

	<Slider item = "CPW_BlueSlider">
		<ScreenID>CPW_BlueSlider</ScreenID>
		<RelativePosition>true</RelativePosition>
		<Location>
			<X>40</X>
			<Y>110</Y>
		</Location>
		<Size>
			<CX>85</CX>
			<CY>20</CY>
		</Size>
		<SliderArt>SDT_DefSlider</SliderArt>
	</Slider>

	<Button item = "CPW_TC15Button">
		<ScreenID>CPW_TC15Button</ScreenID>
		<RelativePosition>true</RelativePosition>
		<Location>
			<X>5</X>
			<Y>135</Y>
		</Location>
		<Size>
			<CX>40</CX>
			<CY>30</CY>
		</Size>
		<Style_Checkbox>false</Style_Checkbox>
		<Text></Text>
		<TextColor>
				<R>0</R>
				<G>0</G>
				<B>0</B>
		</TextColor>
		<DecalOffset>
			<X>2</X>
			<Y>2</Y>
		</DecalOffset>
		<DecalSize>
			<CX>36</CX>
			<CY>26</CY>
		</DecalSize>
		<ButtonDrawTemplate>
			<Normal>A_BtnNormal</Normal>
			<Pressed>A_BtnPressed</Pressed>
			<Flyby>A_BtnFlyby</Flyby>
			<Disabled>A_BtnDisabled</Disabled>
			<PressedFlyby>A_BtnPressedFlyby</PressedFlyby>
			<NormalDecal>A_WhitePixel</NormalDecal>
		</ButtonDrawTemplate>
	</Button>

	<Button item = "CPW_Accept_Button">
		<ScreenID>CPW_Accept_Button</ScreenID>
		<RelativePosition>true</RelativePosition>
		<TooltipReference>Accept your changes</TooltipReference>
		<Style_Checkbox>false</Style_Checkbox>
		<Location>
			<X>50</X>
			<Y>135</Y>
		</Location>
		<Size>
			<CX>75</CX>
			<CY>30</CY>
		</Size>
		<Text>Accept</Text>
		<TextColor>
				<R>255</R>
				<G>255</G>
				<B>255</B>
		</TextColor>
		<ButtonDrawTemplate>
			<Normal>A_BtnNormal</Normal>
			<Pressed>A_BtnPressed</Pressed>
			<Flyby>A_BtnFlyby</Flyby>
			<Disabled>A_BtnDisabled</Disabled>
			<PressedFlyby>A_BtnPressedFlyby</PressedFlyby>
		</ButtonDrawTemplate>
	</Button>

	<Screen item = "ColorPickerWnd">
		<RelativePosition>false</RelativePosition>
		<Location>
			<X>260</X>
			<Y>140</Y>
		</Location>
		<Size>
			<CX>140</CX>
			<CY>190</CY>
		</Size>
		<Text>Choose a color</Text>
		<Style_Transparent>false</Style_Transparent>
		<TooltipReference/>
		<DrawTemplate>WDT_Rounded</DrawTemplate>
		<Style_Titlebar>true</Style_Titlebar>
		<Style_Closebox>true</Style_Closebox>
		<Style_Minimizebox>false</Style_Minimizebox>
		<Style_Border>true</Style_Border>
		<Style_Sizable>false</Style_Sizable>
		<Pieces>CPW_TC0Button</Pieces>
		<Pieces>CPW_TC1Button</Pieces>
		<Pieces>CPW_TC2Button</Pieces>
		<Pieces>CPW_TC3Button</Pieces>
		<Pieces>CPW_TC4Button</Pieces>
		<Pieces>CPW_TC5Button</Pieces>
		<Pieces>CPW_TC6Button</Pieces>
		<Pieces>CPW_TC7Button</Pieces>
		<Pieces>CPW_TC8Button</Pieces>
		<Pieces>CPW_TC9Button</Pieces>
		<Pieces>CPW_TC10Button</Pieces>
		<Pieces>CPW_TC11Button</Pieces>
		<Pieces>CPW_TC12Button</Pieces>
		<Pieces>CPW_TC13Button</Pieces>
		<Pieces>CPW_TC14Button</Pieces>
		<Pieces>CPW_RedSliderInput</Pieces>
		<Pieces>CPW_RedSlider</Pieces>
		<Pieces>CPW_GreenSliderInput</Pieces>
		<Pieces>CPW_GreenSlider</Pieces>
		<Pieces>CPW_BlueSliderInput</Pieces>
		<Pieces>CPW_BlueSlider</Pieces>
		<Pieces>CPW_TC15Button</Pieces>
		<Pieces>CPW_Accept_Button</Pieces>
	</Screen>

</XML>