<?xml version = "1.0"?>
<XML ID = "EQInterfaceDefinitionLanguage">
	<Schema xmlns = "EverQuestData" xmlns:dt = "EverQuestDataTypes"/>

	<Listbox item = "FLW_FindLocationList">
		<ScreenID>FLW_FindLocationList</ScreenID>
		<DrawTemplate>WDT_Inner</DrawTemplate>
		<AutoStretch>true</AutoStretch>
		<LeftAnchorOffset>0</LeftAnchorOffset>
		<TopAnchorOffset>12</TopAnchorOffset>
		<RightAnchorOffset>0</RightAnchorOffset>
		<BottomAnchorOffset>27</BottomAnchorOffset>
		<RightAnchorToLeft>false</RightAnchorToLeft>
		<BottomAnchorToTop>false</BottomAnchorToTop>
		<Columns>
			<Width>100</Width>
			<Heading>Category</Heading>
		</Columns>
		<Columns>
			<Width>125</Width>
			<Heading>Description</Heading>
		</Columns>
		<Style_Border>true</Style_Border>
		<Style_VScroll>true</Style_VScroll>
	</Listbox>

	<Button item = "FLW_FilterLocationsCheckbox">
		<ScreenID>FLW_FilterLocationsCheckbox</ScreenID>
		<RelativePosition>true</RelativePosition>

		<AutoStretch>true</AutoStretch>
		<LeftAnchorOffset>10</LeftAnchorOffset>
		<TopAnchorOffset>23</TopAnchorOffset>
		<RightAnchorOffset>22</RightAnchorOffset>
		<BottomAnchorOffset>11</BottomAnchorOffset>
		<TopAnchorToTop>false</TopAnchorToTop>
		<BottomAnchorToTop>false</BottomAnchorToTop>
		<RightAnchorToLeft>true</RightAnchorToLeft>

		<Style_Transparent>false</Style_Transparent>
		<Style_Checkbox>true</Style_Checkbox>
		<Text></Text>
		<TextColor>
			<R>255</R>
			<G>255</G>
			<B>255</B>
		</TextColor>
		<ButtonDrawTemplate>
			<Normal>A_CheckBoxNormal</Normal>
			<Pressed>A_CheckBoxPressed</Pressed>
		</ButtonDrawTemplate>
	</Button>

	<Label item = "FLW_FilterLocationsLabel">
		<ScreenID>FLW_FilterLocationsLabel</ScreenID>
		<RelativePosition>true</RelativePosition>

		<AutoStretch>true</AutoStretch>
		<LeftAnchorOffset>26</LeftAnchorOffset>
		<TopAnchorOffset>24</TopAnchorOffset>
		<RightAnchorOffset>10</RightAnchorOffset>
		<BottomAnchorOffset>4</BottomAnchorOffset>
		<TopAnchorToTop>false</TopAnchorToTop>
		<BottomAnchorToTop>false</BottomAnchorToTop>
		<RightAnchorToLeft>false</RightAnchorToLeft>

		<Text>Only show destinations I can use.</Text>
		<TextColor>
				<R>255</R>
				<G>255</G>
				<B>255</B>
		</TextColor>
		<NoWrap>true</NoWrap>
		<AlignCenter>false</AlignCenter>
		<AlignRight>false</AlignRight>
	</Label>

	<Screen item = "FindLocationWnd">
		<!--<ScreenID/>-->
		<!--<Font/>-->
		<RelativePosition>false</RelativePosition>
		<Location>
			<X>200</X>
			<Y>200</Y>
		</Location>
		<Size>
			<CX>250</CX>
			<CY>240</CY>
		</Size>
		<Style_VScroll>false</Style_VScroll>
		<Style_HScroll>false</Style_HScroll>
		<Style_Transparent>false</Style_Transparent>
		<!--<TooltipReference/>-->
		<Text>Find Window</Text>
		<DrawTemplate>WDT_Def</DrawTemplate>
		<Style_Titlebar>true</Style_Titlebar>
		<Style_Closebox>true</Style_Closebox>
		<Style_Minimizebox>true</Style_Minimizebox>
		<Style_Border>true</Style_Border>
		<Style_Sizable>true</Style_Sizable>
		<Pieces>FLW_FindLocationList</Pieces>
		<Pieces>FLW_FilterLocationsCheckbox</Pieces>
		<Pieces>FLW_FilterLocationsLabel</Pieces>
	</Screen>

</XML>