<?xml version = "1.0"?>
<XML ID = "EQInterfaceDefinitionLanguage">
	<Schema xmlns = "EverQuestData" xmlns:dt = "EverQuestDataTypes"/>


	<Label item = "IEXP_FromItemLabel">
		<ScreenID/>
		<RelativePosition>true</RelativePosition>
		<AutoStretch>true</AutoStretch>
		<LeftAnchorOffset>2</LeftAnchorOffset>
		<TopAnchorOffset>36</TopAnchorOffset>
		<RightAnchorOffset>100</RightAnchorOffset>
		<BottomAnchorOffset>54</BottomAnchorOffset>
		<TopAnchorToTop>true</TopAnchorToTop>
		<BottomAnchorToTop>true</BottomAnchorToTop>
		<LeftAnchorToLeft>true</LeftAnchorToLeft>
		<RightAnchorToLeft>true</RightAnchorToLeft>
		<Text>Source Item</Text>
		<TextColor>
				<R>255</R>
				<G>255</G>
				<B>255</B>
		</TextColor>
		<NoWrap>true</NoWrap>
		<AlignCenter>true</AlignCenter>
		<AlignRight>false</AlignRight>
	</Label>

	<Button item = "IEXP_FromItemIcon">
		<ScreenID>FromItemIcon</ScreenID>
		<!--<Font>3</Font>-->
		<RelativePosition>true</RelativePosition>
		<Location>
			<X>30</X>
			<Y>55</Y>
		</Location>
		<Size>
			<CX>40</CX>
			<CY>40</CY>
		</Size>
		<TooltipReference>Place Source item for transfer here</TooltipReference>
		<Style_Checkbox>false</Style_Checkbox>
		<Text></Text>
		<TextColor>
				<R>255</R>
				<G>255</G>
				<B>255</B>
		</TextColor>
		<ButtonDrawTemplate>
			<Normal>A_RecessedBox</Normal>
		</ButtonDrawTemplate>
		<DecalOffset>
			<X>0</X>
			<Y>0</Y>
		</DecalOffset>
		<DecalSize>
			<CX>40</CX>
			<CY>40</CY>
		</DecalSize>
	</Button>


	<Label item = "IEXP_FromPreviewLabel">
		<ScreenID/>
		<RelativePosition>true</RelativePosition>
		<AutoStretch>true</AutoStretch>
		<LeftAnchorOffset>100</LeftAnchorOffset>
		<TopAnchorOffset>2</TopAnchorOffset>
		<RightAnchorOffset>2</RightAnchorOffset>
		<BottomAnchorOffset>20</BottomAnchorOffset>
		<TopAnchorToTop>true</TopAnchorToTop>
		<BottomAnchorToTop>true</BottomAnchorToTop>
		<LeftAnchorToLeft>true</LeftAnchorToLeft>
		<RightAnchorToLeft>false</RightAnchorToLeft>
		<Text>The Source Item will become:</Text>
		<TextColor>
				<R>255</R>
				<G>255</G>
				<B>255</B>
		</TextColor>
		<NoWrap>true</NoWrap>
		<AlignCenter>true</AlignCenter>
		<AlignRight>false</AlignRight>
	</Label>

	<STMLbox item = "IEXP_FromPreviewView">
		<ScreenID>FromPreviewView</ScreenID>
		<DrawTemplate>WDT_Inner</DrawTemplate>
		<RelativePosition>true</RelativePosition>
		<Style_VScroll>true</Style_VScroll>
		<AutoStretch>true</AutoStretch>
		<LeftAnchorOffset>100</LeftAnchorOffset>
		<TopAnchorOffset>20</TopAnchorOffset>
		<RightAnchorOffset>0</RightAnchorOffset>
		<BottomAnchorOffset>0</BottomAnchorOffset>
		<RightAnchorToLeft>false</RightAnchorToLeft>
		<BottomAnchorToTop>false</BottomAnchorToTop>
		<LeftAnchorToLeft>true</LeftAnchorToLeft>
		<TopAnchorToTop>true</TopAnchorToTop>
		<Style_Border>true</Style_Border>
		<Text>Test text</Text>
	</STMLbox>

	<Button item = "IEXP_FromPreviewIcon">
		<ScreenID>FromPreviewIcon</ScreenID>
		<!--<Font>3</Font>-->
		<RelativePosition>true</RelativePosition>
		<AutoStretch>true</AutoStretch>
		<LeftAnchorOffset>70</LeftAnchorOffset>
		<TopAnchorOffset>32</TopAnchorOffset>
		<RightAnchorOffset>26</RightAnchorOffset>
		<BottomAnchorOffset>76</BottomAnchorOffset>
		<RightAnchorToLeft>false</RightAnchorToLeft>
		<BottomAnchorToTop>true</BottomAnchorToTop>
		<LeftAnchorToLeft>false</LeftAnchorToLeft>
		<TopAnchorToTop>true</TopAnchorToTop>
		<Style_VScroll>false</Style_VScroll>
		<Style_HScroll>false</Style_HScroll>
		<Style_Transparent>false</Style_Transparent>
		<!--<TooltipReference/>-->
		<Style_Checkbox>false</Style_Checkbox>
		<!--<RadioGroup/>-->
		<ButtonDrawTemplate>
			<NormalDecal>BuffIcons</NormalDecal>
		</ButtonDrawTemplate>
		<SoundPressed/>
		<SoundUp/>
		<SoundFlyby/>
		<DecalOffset>
			<X>2</X>
			<Y>2</Y>
		</DecalOffset>
		<DecalSize>
			<CX>40</CX>
			<CY>40</CY>
		</DecalSize>
	</Button>
	
	<Screen item = "IEXP_FromPreview">
		<ScreenID>FromPreview</ScreenID>
		<!--<Font/>-->
		<RelativePosition>true</RelativePosition>
		<AutoStretch>false</AutoStretch>
		<Location>
			<X>0</X>
			<Y>0</Y>
		</Location>
		<Size>
			<CX>150</CX>
			<CY>20</CY>
		</Size>
		<Style_VScroll>false</Style_VScroll>
		<Style_Transparent>true</Style_Transparent>
		<DrawTemplate>WDT_Inner</DrawTemplate>
		<Style_Titlebar>false</Style_Titlebar>
		<Style_Closebox>false</Style_Closebox>
		<Style_Minimizebox>false</Style_Minimizebox>
		<Style_Border>false</Style_Border>
		<Style_Sizable>false</Style_Sizable>
		<Pieces>IEXP_FromItemLabel</Pieces>
		<Pieces>IEXP_FromItemIcon</Pieces>
		<Pieces>IEXP_FromPreviewLabel</Pieces>
		<Pieces>IEXP_FromPreviewView</Pieces>
		<Pieces>IEXP_FromPreviewIcon</Pieces>
	</Screen>
	
	<Label item = "IEXP_CompatibilityLabel">
		<ScreenID/>
		<RelativePosition>true</RelativePosition>
		<AutoStretch>true</AutoStretch>
		<LeftAnchorOffset>100</LeftAnchorOffset>
		<RightAnchorOffset>182</RightAnchorOffset>
		<TopAnchorOffset>2</TopAnchorOffset>
		<BottomAnchorOffset>0</BottomAnchorOffset>
		<LeftAnchorToLeft>true</LeftAnchorToLeft>
		<RightAnchorToLeft>true</RightAnchorToLeft>
		<TopAnchorToTop>true</TopAnchorToTop>
		<BottomAnchorToTop>false</BottomAnchorToTop>
		<Text>Compatibility:</Text>
		<TextColor>
				<R>255</R>
				<G>255</G>
				<B>255</B>
		</TextColor>
		<NoWrap>true</NoWrap>
		<AlignCenter>false</AlignCenter>
		<AlignRight>true</AlignRight>
	</Label>

	<Label item = "IEXP_CompatibilityValue">
		<ScreenID>CompatibilityValue</ScreenID>
		<RelativePosition>true</RelativePosition>
		<AutoStretch>true</AutoStretch>
		<LeftAnchorOffset>184</LeftAnchorOffset>
		<RightAnchorOffset>224</RightAnchorOffset>
		<TopAnchorOffset>2</TopAnchorOffset>
		<BottomAnchorOffset>0</BottomAnchorOffset>
		<LeftAnchorToLeft>true</LeftAnchorToLeft>
		<RightAnchorToLeft>true</RightAnchorToLeft>
		<TopAnchorToTop>true</TopAnchorToTop>
		<BottomAnchorToTop>false</BottomAnchorToTop>
		<Text>100%</Text>
		<TextColor>
				<R>255</R>
				<G>255</G>
				<B>255</B>
		</TextColor>
		<NoWrap>true</NoWrap>
		<AlignCenter>true</AlignCenter>
		<AlignRight>false</AlignRight>
	</Label>

	<Label item = "IEXP_MaxTransferLabel">
		<ScreenID/>
		<RelativePosition>true</RelativePosition>
		<AutoStretch>true</AutoStretch>
		<LeftAnchorOffset>160</LeftAnchorOffset>
		<RightAnchorOffset>52</RightAnchorOffset>
		<TopAnchorOffset>2</TopAnchorOffset>
		<BottomAnchorOffset>0</BottomAnchorOffset>
		<LeftAnchorToLeft>false</LeftAnchorToLeft>
		<RightAnchorToLeft>false</RightAnchorToLeft>
		<TopAnchorToTop>true</TopAnchorToTop>
		<BottomAnchorToTop>false</BottomAnchorToTop>
		<Text>Max Transfer Level:</Text>
		<TextColor>
				<R>255</R>
				<G>255</G>
				<B>255</B>
		</TextColor>
		<NoWrap>true</NoWrap>
		<AlignCenter>false</AlignCenter>
		<AlignRight>true</AlignRight>
	</Label>
	
	<Label item = "IEXP_MaxTransferValue">
		<ScreenID>MaxTransferValue</ScreenID>
		<RelativePosition>true</RelativePosition>
		<AutoStretch>true</AutoStretch>
		<LeftAnchorOffset>50</LeftAnchorOffset>
		<RightAnchorOffset>10</RightAnchorOffset>
		<TopAnchorOffset>2</TopAnchorOffset>
		<BottomAnchorOffset>0</BottomAnchorOffset>
		<LeftAnchorToLeft>false</LeftAnchorToLeft>
		<RightAnchorToLeft>false</RightAnchorToLeft>
		<TopAnchorToTop>true</TopAnchorToTop>
		<BottomAnchorToTop>false</BottomAnchorToTop>
		<Text>10</Text>
		<TextColor>
				<R>255</R>
				<G>255</G>
				<B>255</B>
		</TextColor>
		<NoWrap>true</NoWrap>
		<AlignCenter>true</AlignCenter>
		<AlignRight>false</AlignRight>
	</Label>

	<Button item = "IEXP_TransferButton">
		<ScreenID>TransferButton</ScreenID>
		<!--<Font>3</Font>-->
		<RelativePosition>true</RelativePosition>
		<AutoStretch>true</AutoStretch>
		<LeftAnchorOffset>0</LeftAnchorOffset>
		<TopAnchorOffset>0</TopAnchorOffset>
		<RightAnchorOffset>96</RightAnchorOffset>
		<BottomAnchorOffset>0</BottomAnchorOffset>
		<LeftAnchorToLeft>true</LeftAnchorToLeft>
		<RightAnchorToLeft>true</RightAnchorToLeft>
		<TopAnchorToTop>true</TopAnchorToTop>
		<BottomAnchorToTop>false</BottomAnchorToTop>
		<!--<TooltipReference/>-->
		<Style_Checkbox>false</Style_Checkbox>
		<Text>Transfer</Text>
		<TextColor>
				<R>255</R>
				<G>255</G>
				<B>255</B>
		</TextColor>
		<ButtonDrawTemplate>
			<Normal>A_SquareBtnNormal</Normal>
			<Pressed>A_SquareBtnPressed</Pressed>
			<Flyby>A_SquareBtnFlyby</Flyby>
			<Disabled>A_SquareBtnDisabled</Disabled>
			<PressedFlyby>A_SquareBtnPressedFlyby</PressedFlyby>
		</ButtonDrawTemplate>
	</Button>
	
	<Screen item = "IEXP_Status">
		<ScreenID>Status</ScreenID>
		<!--<Font/>-->
		<RelativePosition>true</RelativePosition>
		<AutoStretch>false</AutoStretch>
		<Location>
			<X>0</X>
			<Y>150</Y>
		</Location>
		<Size>
			<CX>300</CX>
			<CY>20</CY>
		</Size>
		<Style_VScroll>false</Style_VScroll>
		<Style_Transparent>true</Style_Transparent>
		<DrawTemplate>WDT_Inner</DrawTemplate>
		<Style_Titlebar>false</Style_Titlebar>
		<Style_Closebox>false</Style_Closebox>
		<Style_Minimizebox>false</Style_Minimizebox>
		<Style_Border>false</Style_Border>
		<Style_Sizable>false</Style_Sizable>
		<Pieces>IEXP_CompatibilityLabel</Pieces>
		<Pieces>IEXP_CompatibilityValue</Pieces>
		<Pieces>IEXP_MaxTransferLabel</Pieces>
		<Pieces>IEXP_MaxTransferValue</Pieces>
		<Pieces>IEXP_TransferButton</Pieces>
	</Screen>
	
	<Label item = "IEXP_ToItemLabel">
		<ScreenID/>
		<RelativePosition>true</RelativePosition>
		<AutoStretch>true</AutoStretch>
		<LeftAnchorOffset>2</LeftAnchorOffset>
		<TopAnchorOffset>36</TopAnchorOffset>
		<RightAnchorOffset>100</RightAnchorOffset>
		<BottomAnchorOffset>54</BottomAnchorOffset>
		<TopAnchorToTop>true</TopAnchorToTop>
		<BottomAnchorToTop>true</BottomAnchorToTop>
		<LeftAnchorToLeft>true</LeftAnchorToLeft>
		<RightAnchorToLeft>true</RightAnchorToLeft>
		<Text>Destination Item</Text>
		<TextColor>
				<R>255</R>
				<G>255</G>
				<B>255</B>
		</TextColor>
		<NoWrap>true</NoWrap>
		<AlignCenter>true</AlignCenter>
		<AlignRight>false</AlignRight>
	</Label>

	<Button item = "IEXP_ToItemIcon">
		<ScreenID>ToItemIcon</ScreenID>
		<!--<Font>3</Font>-->
		<RelativePosition>true</RelativePosition>
		<Location>
			<X>30</X>
			<Y>55</Y>
		</Location>
		<Size>
			<CX>40</CX>
			<CY>40</CY>
		</Size>
		<TooltipReference>Place Destination item for transfer here</TooltipReference>
		<Style_Checkbox>false</Style_Checkbox>
		<Text></Text>
		<TextColor>
				<R>255</R>
				<G>255</G>
				<B>255</B>
		</TextColor>
		<ButtonDrawTemplate>
			<Normal>A_RecessedBox</Normal>
		</ButtonDrawTemplate>
		<DecalOffset>
			<X>0</X>
			<Y>0</Y>
		</DecalOffset>
		<DecalSize>
			<CX>40</CX>
			<CY>40</CY>
		</DecalSize>
	</Button>

	<Label item = "IEXP_ToPreviewLabel">
		<ScreenID/>
		<RelativePosition>true</RelativePosition>
		<AutoStretch>true</AutoStretch>
		<LeftAnchorOffset>100</LeftAnchorOffset>
		<TopAnchorOffset>2</TopAnchorOffset>
		<RightAnchorOffset>2</RightAnchorOffset>
		<BottomAnchorOffset>20</BottomAnchorOffset>
		<TopAnchorToTop>true</TopAnchorToTop>
		<BottomAnchorToTop>true</BottomAnchorToTop>
		<LeftAnchorToLeft>true</LeftAnchorToLeft>
		<RightAnchorToLeft>false</RightAnchorToLeft>
		<Text>The Destination Item will become:</Text>
		<TextColor>
				<R>255</R>
				<G>255</G>
				<B>255</B>
		</TextColor>
		<NoWrap>true</NoWrap>
		<AlignCenter>true</AlignCenter>
		<AlignRight>false</AlignRight>
	</Label>

	<STMLbox item = "IEXP_ToPreviewView">
		<ScreenID>ToPreviewView</ScreenID>
		<DrawTemplate>WDT_Inner</DrawTemplate>
		<RelativePosition>true</RelativePosition>
		<Style_VScroll>true</Style_VScroll>
		<AutoStretch>true</AutoStretch>
		<LeftAnchorOffset>100</LeftAnchorOffset>
		<TopAnchorOffset>20</TopAnchorOffset>
		<RightAnchorOffset>0</RightAnchorOffset>
		<BottomAnchorOffset>0</BottomAnchorOffset>
		<RightAnchorToLeft>false</RightAnchorToLeft>
		<BottomAnchorToTop>false</BottomAnchorToTop>
		<LeftAnchorToLeft>true</LeftAnchorToLeft>
		<TopAnchorToTop>true</TopAnchorToTop>
		<Style_Border>true</Style_Border>
		<Text>Test text</Text>
	</STMLbox>

	<Button item = "IEXP_ToPreviewIcon">
		<ScreenID>ToPreviewIcon</ScreenID>
		<!--<Font>3</Font>-->
		<RelativePosition>true</RelativePosition>
		<AutoStretch>true</AutoStretch>
		<LeftAnchorOffset>70</LeftAnchorOffset>
		<TopAnchorOffset>32</TopAnchorOffset>
		<RightAnchorOffset>26</RightAnchorOffset>
		<BottomAnchorOffset>76</BottomAnchorOffset>
		<RightAnchorToLeft>false</RightAnchorToLeft>
		<BottomAnchorToTop>true</BottomAnchorToTop>
		<LeftAnchorToLeft>false</LeftAnchorToLeft>
		<TopAnchorToTop>true</TopAnchorToTop>
		<Style_VScroll>false</Style_VScroll>
		<Style_HScroll>false</Style_HScroll>
		<Style_Transparent>false</Style_Transparent>
		<!--<TooltipReference/>-->
		<Style_Checkbox>false</Style_Checkbox>
		<!--<RadioGroup/>-->
		<ButtonDrawTemplate>
			<NormalDecal>BuffIcons</NormalDecal>
		</ButtonDrawTemplate>
		<SoundPressed/>
		<SoundUp/>
		<SoundFlyby/>
		<DecalOffset>
			<X>2</X>
			<Y>2</Y>
		</DecalOffset>
		<DecalSize>
			<CX>40</CX>
			<CY>40</CY>
		</DecalSize>
	</Button>

	<Screen item = "IEXP_ToPreview">
		<ScreenID>ToPreview</ScreenID>
		<!--<Font/>-->
		<RelativePosition>true</RelativePosition>
		<AutoStretch>false</AutoStretch>
		<Location>
			<X>0</X>
			<Y>170</Y>
		</Location>
		<Size>
			<CX>150</CX>
			<CY>20</CY>
		</Size>
		<Style_VScroll>false</Style_VScroll>
		<Style_Transparent>true</Style_Transparent>
		<DrawTemplate>WDT_Inner</DrawTemplate>
		<Style_Titlebar>false</Style_Titlebar>
		<Style_Closebox>false</Style_Closebox>
		<Style_Minimizebox>false</Style_Minimizebox>
		<Style_Border>false</Style_Border>
		<Style_Sizable>false</Style_Sizable>
		<Pieces>IEXP_ToItemLabel</Pieces>
		<Pieces>IEXP_ToItemIcon</Pieces>
		<Pieces>IEXP_ToPreviewView</Pieces>
		<Pieces>IEXP_ToPreviewIcon</Pieces>
		<Pieces>IEXP_ToPreviewLabel</Pieces>
	</Screen>
	
	<VerticalLayoutBox item="IEXP_Layout">
		<ScreenID>Layout</ScreenID>
		<DrawTemplate>WDT_Inner</DrawTemplate>
		<AutoStretch>true</AutoStretch>
		<LeftAnchorOffset>0</LeftAnchorOffset>
		<TopAnchorOffset>0</TopAnchorOffset>
		<RightAnchorOffset>0</RightAnchorOffset>
		<BottomAnchorOffset>0</BottomAnchorOffset>
		<TopAnchorToTop>true</TopAnchorToTop>
		<BottomAnchorToTop>false</BottomAnchorToTop>
		<LeftAnchorToLeft>true</LeftAnchorToLeft>
		<RightAnchorToLeft>false</RightAnchorToLeft>
		<Spacing>4</Spacing>
		<Style_Border>false</Style_Border>
		<Style_VScroll>false</Style_VScroll>
		<Style_Transparent>true</Style_Transparent>
		<Pieces>Screen:IEXP_FromPreview</Pieces>
		<Pieces>Screen:IEXP_Status</Pieces>
		<Pieces>Screen:IEXP_ToPreview</Pieces>
	</VerticalLayoutBox>	

	<Screen item = "ItemExpTransferWnd">
		<!--<ScreenID/>-->
		<!--<Font/>-->
		<RelativePosition>false</RelativePosition>
		<Location>
			<X>40</X>
			<Y>80</Y>
		</Location>
		<Size>
			<CX>540</CX>
			<CY>360</CY>
		</Size>
		<Text>Evolving Item XP Transfer</Text>
		<Style_VScroll>false</Style_VScroll>
		<Style_HScroll>false</Style_HScroll>
		<Style_Transparent>false</Style_Transparent>
		<TooltipReference>This window is used to transfer exp from one item to another</TooltipReference>
		<DrawTemplate>WDT_Def</DrawTemplate>
		<Style_Titlebar>true</Style_Titlebar>
		<Style_Closebox>true</Style_Closebox>
		<Style_Minimizebox>true</Style_Minimizebox>
		<Style_Border>true</Style_Border>
		<Style_Sizable>true</Style_Sizable>
		<Pieces>VerticalLayoutBox:IEXP_Layout</Pieces>
	</Screen>

	
</XML>