<?xml version="1.0" encoding="us-ascii"?>
<XML ID="EQInterfaceDefinitionLanguage">
	<Schema xmlns="EverQuestData" xmlns:dt="EverQuestDataTypes" />

    <Ui2DAnimation item="CW_SpellGemHolder">
       <Frames>
           <Texture>classic_pieces01.tga</Texture>
           <Location>
              <X>41</X>
              <Y>123</Y>
           </Location>
           <Size>
              <CX>36</CX>
              <CY>28</CY>
           </Size>
       </Frames>
    </Ui2DAnimation>
	
	<StaticAnimation item= "CSWDummy">
		<ScreenID>CSWDummy</ScreenID>
		<Location>
			<X>-1</X>
			<Y>-1</Y>
		</Location>
		<Size>
			<CX>8</CX>
			<CY>8</CY>
		</Size>
		<Animation>A_CornerSquare</Animation>
	</StaticAnimation>

	<SpellGem item="CSPW_Spell0">
		<ScreenID>CSPW_Spell0</ScreenID>
		<RelativePosition>true</RelativePosition>
		<Location>
			<X>3</X>
			<Y>10</Y>
		</Location>
		<Size>
			<CX>36</CX>
			<CY>28</CY>
		</Size>
		<SpellGemDrawTemplate>
			<Holder>CW_SpellGemHolder</Holder>
		</SpellGemDrawTemplate>
		</SpellGem>
	<SpellGem item="CSPW_Spell1">
		<ScreenID>CSPW_Spell1</ScreenID>
		<RelativePosition>true</RelativePosition>
		<Location>
			<X>3</X>
			<Y>40</Y>
		</Location>
		<Size>
			<CX>36</CX>
			<CY>28</CY>
		</Size>
		<SpellGemDrawTemplate>
			<Holder>CW_SpellGemHolder</Holder>
		</SpellGemDrawTemplate>
	</SpellGem>
	<SpellGem item="CSPW_Spell2">
		<ScreenID>CSPW_Spell2</ScreenID>
		<RelativePosition>true</RelativePosition>
		<Location>
			<X>3</X>
			<Y>70</Y>
		</Location>
		<Size>
			<CX>36</CX>
			<CY>28</CY>
		</Size>
		<SpellGemDrawTemplate>
			<Holder>CW_SpellGemHolder</Holder>
		</SpellGemDrawTemplate>
	</SpellGem>
	<SpellGem item="CSPW_Spell3">
		<ScreenID>CSPW_Spell3</ScreenID>
		<RelativePosition>true</RelativePosition>
		<Location>
			<X>3</X>
			<Y>100</Y>
		</Location>
		<Size>
			<CX>36</CX>
			<CY>28</CY>
		</Size>
		<SpellGemDrawTemplate>
			<Holder>CW_SpellGemHolder</Holder>
		</SpellGemDrawTemplate>
	</SpellGem>
	<SpellGem item="CSPW_Spell4">
		<ScreenID>CSPW_Spell4</ScreenID>
		<RelativePosition>true</RelativePosition>
		<Location>
			<X>3</X>
			<Y>130</Y>
		</Location>
		<Size>
			<CX>36</CX>
			<CY>28</CY>
		</Size>
		<SpellGemDrawTemplate>
			<Holder>CW_SpellGemHolder</Holder>
		</SpellGemDrawTemplate>
	</SpellGem>
	<SpellGem item="CSPW_Spell5">
		<ScreenID>CSPW_Spell5</ScreenID>
		<RelativePosition>true</RelativePosition>
		<Location>
			<X>3</X>
			<Y>160</Y>
		</Location>
		<Size>
			<CX>36</CX>
			<CY>28</CY>
		</Size>
		<SpellGemDrawTemplate>
			<Holder>CW_SpellGemHolder</Holder>
		</SpellGemDrawTemplate>
	</SpellGem>
	<SpellGem item="CSPW_Spell6">
		<ScreenID>CSPW_Spell6</ScreenID>
		<RelativePosition>true</RelativePosition>
		<Location>
			<X>3</X>
			<Y>190</Y>
		</Location>
		<Size>
			<CX>36</CX>
			<CY>28</CY>
		</Size>
		<SpellGemDrawTemplate>
			<Holder>CW_SpellGemHolder</Holder>
		</SpellGemDrawTemplate>
	</SpellGem>
	<SpellGem item="CSPW_Spell7">
		<ScreenID>CSPW_Spell7</ScreenID>
		<RelativePosition>true</RelativePosition>
		<Location>
			<X>3</X>
			<Y>220</Y>
		</Location>
		<Size>
			<CX>36</CX>
			<CY>28</CY>
		</Size>
		<SpellGemDrawTemplate>
			<Holder>CW_SpellGemHolder</Holder>
		</SpellGemDrawTemplate>
	</SpellGem>
	<SpellGem item="CSPW_Spell8">
		<ScreenID>CSPW_Spell8</ScreenID>
		<Location>
			<X>-5000</X>
			<Y>-5000</Y>
		</Location>
		</SpellGem>
		
	<Button item="CSPW_SpellBook">
		<ScreenID>CSPW_SpellBook</ScreenID>
		<!--<Font>3</Font>-->
		<RelativePosition>true</RelativePosition>
		<Location>
			<X>10</X>
			<Y>252</Y>
		</Location>
		<Size>
			<CX>22</CX>
			<CY>22</CY>
		</Size>
		<Style_Transparent>false</Style_Transparent>
		<TooltipReference>Opens and closes Your Spellbook</TooltipReference>
		<Style_Checkbox>true</Style_Checkbox>
		<!--<RadioGroup/>-->
		<ButtonDrawTemplate>
			<Normal>A_BookBtnNormal</Normal>
			<Pressed>A_BookBtnPressed</Pressed>
			<Flyby>A_BookBtnFlyby</Flyby>
			<Disabled>A_BookBtnDisabled</Disabled>
			<PressedFlyby>A_BookBtnPressedFlyby</PressedFlyby>
		</ButtonDrawTemplate>
	</Button>

	<Screen item="CastSpellWnd">
		<!--<ScreenID/>-->
		<!--<Font/>-->
		<RelativePosition>false</RelativePosition>
		<Location>
			<X>0</X>
			<Y>25</Y>
		</Location>
		<Size>
			<CX>48</CX>
			<CY>290</CY>
		</Size>
		<Text>Spells</Text>
		<Style_Transparent>false</Style_Transparent>
		<TooltipReference>Allows you to cast your memorized spells</TooltipReference>
		<DrawTemplate>WDT_RoundedNoTitle</DrawTemplate>
		<Style_Titlebar>false</Style_Titlebar>
		<Style_Closebox>true</Style_Closebox>
		<Style_Minimizebox>false</Style_Minimizebox>
		<Style_Border>true</Style_Border>
		<Style_Sizable>false</Style_Sizable>
		<Pieces>CSWDummy</Pieces>
		<Pieces>CSPW_Spell0</Pieces>
		<Pieces>CSPW_Spell1</Pieces>
		<Pieces>CSPW_Spell2</Pieces>
		<Pieces>CSPW_Spell3</Pieces>
		<Pieces>CSPW_Spell4</Pieces>
		<Pieces>CSPW_Spell5</Pieces>
		<Pieces>CSPW_Spell6</Pieces>
		<Pieces>CSPW_Spell7</Pieces>
		<Pieces>CSPW_Spell8</Pieces>
		<Pieces>CSPW_SpellBook</Pieces>
	</Screen>
</XML>
