<?xml version="1.0" encoding="us-ascii"?>
<XML ID="EQInterfaceDefinitionLanguage">
	<Schema xmlns="EverQuestData" xmlns:dt="EverQuestDataTypes" />
	<!-- IS_CHARM		1 -->
	<InvSlot item="InvSlot0">
		<ScreenID>InvSlot0</ScreenID>
		<!--<Font>3</Font>-->
		<RelativePosition>true</RelativePosition>
		<Location>
			<X>88</X>
			<Y>218</Y>
		</Location>
		<Size>
			<CX>42</CX>
			<CY>42</CY>
		</Size>
		<Background>A_InvCharm</Background>
		<EQType>0</EQType>
		<Style_VScroll>false</Style_VScroll>
		<Style_HScroll>false</Style_HScroll>
		<Style_Transparent>false</Style_Transparent>
		<!--<TooltipReference/>-->
	</InvSlot>
	<!-- IS_L_EAR		1 -->
	<InvSlot item="InvSlot1">
		<ScreenID>InvSlot1</ScreenID>
		<!--<Font>3</Font>-->
		<RelativePosition>true</RelativePosition>
		<Location>
			<X>1</X>
			<Y>2</Y>
		</Location>
		<Size>
			<CX>42</CX>
			<CY>42</CY>
		</Size>
		<Background>A_InvEar</Background>
		<EQType>1</EQType>
		<Style_VScroll>false</Style_VScroll>
		<Style_HScroll>false</Style_HScroll>
		<Style_Transparent>false</Style_Transparent>
		<!--<TooltipReference/>-->
	</InvSlot>
	<!-- IS_HEAD		2 -->
	<InvSlot item="InvSlot2">
		<ScreenID>InvSlot2</ScreenID>
		<!--<Font>3</Font>-->
		<RelativePosition>true</RelativePosition>
		<Location>
			<X>44</X>
			<Y>2</Y>
		</Location>
		<Size>
			<CX>42</CX>
			<CY>42</CY>
		</Size>
		<Background>A_InvHead</Background>
		<EQType>2</EQType>
		<Style_VScroll>false</Style_VScroll>
		<Style_HScroll>false</Style_HScroll>
		<Style_Transparent>false</Style_Transparent>
		<!--<TooltipReference/>-->
	</InvSlot>
	<!-- IS_FACE		3 -->
	<InvSlot item="InvSlot3">
		<ScreenID>InvSlot3</ScreenID>
		<!--<Font>3</Font>-->
		<RelativePosition>true</RelativePosition>
		<Location>
			<X>88</X>
			<Y>2</Y>
		</Location>
		<Size>
			<CX>42</CX>
			<CY>42</CY>
		</Size>
		<Background>A_InvFace</Background>
		<EQType>3</EQType>
		<Style_VScroll>false</Style_VScroll>
		<Style_HScroll>false</Style_HScroll>
		<Style_Transparent>false</Style_Transparent>
		<!--<TooltipReference/>-->
	</InvSlot>
	<!-- IS_R_EAR		4 -->
	<InvSlot item="InvSlot4">
		<ScreenID>InvSlot4</ScreenID>
		<!--<Font>3</Font>-->
		<RelativePosition>true</RelativePosition>
		<Location>
			<X>131</X>
			<Y>2</Y>
		</Location>
		<Size>
			<CX>42</CX>
			<CY>42</CY>
		</Size>
		<Background>A_InvEar</Background>
		<EQType>4</EQType>
		<Style_VScroll>false</Style_VScroll>
		<Style_HScroll>false</Style_HScroll>
		<Style_Transparent>false</Style_Transparent>
		<!--<TooltipReference/>-->
	</InvSlot>
	<!-- IS_NECK		5 -->
	<InvSlot item="InvSlot5">
		<ScreenID>InvSlot5</ScreenID>
		<!--<Font>3</Font>-->
		<RelativePosition>true</RelativePosition>
		<Location>
			<X>131</X>
			<Y>45</Y>
		</Location>
		<Size>
			<CX>42</CX>
			<CY>42</CY>
		</Size>
		<Background>A_InvNeck</Background>
		<EQType>5</EQType>
		<Style_VScroll>false</Style_VScroll>
		<Style_HScroll>false</Style_HScroll>
		<Style_Transparent>false</Style_Transparent>
		<!--<TooltipReference/>-->
	</InvSlot>
	<!-- IS_SHOULDERS	6 -->
	<InvSlot item="InvSlot6">
		<ScreenID>InvSlot6</ScreenID>
		<!--<Font>3</Font>-->
		<RelativePosition>true</RelativePosition>
		<Location>
			<X>131</X>
			<Y>131</Y>
		</Location>
		<Size>
			<CX>42</CX>
			<CY>42</CY>
		</Size>
		<Background>A_InvShoulders</Background>
		<EQType>6</EQType>
		<Style_VScroll>false</Style_VScroll>
		<Style_HScroll>false</Style_HScroll>
		<Style_Transparent>false</Style_Transparent>
		<!--<TooltipReference/>-->
	</InvSlot>
	<!-- IS_ARMS		7 -->
	<InvSlot item="InvSlot7">
		<ScreenID>InvSlot7</ScreenID>
		<!--<Font>3</Font>-->
		<RelativePosition>true</RelativePosition>
		<Location>
			<X>1</X>
			<Y>89</Y>
		</Location>
		<Size>
			<CX>42</CX>
			<CY>42</CY>
		</Size>
		<Background>A_InvArms</Background>
		<EQType>7</EQType>
		<Style_VScroll>false</Style_VScroll>
		<Style_HScroll>false</Style_HScroll>
		<Style_Transparent>false</Style_Transparent>
		<!--<TooltipReference/>-->
	</InvSlot>
	<!-- IS_ABOUT_BODY	8 -->
	<InvSlot item="InvSlot8">
		<ScreenID>InvSlot8</ScreenID>
		<!--<Font>3</Font>-->
		<RelativePosition>true</RelativePosition>
		<Location>
			<X>131</X>
			<Y>88</Y>
		</Location>
		<Size>
			<CX>42</CX>
			<CY>42</CY>
		</Size>
		<Background>A_InvAboutBody</Background>
		<EQType>8</EQType>
		<Style_VScroll>false</Style_VScroll>
		<Style_HScroll>false</Style_HScroll>
		<Style_Transparent>false</Style_Transparent>
		<!--<TooltipReference/>-->
	</InvSlot>
	<!-- IS_L_WRIST		9 -->
	<InvSlot item="InvSlot9">
		<ScreenID>InvSlot9</ScreenID>
		<!--<Font>3</Font>-->
		<RelativePosition>true</RelativePosition>
		<Location>
			<X>1</X>
			<Y>175</Y>
		</Location>
		<Size>
			<CX>42</CX>
			<CY>42</CY>
		</Size>
		<Background>A_InvWrist</Background>
		<EQType>9</EQType>
		<Style_VScroll>false</Style_VScroll>
		<Style_HScroll>false</Style_HScroll>
		<Style_Transparent>false</Style_Transparent>
		<!--<TooltipReference/>-->
	</InvSlot>
	<!-- IS_R_WRIST		10 -->
	<InvSlot item="InvSlot10">
		<ScreenID>InvSlot10</ScreenID>
		<!--<Font>3</Font>-->
		<RelativePosition>true</RelativePosition>
		<Location>
			<X>131</X>
			<Y>175</Y>
		</Location>
		<Size>
			<CX>42</CX>
			<CY>42</CY>
		</Size>
		<Background>A_InvWrist</Background>
		<EQType>10</EQType>
		<Style_VScroll>false</Style_VScroll>
		<Style_HScroll>false</Style_HScroll>
		<Style_Transparent>false</Style_Transparent>
		<!--<TooltipReference/>-->
	</InvSlot>
	<!-- IS_RANGE		11 -->
	<InvSlot item="InvSlot11">
		<ScreenID>InvSlot11</ScreenID>
		<!--<Font>3</Font>-->
		<RelativePosition>true</RelativePosition>
		<Location>
			<X>88</X>
			<Y>306</Y>
		</Location>
		<Size>
			<CX>42</CX>
			<CY>42</CY>
		</Size>
		<Background>A_InvRange</Background>
		<EQType>11</EQType>
		<Style_VScroll>false</Style_VScroll>
		<Style_HScroll>false</Style_HScroll>
		<Style_Transparent>false</Style_Transparent>
		<!--<TooltipReference/>-->
	</InvSlot>
	<!-- IS_HANDS		12 -->
	<InvSlot item="InvSlot12">
		<ScreenID>InvSlot12</ScreenID>
		<!--<Font>3</Font>-->
		<RelativePosition>true</RelativePosition>
		<Location>
			<X>44</X>
			<Y>218</Y>
		</Location>
		<Size>
			<CX>42</CX>
			<CY>42</CY>
		</Size>
		<Background>A_InvHands</Background>
		<EQType>12</EQType>
		<Style_VScroll>false</Style_VScroll>
		<Style_HScroll>false</Style_HScroll>
		<Style_Transparent>false</Style_Transparent>
		<!--<TooltipReference/>-->
	</InvSlot>
	<!-- IS_PRIMARY		13 -->
	<InvSlot item="InvSlot13">
		<ScreenID>InvSlot13</ScreenID>
		<!--<Font>3</Font>-->
		<RelativePosition>true</RelativePosition>
		<Location>
			<X>1</X>
			<Y>306</Y>
		</Location>
		<Size>
			<CX>42</CX>
			<CY>42</CY>
		</Size>
		<Background>A_InvPrimary</Background>
		<EQType>13</EQType>
		<Style_VScroll>false</Style_VScroll>
		<Style_HScroll>false</Style_HScroll>
		<Style_Transparent>false</Style_Transparent>
		<!--<TooltipReference/>-->
	</InvSlot>
	<!-- IS_SECONDARY	14 -->
	<InvSlot item="InvSlot14">
		<ScreenID>InvSlot14</ScreenID>
		<!--<Font>3</Font>-->
		<RelativePosition>true</RelativePosition>
		<Location>
			<X>44</X>
			<Y>306</Y>
		</Location>
		<Size>
			<CX>42</CX>
			<CY>42</CY>
		</Size>
		<Background>A_InvSecondary</Background>
		<EQType>14</EQType>
		<Style_VScroll>false</Style_VScroll>
		<Style_HScroll>false</Style_HScroll>
		<Style_Transparent>false</Style_Transparent>
		<!--<TooltipReference/>-->
	</InvSlot>
	<!-- IS_L_FINGERS	15 -->
	<InvSlot item="InvSlot15">
		<ScreenID>InvSlot15</ScreenID>
		<!--<Font>3</Font>-->
		<RelativePosition>true</RelativePosition>
		<Location>
			<X>44</X>
			<Y>262</Y>
		</Location>
		<Size>
			<CX>42</CX>
			<CY>42</CY>
		</Size>
		<Background>A_InvRing</Background>
		<EQType>15</EQType>
		<Style_VScroll>false</Style_VScroll>
		<Style_HScroll>false</Style_HScroll>
		<Style_Transparent>false</Style_Transparent>
		<!--<TooltipReference/>-->
	</InvSlot>
	<!-- IS_R_FINGERS	16 -->
	<InvSlot item="InvSlot16">
		<ScreenID>InvSlot16</ScreenID>
		<!--<Font>3</Font>-->
		<RelativePosition>true</RelativePosition>
		<Location>
			<X>88</X>
			<Y>262</Y>
		</Location>
		<Size>
			<CX>42</CX>
			<CY>42</CY>
		</Size>
		<Background>A_InvRing</Background>
		<EQType>16</EQType>
		<Style_VScroll>false</Style_VScroll>
		<Style_HScroll>false</Style_HScroll>
		<Style_Transparent>false</Style_Transparent>
		<!--<TooltipReference/>-->
	</InvSlot>
	<!-- IS_CHEST		17 -->
	<InvSlot item="InvSlot17">
		<ScreenID>InvSlot17</ScreenID>
		<!--<Font>3</Font>-->
		<RelativePosition>true</RelativePosition>
		<Location>
			<X>1</X>
			<Y>45</Y>
		</Location>
		<Size>
			<CX>42</CX>
			<CY>42</CY>
		</Size>
		<Background>A_InvChest</Background>
		<EQType>17</EQType>
		<Style_VScroll>false</Style_VScroll>
		<Style_HScroll>false</Style_HScroll>
		<Style_Transparent>false</Style_Transparent>
		<!--<TooltipReference/>-->
	</InvSlot>
	<!-- IS_LEGS		18 -->
	<InvSlot item="InvSlot18">
		<ScreenID>InvSlot18</ScreenID>
		<!--<Font>3</Font>-->
		<RelativePosition>true</RelativePosition>
		<Location>
			<X>1</X>
			<Y>218</Y>
		</Location>
		<Size>
			<CX>42</CX>
			<CY>42</CY>
		</Size>
		<Background>A_InvLegs</Background>
		<EQType>18</EQType>
		<Style_VScroll>false</Style_VScroll>
		<Style_HScroll>false</Style_HScroll>
		<Style_Transparent>false</Style_Transparent>
		<!--<TooltipReference/>-->
	</InvSlot>
	<!-- IS_FEET		19 -->
	<InvSlot item="InvSlot19">
		<ScreenID>InvSlot19</ScreenID>
		<!--<Font>3</Font>-->
		<RelativePosition>true</RelativePosition>
		<Location>
			<X>131</X>
			<Y>218</Y>
		</Location>
		<Size>
			<CX>42</CX>
			<CY>42</CY>
		</Size>
		<Background>A_InvFeet</Background>
		<EQType>19</EQType>
		<Style_VScroll>false</Style_VScroll>
		<Style_HScroll>false</Style_HScroll>
		<Style_Transparent>false</Style_Transparent>
		<!--<TooltipReference/>-->
	</InvSlot>
	<!-- IS_WAIST		20 -->
	<InvSlot item="InvSlot20">
		<ScreenID>InvSlot20</ScreenID>
		<!--<Font>3</Font>-->
		<RelativePosition>true</RelativePosition>
		<Location>
			<X>1</X>
			<Y>132</Y>
		</Location>
		<Size>
			<CX>42</CX>
			<CY>42</CY>
		</Size>
		<Background>A_InvWaist</Background>
		<EQType>20</EQType>
		<Style_VScroll>false</Style_VScroll>
		<Style_HScroll>false</Style_HScroll>
		<Style_Transparent>false</Style_Transparent>
		<!--<TooltipReference/>-->
	</InvSlot>
	<!-- IS_AMMO		21 -->
	<InvSlot item="InvSlot21">
		<ScreenID>InvSlot21</ScreenID>
		<!--<Font>3</Font>-->
		<RelativePosition>true</RelativePosition>
		<Location>
			<X>131</X>
			<Y>306</Y>
		</Location>
		<Size>
			<CX>42</CX>
			<CY>42</CY>
		</Size>
		<Background>A_InvAmmo</Background>
		<EQType>21</EQType>
		<Style_VScroll>false</Style_VScroll>
		<Style_HScroll>false</Style_HScroll>
		<Style_Transparent>false</Style_Transparent>
		<!--<TooltipReference/>-->
	</InvSlot>
	<!-- root inv slots, IS_B1 to IS_B8 -->

<InvSlot item = "InvSlot22">
		<ScreenID>InvSlot22</ScreenID>
		<RelativePosition>true</RelativePosition>
		<Location>
			<X>176</X>
			<Y>12</Y>
		</Location>
		<Size>
			<CX>20</CX>
			<CY>20</CY>
		</Size>
		<Background>A_RecessedBox</Background>
		<EQType>22</EQType>
		<Style_VScroll>false</Style_VScroll>
		<Style_HScroll>false</Style_HScroll>
		<Style_Transparent>false</Style_Transparent>
	</InvSlot>

	<InvSlot item = "InvSlot23">
		<ScreenID>InvSlot23</ScreenID>
		<RelativePosition>true</RelativePosition>
		<Location>
			<X>176</X>
			<Y>42</Y>
		</Location>
		<Size>
			<CX>20</CX>
			<CY>20</CY>
		</Size>
		<Background>A_RecessedBox</Background>
		<EQType>23</EQType>
		<Style_VScroll>false</Style_VScroll>
		<Style_HScroll>false</Style_HScroll>
		<Style_Transparent>false</Style_Transparent>
	</InvSlot>

	<InvSlot item = "InvSlot24">
		<ScreenID>InvSlot24</ScreenID>
		<RelativePosition>true</RelativePosition>
		<Location>
			<X>176</X>
			<Y>72</Y>
		</Location>
		<Size>
			<CX>20</CX>
			<CY>20</CY>
		</Size>
		<Background>A_RecessedBox</Background>
		<EQType>24</EQType>
		<Style_VScroll>false</Style_VScroll>
		<Style_HScroll>false</Style_HScroll>
		<Style_Transparent>false</Style_Transparent>
	</InvSlot>

	<InvSlot item = "InvSlot25">
		<ScreenID>InvSlot25</ScreenID>
		<RelativePosition>true</RelativePosition>
		<Location>
			<X>176</X>
			<Y>100</Y>
		</Location>
		<Size>
			<CX>20</CX>
			<CY>20</CY>
		</Size>
		<Background>A_RecessedBox</Background>
		<EQType>25</EQType>
		<Style_VScroll>false</Style_VScroll>
		<Style_HScroll>false</Style_HScroll>
		<Style_Transparent>false</Style_Transparent>
	</InvSlot>

	<InvSlot item = "InvSlot26">
		<ScreenID>InvSlot26</ScreenID>
		<RelativePosition>true</RelativePosition>
		<Location>
			<X>176</X>
			<Y>130</Y>
		</Location>
		<Size>
			<CX>20</CX>
			<CY>20</CY>
		</Size>
		<Background>A_RecessedBox</Background>
		<EQType>26</EQType>
		<Style_VScroll>false</Style_VScroll>
		<Style_HScroll>false</Style_HScroll>
		<Style_Transparent>false</Style_Transparent>
	</InvSlot>

	<InvSlot item = "InvSlot27">
		<ScreenID>InvSlot27</ScreenID>
		<RelativePosition>true</RelativePosition>
		<Location>
			<X>176</X>
			<Y>160</Y>
		</Location>
		<Size>
			<CX>20</CX>
			<CY>20</CY>
		</Size>
		<Background>A_RecessedBox</Background>
		<EQType>27</EQType>
		<Style_VScroll>false</Style_VScroll>
		<Style_HScroll>false</Style_HScroll>
		<Style_Transparent>false</Style_Transparent>
	</InvSlot>

	<InvSlot item = "InvSlot28">
		<ScreenID>InvSlot28</ScreenID>
		<RelativePosition>true</RelativePosition>
		<Location>
			<X>176</X>
			<Y>190</Y>
		</Location>
		<Size>
			<CX>20</CX>
			<CY>20</CY>
		</Size>
		<Background>A_RecessedBox</Background>
		<EQType>28</EQType>
		<Style_VScroll>false</Style_VScroll>
		<Style_HScroll>false</Style_HScroll>
		<Style_Transparent>false</Style_Transparent>
	</InvSlot>

<InvSlot item = "InvSlot29">
		<ScreenID>InvSlot29</ScreenID>
		<RelativePosition>true</RelativePosition>
		<Location>
			<X>176</X>
			<Y>220</Y>
		</Location>
		<Size>
			<CX>20</CX>
			<CY>20</CY>
		</Size>
		<Background>A_RecessedBox</Background>
		<EQType>29</EQType>
		<Style_VScroll>false</Style_VScroll>
		<Style_HScroll>false</Style_HScroll>
		<Style_Transparent>false</Style_Transparent>
	</InvSlot>
	<!-- BAG SLOTS -->
  <InvSlot item="IW_Bag1_Slot1">
    <ScreenID>IW_Bag1_Slot1</ScreenID>
    <!--<Font>3</Font>-->
    <RelativePosition>true</RelativePosition>
    <Location>
      <X>199</X>
      <Y>7</Y>
    </Location>
    <Size>
      <CX>30</CX>
      <CY>30</CY>
    </Size>
    <Background>A_RecessedBox</Background>
    <EQType>251</EQType>
    <ItemOffsetX>2</ItemOffsetX>
    <ItemOffsetY>2</ItemOffsetY>
  </InvSlot>
  <InvSlot item="IW_Bag1_Slot2">
    <ScreenID>IW_Bag1_Slot2</ScreenID>
    <!--<Font>3</Font>-->
    <RelativePosition>true</RelativePosition>
    <Location>
      <X>229</X>
      <Y>7</Y>
    </Location>
    <Size>
      <CX>30</CX>
      <CY>30</CY>
    </Size>
    <Background>A_RecessedBox</Background>
    <EQType>252</EQType>
    <ItemOffsetX>2</ItemOffsetX>
    <ItemOffsetY>2</ItemOffsetY>
  </InvSlot>
  <InvSlot item="IW_Bag1_Slot3">
    <ScreenID>IW_Bag1_Slot3</ScreenID>
    <!--<Font>3</Font>-->
    <RelativePosition>true</RelativePosition>
    <Location>
      <X>259</X>
      <Y>7</Y>
    </Location>
    <Size>
      <CX>30</CX>
      <CY>30</CY>
    </Size>
    <Background>A_RecessedBox</Background>
    <EQType>253</EQType>
    <ItemOffsetX>2</ItemOffsetX>
    <ItemOffsetY>2</ItemOffsetY>
  </InvSlot>
  <InvSlot item="IW_Bag1_Slot4">
    <ScreenID>IW_Bag1_Slot4</ScreenID>
    <!--<Font>3</Font>-->
    <RelativePosition>true</RelativePosition>
    <Location>
      <X>289</X>
      <Y>7</Y>
    </Location>
    <Size>
      <CX>30</CX>
      <CY>30</CY>
    </Size>
    <Background>A_RecessedBox</Background>
    <EQType>254</EQType>
    <ItemOffsetX>2</ItemOffsetX>
    <ItemOffsetY>2</ItemOffsetY>
  </InvSlot>
  <InvSlot item="IW_Bag1_Slot5">
    <ScreenID>IW_Bag1_Slot5</ScreenID>
    <!--<Font>3</Font>-->
    <RelativePosition>true</RelativePosition>
    <Location>
      <X>319</X>
      <Y>7</Y>
    </Location>
    <Size>
      <CX>30</CX>
      <CY>30</CY>
    </Size>
    <Background>A_RecessedBox</Background>
    <EQType>255</EQType>
    <ItemOffsetX>2</ItemOffsetX>
    <ItemOffsetY>2</ItemOffsetY>
  </InvSlot>
  <InvSlot item="IW_Bag1_Slot6">
    <ScreenID>IW_Bag1_Slot6</ScreenID>
    <!--<Font>3</Font>-->
    <RelativePosition>true</RelativePosition>
    <Location>
      <X>349</X>
      <Y>7</Y>
    </Location>
    <Size>
      <CX>30</CX>
      <CY>30</CY>
    </Size>
    <Background>A_RecessedBox</Background>
    <EQType>256</EQType>
    <ItemOffsetX>2</ItemOffsetX>
    <ItemOffsetY>2</ItemOffsetY>
  </InvSlot>
  <InvSlot item="IW_Bag1_Slot7">
    <ScreenID>IW_Bag1_Slot7</ScreenID>
    <!--<Font>3</Font>-->
    <RelativePosition>true</RelativePosition>
    <Location>
      <X>379</X>
      <Y>7</Y>
    </Location>
    <Size>
      <CX>30</CX>
      <CY>30</CY>
    </Size>
    <Background>A_RecessedBox</Background>
    <EQType>257</EQType>
    <ItemOffsetX>2</ItemOffsetX>
    <ItemOffsetY>2</ItemOffsetY>
  </InvSlot>
  <InvSlot item="IW_Bag1_Slot8">
    <ScreenID>IW_Bag1_Slot8</ScreenID>
    <!--<Font>3</Font>-->
    <RelativePosition>true</RelativePosition>
    <Location>
       <X>409</X>
      <Y>7</Y>
    </Location>
    <Size>
      <CX>30</CX>
      <CY>30</CY>
    </Size>
    <Background>A_RecessedBox</Background>
    <EQType>258</EQType>
    <ItemOffsetX>2</ItemOffsetX>
    <ItemOffsetY>2</ItemOffsetY>
  </InvSlot>
  <InvSlot item="IW_Bag1_Slot9">
    <ScreenID>IW_Bag1_Slot9</ScreenID>
    <!--<Font>3</Font>-->
    <RelativePosition>true</RelativePosition>
    <Location>
      <X>439</X>
      <Y>7</Y>
    </Location>
    <Size>
      <CX>30</CX>
      <CY>30</CY>
    </Size>
    <Background>A_RecessedBox</Background>
    <EQType>259</EQType>
    <ItemOffsetX>2</ItemOffsetX>
    <ItemOffsetY>2</ItemOffsetY>
  </InvSlot>
  <InvSlot item="IW_Bag1_Slot10">
    <ScreenID>IW_Bag1_Slot10</ScreenID>
    <!--<Font>3</Font>-->
    <RelativePosition>true</RelativePosition>
    <Location>
      <X>469</X>
      <Y>7</Y>
    </Location>
    <Size>
      <CX>30</CX>
      <CY>30</CY>
    </Size>
    <Background>A_RecessedBox</Background>
    <EQType>260</EQType>
    <ItemOffsetX>2</ItemOffsetX>
    <ItemOffsetY>2</ItemOffsetY>
  </InvSlot>
  <InvSlot item="IW_Bag2_Slot1">
    <ScreenID>IW_Bag2_Slot1</ScreenID>
    <!--<Font>3</Font>-->
    <RelativePosition>true</RelativePosition>
    <Location>
      <X>199</X>
      <Y>37</Y>
    </Location>
    <Size>
      <CX>30</CX>
      <CY>30</CY>
    </Size>
    <Background>A_RecessedBox</Background>
    <EQType>261</EQType>
    <ItemOffsetX>2</ItemOffsetX>
    <ItemOffsetY>2</ItemOffsetY>
  </InvSlot>
  <InvSlot item="IW_Bag2_Slot2">
    <ScreenID>IW_Bag2_Slot2</ScreenID>
    <!--<Font>3</Font>-->
    <RelativePosition>true</RelativePosition>
    <Location>
      <X>229</X>
      <Y>37</Y>
    </Location>
    <Size>
      <CX>30</CX>
      <CY>30</CY>
    </Size>
    <Background>A_RecessedBox</Background>
    <EQType>262</EQType>
    <ItemOffsetX>2</ItemOffsetX>
    <ItemOffsetY>2</ItemOffsetY>
  </InvSlot>
  <InvSlot item="IW_Bag2_Slot3">
    <ScreenID>IW_Bag2_Slot3</ScreenID>
    <!--<Font>3</Font>-->
    <RelativePosition>true</RelativePosition>
    <Location>
      <X>259</X>
      <Y>37</Y>
    </Location>
    <Size>
      <CX>30</CX>
      <CY>30</CY>
    </Size>
    <Background>A_RecessedBox</Background>
    <EQType>263</EQType>
    <ItemOffsetX>2</ItemOffsetX>
    <ItemOffsetY>2</ItemOffsetY>
  </InvSlot>
  <InvSlot item="IW_Bag2_Slot4">
    <ScreenID>IW_Bag2_Slot4</ScreenID>
    <!--<Font>3</Font>-->
    <RelativePosition>true</RelativePosition>
    <Location>
      <X>289</X>
      <Y>37</Y>
    </Location>
    <Size>
      <CX>30</CX>
      <CY>30</CY>
    </Size>
    <Background>A_RecessedBox</Background>
    <EQType>264</EQType>
    <ItemOffsetX>2</ItemOffsetX>
    <ItemOffsetY>2</ItemOffsetY>
  </InvSlot>
  <InvSlot item="IW_Bag2_Slot5">
    <ScreenID>IW_Bag2_Slot5</ScreenID>
    <!--<Font>3</Font>-->
    <RelativePosition>true</RelativePosition>
    <Location>
      <X>319</X>
      <Y>37</Y>
    </Location>
    <Size>
      <CX>30</CX>
      <CY>30</CY>
    </Size>
    <Background>A_RecessedBox</Background>
    <EQType>265</EQType>
    <ItemOffsetX>2</ItemOffsetX>
    <ItemOffsetY>2</ItemOffsetY>
  </InvSlot>
  <InvSlot item="IW_Bag2_Slot6">
    <ScreenID>IW_Bag2_Slot6</ScreenID>
    <!--<Font>3</Font>-->
    <RelativePosition>true</RelativePosition>
    <Location>
      <X>349</X>
      <Y>37</Y>
    </Location>
    <Size>
      <CX>30</CX>
      <CY>30</CY>
    </Size>
    <Background>A_RecessedBox</Background>
    <EQType>266</EQType>
    <ItemOffsetX>2</ItemOffsetX>
    <ItemOffsetY>2</ItemOffsetY>
  </InvSlot>
  <InvSlot item="IW_Bag2_Slot7">
    <ScreenID>IW_Bag2_Slot7</ScreenID>
    <!--<Font>3</Font>-->
    <RelativePosition>true</RelativePosition>
    <Location>
      <X>379</X>
      <Y>37</Y>
    </Location>
    <Size>
      <CX>30</CX>
      <CY>30</CY>
    </Size>
    <Background>A_RecessedBox</Background>
    <EQType>267</EQType>
    <ItemOffsetX>2</ItemOffsetX>
    <ItemOffsetY>2</ItemOffsetY>
  </InvSlot>
  <InvSlot item="IW_Bag2_Slot8">
    <ScreenID>IW_Bag2_Slot8</ScreenID>
    <!--<Font>3</Font>-->
    <RelativePosition>true</RelativePosition>
    <Location>
       <X>409</X>
      <Y>37</Y>
    </Location>
    <Size>
      <CX>30</CX>
      <CY>30</CY>
    </Size>
    <Background>A_RecessedBox</Background>
    <EQType>268</EQType>
    <ItemOffsetX>2</ItemOffsetX>
    <ItemOffsetY>2</ItemOffsetY>
  </InvSlot>
  <InvSlot item="IW_Bag2_Slot9">
    <ScreenID>IW_Bag2_Slot9</ScreenID>
    <!--<Font>3</Font>-->
    <RelativePosition>true</RelativePosition>
    <Location>
      <X>439</X>
      <Y>37</Y>
    </Location>
    <Size>
      <CX>30</CX>
      <CY>30</CY>
    </Size>
    <Background>A_RecessedBox</Background>
    <EQType>269</EQType>
    <ItemOffsetX>2</ItemOffsetX>
    <ItemOffsetY>2</ItemOffsetY>
  </InvSlot>
  <InvSlot item="IW_Bag2_Slot10">
    <ScreenID>IW_Bag2_Slot10</ScreenID>
    <!--<Font>3</Font>-->
    <RelativePosition>true</RelativePosition>
    <Location>
      <X>469</X>
      <Y>37</Y>
    </Location>
    <Size>
      <CX>30</CX>
      <CY>30</CY>
    </Size>
    <Background>A_RecessedBox</Background>
    <EQType>270</EQType>
    <ItemOffsetX>2</ItemOffsetX>
    <ItemOffsetY>2</ItemOffsetY>
  </InvSlot>
  <InvSlot item="IW_Bag3_Slot1">
    <ScreenID>IW_Bag3_Slot1</ScreenID>
    <!--<Font>3</Font>-->
    <RelativePosition>true</RelativePosition>
    <Location>
      <X>199</X>
      <Y>67</Y>
    </Location>
    <Size>
      <CX>30</CX>
      <CY>30</CY>
    </Size>
    <Background>A_RecessedBox</Background>
    <EQType>271</EQType>
    <ItemOffsetX>2</ItemOffsetX>
    <ItemOffsetY>2</ItemOffsetY>
  </InvSlot>
  <InvSlot item="IW_Bag3_Slot2">
    <ScreenID>IW_Bag3_Slot2</ScreenID>
    <!--<Font>3</Font>-->
    <RelativePosition>true</RelativePosition>
    <Location>
      <X>229</X>
      <Y>67</Y>
    </Location>
    <Size>
      <CX>30</CX>
      <CY>30</CY>
    </Size>
    <Background>A_RecessedBox</Background>
    <EQType>272</EQType>
    <ItemOffsetX>2</ItemOffsetX>
    <ItemOffsetY>2</ItemOffsetY>
  </InvSlot>
  <InvSlot item="IW_Bag3_Slot3">
    <ScreenID>IW_Bag3_Slot3</ScreenID>
    <!--<Font>3</Font>-->
    <RelativePosition>true</RelativePosition>
    <Location>
      <X>259</X>
      <Y>67</Y>
    </Location>
    <Size>
      <CX>30</CX>
      <CY>30</CY>
    </Size>
    <Background>A_RecessedBox</Background>
    <EQType>273</EQType>
    <ItemOffsetX>2</ItemOffsetX>
    <ItemOffsetY>2</ItemOffsetY>
  </InvSlot>
  <InvSlot item="IW_Bag3_Slot4">
    <ScreenID>IW_Bag3_Slot4</ScreenID>
    <!--<Font>3</Font>-->
    <RelativePosition>true</RelativePosition>
    <Location>
      <X>289</X>
      <Y>67</Y>
    </Location>
    <Size>
      <CX>30</CX>
      <CY>30</CY>
    </Size>
    <Background>A_RecessedBox</Background>
    <EQType>274</EQType>
    <ItemOffsetX>2</ItemOffsetX>
    <ItemOffsetY>2</ItemOffsetY>
  </InvSlot>
  <InvSlot item="IW_Bag3_Slot5">
    <ScreenID>IW_Bag3_Slot5</ScreenID>
    <!--<Font>3</Font>-->
    <RelativePosition>true</RelativePosition>
    <Location>
      <X>319</X>
      <Y>67</Y>
    </Location>
    <Size>
      <CX>30</CX>
      <CY>30</CY>
    </Size>
    <Background>A_RecessedBox</Background>
    <EQType>275</EQType>
    <ItemOffsetX>2</ItemOffsetX>
    <ItemOffsetY>2</ItemOffsetY>
  </InvSlot>
  <InvSlot item="IW_Bag3_Slot6">
    <ScreenID>IW_Bag3_Slot6</ScreenID>
    <!--<Font>3</Font>-->
    <RelativePosition>true</RelativePosition>
    <Location>
      <X>349</X>
      <Y>67</Y>
    </Location>
    <Size>
      <CX>30</CX>
      <CY>30</CY>
    </Size>
    <Background>A_RecessedBox</Background>
    <EQType>276</EQType>
    <ItemOffsetX>2</ItemOffsetX>
    <ItemOffsetY>2</ItemOffsetY>
  </InvSlot>
  <InvSlot item="IW_Bag3_Slot7">
    <ScreenID>IW_Bag3_Slot7</ScreenID>
    <!--<Font>3</Font>-->
    <RelativePosition>true</RelativePosition>
    <Location>
      <X>379</X>
      <Y>67</Y>
    </Location>
    <Size>
      <CX>30</CX>
      <CY>30</CY>
    </Size>
    <Background>A_RecessedBox</Background>
    <EQType>277</EQType>
    <ItemOffsetX>2</ItemOffsetX>
    <ItemOffsetY>2</ItemOffsetY>
  </InvSlot>
  <InvSlot item="IW_Bag3_Slot8">
    <ScreenID>IW_Bag3_Slot8</ScreenID>
    <!--<Font>3</Font>-->
    <RelativePosition>true</RelativePosition>
    <Location>
       <X>409</X>
      <Y>67</Y>
    </Location>
    <Size>
      <CX>30</CX>
      <CY>30</CY>
    </Size>
    <Background>A_RecessedBox</Background>
    <EQType>278</EQType>
    <ItemOffsetX>2</ItemOffsetX>
    <ItemOffsetY>2</ItemOffsetY>
  </InvSlot>
  <InvSlot item="IW_Bag3_Slot9">
    <ScreenID>IW_Bag3_Slot9</ScreenID>
    <!--<Font>3</Font>-->
    <RelativePosition>true</RelativePosition>
    <Location>
      <X>439</X>
      <Y>67</Y>
    </Location>
    <Size>
      <CX>30</CX>
      <CY>30</CY>
    </Size>
    <Background>A_RecessedBox</Background>
    <EQType>279</EQType>
    <ItemOffsetX>2</ItemOffsetX>
    <ItemOffsetY>2</ItemOffsetY>
  </InvSlot>
  <InvSlot item="IW_Bag3_Slot10">
    <ScreenID>IW_Bag3_Slot10</ScreenID>
    <!--<Font>3</Font>-->
    <RelativePosition>true</RelativePosition>
    <Location>
      <X>469</X>
      <Y>67</Y>
    </Location>
    <Size>
      <CX>30</CX>
      <CY>30</CY>
    </Size>
    <Background>A_RecessedBox</Background>
    <EQType>280</EQType>
    <ItemOffsetX>2</ItemOffsetX>
    <ItemOffsetY>2</ItemOffsetY>
  </InvSlot>
  <InvSlot item="IW_Bag4_Slot1">
    <ScreenID>IW_Bag4_Slot1</ScreenID>
    <!--<Font>3</Font>-->
    <RelativePosition>true</RelativePosition>
    <Location>
      <X>199</X>
      <Y>97</Y>
    </Location>
    <Size>
      <CX>30</CX>
      <CY>30</CY>
    </Size>
    <Background>A_RecessedBox</Background>
    <EQType>281</EQType>
    <ItemOffsetX>2</ItemOffsetX>
    <ItemOffsetY>2</ItemOffsetY>
  </InvSlot>
  <InvSlot item="IW_Bag4_Slot2">
    <ScreenID>IW_Bag4_Slot2</ScreenID>
    <!--<Font>3</Font>-->
    <RelativePosition>true</RelativePosition>
    <Location>
      <X>229</X>
      <Y>97</Y>
    </Location>
    <Size>
      <CX>30</CX>
      <CY>30</CY>
    </Size>
    <Background>A_RecessedBox</Background>
    <EQType>282</EQType>
    <ItemOffsetX>2</ItemOffsetX>
    <ItemOffsetY>2</ItemOffsetY>
  </InvSlot>
  <InvSlot item="IW_Bag4_Slot3">
    <ScreenID>IW_Bag4_Slot3</ScreenID>
    <!--<Font>3</Font>-->
    <RelativePosition>true</RelativePosition>
    <Location>
      <X>259</X>
      <Y>97</Y>
    </Location>
    <Size>
      <CX>30</CX>
      <CY>30</CY>
    </Size>
    <Background>A_RecessedBox</Background>
    <EQType>283</EQType>
    <ItemOffsetX>2</ItemOffsetX>
    <ItemOffsetY>2</ItemOffsetY>
  </InvSlot>
  <InvSlot item="IW_Bag4_Slot4">
    <ScreenID>IW_Bag4_Slot4</ScreenID>
    <!--<Font>3</Font>-->
    <RelativePosition>true</RelativePosition>
    <Location>
      <X>289</X>
      <Y>97</Y>
    </Location>
    <Size>
      <CX>30</CX>
      <CY>30</CY>
    </Size>
    <Background>A_RecessedBox</Background>
    <EQType>284</EQType>
    <ItemOffsetX>2</ItemOffsetX>
    <ItemOffsetY>2</ItemOffsetY>
  </InvSlot>
  <InvSlot item="IW_Bag4_Slot5">
    <ScreenID>IW_Bag4_Slot5</ScreenID>
    <!--<Font>3</Font>-->
    <RelativePosition>true</RelativePosition>
    <Location>
      <X>319</X>
      <Y>97</Y>
    </Location>
    <Size>
      <CX>30</CX>
      <CY>30</CY>
    </Size>
    <Background>A_RecessedBox</Background>
    <EQType>285</EQType>
    <ItemOffsetX>2</ItemOffsetX>
    <ItemOffsetY>2</ItemOffsetY>
  </InvSlot>
  <InvSlot item="IW_Bag4_Slot6">
    <ScreenID>IW_Bag4_Slot6</ScreenID>
    <!--<Font>3</Font>-->
    <RelativePosition>true</RelativePosition>
    <Location>
      <X>349</X>
      <Y>97</Y>
    </Location>
    <Size>
      <CX>30</CX>
      <CY>30</CY>
    </Size>
    <Background>A_RecessedBox</Background>
    <EQType>286</EQType>
    <ItemOffsetX>2</ItemOffsetX>
    <ItemOffsetY>2</ItemOffsetY>
  </InvSlot>
  <InvSlot item="IW_Bag4_Slot7">
    <ScreenID>IW_Bag4_Slot7</ScreenID>
    <!--<Font>3</Font>-->
    <RelativePosition>true</RelativePosition>
    <Location>
      <X>379</X>
      <Y>97</Y>
    </Location>
    <Size>
      <CX>30</CX>
      <CY>30</CY>
    </Size>
    <Background>A_RecessedBox</Background>
    <EQType>287</EQType>
    <ItemOffsetX>2</ItemOffsetX>
    <ItemOffsetY>2</ItemOffsetY>
  </InvSlot>
  <InvSlot item="IW_Bag4_Slot8">
    <ScreenID>IW_Bag4_Slot8</ScreenID>
    <!--<Font>3</Font>-->
    <RelativePosition>true</RelativePosition>
    <Location>
       <X>409</X>
      <Y>97</Y>
    </Location>
    <Size>
      <CX>30</CX>
      <CY>30</CY>
    </Size>
    <Background>A_RecessedBox</Background>
    <EQType>288</EQType>
    <ItemOffsetX>2</ItemOffsetX>
    <ItemOffsetY>2</ItemOffsetY>
  </InvSlot>
  <InvSlot item="IW_Bag4_Slot9">
    <ScreenID>IW_Bag4_Slot9</ScreenID>
    <!--<Font>3</Font>-->
    <RelativePosition>true</RelativePosition>
    <Location>
      <X>439</X>
      <Y>97</Y>
    </Location>
    <Size>
      <CX>30</CX>
      <CY>30</CY>
    </Size>
    <Background>A_RecessedBox</Background>
    <EQType>289</EQType>
    <ItemOffsetX>2</ItemOffsetX>
    <ItemOffsetY>2</ItemOffsetY>
  </InvSlot>
  <InvSlot item="IW_Bag4_Slot10">
    <ScreenID>IW_Bag4_Slot10</ScreenID>
    <!--<Font>3</Font>-->
    <RelativePosition>true</RelativePosition>
    <Location>
      <X>469</X>
      <Y>97</Y>
    </Location>
    <Size>
      <CX>30</CX>
      <CY>30</CY>
    </Size>
    <Background>A_RecessedBox</Background>
    <EQType>290</EQType>
    <ItemOffsetX>2</ItemOffsetX>
    <ItemOffsetY>2</ItemOffsetY>
  </InvSlot>
  <InvSlot item="IW_Bag5_Slot1">
    <ScreenID>IW_Bag5_Slot1</ScreenID>
    <!--<Font>3</Font>-->
    <RelativePosition>true</RelativePosition>
    <Location>
      <X>199</X>
      <Y>127</Y>
    </Location>
    <Size>
      <CX>30</CX>
      <CY>30</CY>
    </Size>
    <Background>A_RecessedBox</Background>
    <EQType>291</EQType>
    <ItemOffsetX>2</ItemOffsetX>
    <ItemOffsetY>2</ItemOffsetY>
  </InvSlot>
  <InvSlot item="IW_Bag5_Slot2">
    <ScreenID>IW_Bag5_Slot2</ScreenID>
    <!--<Font>3</Font>-->
    <RelativePosition>true</RelativePosition>
    <Location>
      <X>229</X>
      <Y>127</Y>
    </Location>
    <Size>
      <CX>30</CX>
      <CY>30</CY>
    </Size>
    <Background>A_RecessedBox</Background>
    <EQType>292</EQType>
    <ItemOffsetX>2</ItemOffsetX>
    <ItemOffsetY>2</ItemOffsetY>
  </InvSlot>
  <InvSlot item="IW_Bag5_Slot3">
    <ScreenID>IW_Bag5_Slot3</ScreenID>
    <!--<Font>3</Font>-->
    <RelativePosition>true</RelativePosition>
    <Location>
      <X>259</X>
      <Y>127</Y>
    </Location>
    <Size>
      <CX>30</CX>
      <CY>30</CY>
    </Size>
    <Background>A_RecessedBox</Background>
    <EQType>293</EQType>
    <ItemOffsetX>2</ItemOffsetX>
    <ItemOffsetY>2</ItemOffsetY>
  </InvSlot>
  <InvSlot item="IW_Bag5_Slot4">
    <ScreenID>IW_Bag5_Slot4</ScreenID>
    <!--<Font>3</Font>-->
    <RelativePosition>true</RelativePosition>
    <Location>
      <X>289</X>
      <Y>127</Y>
    </Location>
    <Size>
      <CX>30</CX>
      <CY>30</CY>
    </Size>
    <Background>A_RecessedBox</Background>
    <EQType>294</EQType>
    <ItemOffsetX>2</ItemOffsetX>
    <ItemOffsetY>2</ItemOffsetY>
  </InvSlot>
  <InvSlot item="IW_Bag5_Slot5">
    <ScreenID>IW_Bag5_Slot5</ScreenID>
    <!--<Font>3</Font>-->
    <RelativePosition>true</RelativePosition>
    <Location>
      <X>319</X>
      <Y>127</Y>
    </Location>
    <Size>
      <CX>30</CX>
      <CY>30</CY>
    </Size>
    <Background>A_RecessedBox</Background>
    <EQType>295</EQType>
    <ItemOffsetX>2</ItemOffsetX>
    <ItemOffsetY>2</ItemOffsetY>
  </InvSlot>
  <InvSlot item="IW_Bag5_Slot6">
    <ScreenID>IW_Bag5_Slot6</ScreenID>
    <!--<Font>3</Font>-->
    <RelativePosition>true</RelativePosition>
    <Location>
      <X>349</X>
      <Y>127</Y>
    </Location>
    <Size>
      <CX>30</CX>
      <CY>30</CY>
    </Size>
    <Background>A_RecessedBox</Background>
    <EQType>296</EQType>
    <ItemOffsetX>2</ItemOffsetX>
    <ItemOffsetY>2</ItemOffsetY>
  </InvSlot>
  <InvSlot item="IW_Bag5_Slot7">
    <ScreenID>IW_Bag5_Slot7</ScreenID>
    <!--<Font>3</Font>-->
    <RelativePosition>true</RelativePosition>
    <Location>
      <X>379</X>
      <Y>127</Y>
    </Location>
    <Size>
      <CX>30</CX>
      <CY>30</CY>
    </Size>
    <Background>A_RecessedBox</Background>
    <EQType>297</EQType>
    <ItemOffsetX>2</ItemOffsetX>
    <ItemOffsetY>2</ItemOffsetY>
  </InvSlot>
  <InvSlot item="IW_Bag5_Slot8">
    <ScreenID>IW_Bag5_Slot8</ScreenID>
    <!--<Font>3</Font>-->
    <RelativePosition>true</RelativePosition>
    <Location>
       <X>409</X>
      <Y>127</Y>
    </Location>
    <Size>
      <CX>30</CX>
      <CY>30</CY>
    </Size>
    <Background>A_RecessedBox</Background>
    <EQType>298</EQType>
    <ItemOffsetX>2</ItemOffsetX>
    <ItemOffsetY>2</ItemOffsetY>
  </InvSlot>
  <InvSlot item="IW_Bag5_Slot9">
    <ScreenID>IW_Bag5_Slot9</ScreenID>
    <!--<Font>3</Font>-->
    <RelativePosition>true</RelativePosition>
    <Location>
      <X>439</X>
      <Y>127</Y>
    </Location>
    <Size>
      <CX>30</CX>
      <CY>30</CY>
    </Size>
    <Background>A_RecessedBox</Background>
    <EQType>299</EQType>
    <ItemOffsetX>2</ItemOffsetX>
    <ItemOffsetY>2</ItemOffsetY>
  </InvSlot>
  <InvSlot item="IW_Bag5_Slot10">
    <ScreenID>IW_Bag5_Slot10</ScreenID>
    <!--<Font>3</Font>-->
    <RelativePosition>true</RelativePosition>
    <Location>
      <X>469</X>
      <Y>127</Y>
    </Location>
    <Size>
      <CX>30</CX>
      <CY>30</CY>
    </Size>
    <Background>A_RecessedBox</Background>
    <EQType>300</EQType>
    <ItemOffsetX>2</ItemOffsetX>
    <ItemOffsetY>2</ItemOffsetY>
  </InvSlot>
  <InvSlot item="IW_Bag6_Slot1">
    <ScreenID>IW_Bag6_Slot1</ScreenID>
    <!--<Font>3</Font>-->
    <RelativePosition>true</RelativePosition>
    <Location>
      <X>199</X>
      <Y>157</Y>
    </Location>
    <Size>
      <CX>30</CX>
      <CY>30</CY>
    </Size>
    <Background>A_RecessedBox</Background>
    <EQType>301</EQType>
    <ItemOffsetX>2</ItemOffsetX>
    <ItemOffsetY>2</ItemOffsetY>
  </InvSlot>
  <InvSlot item="IW_Bag6_Slot2">
    <ScreenID>IW_Bag6_Slot2</ScreenID>
    <!--<Font>3</Font>-->
    <RelativePosition>true</RelativePosition>
    <Location>
      <X>229</X>
      <Y>157</Y>
    </Location>
    <Size>
      <CX>30</CX>
      <CY>30</CY>
    </Size>
    <Background>A_RecessedBox</Background>
    <EQType>302</EQType>
    <ItemOffsetX>2</ItemOffsetX>
    <ItemOffsetY>2</ItemOffsetY>
  </InvSlot>
  <InvSlot item="IW_Bag6_Slot3">
    <ScreenID>IW_Bag6_Slot3</ScreenID>
    <!--<Font>3</Font>-->
    <RelativePosition>true</RelativePosition>
    <Location>
      <X>259</X>
      <Y>157</Y>
    </Location>
    <Size>
      <CX>30</CX>
      <CY>30</CY>
    </Size>
    <Background>A_RecessedBox</Background>
    <EQType>303</EQType>
    <ItemOffsetX>2</ItemOffsetX>
    <ItemOffsetY>2</ItemOffsetY>
  </InvSlot>
  <InvSlot item="IW_Bag6_Slot4">
    <ScreenID>IW_Bag6_Slot4</ScreenID>
    <!--<Font>3</Font>-->
    <RelativePosition>true</RelativePosition>
    <Location>
      <X>289</X>
      <Y>157</Y>
    </Location>
    <Size>
      <CX>30</CX>
      <CY>30</CY>
    </Size>
    <Background>A_RecessedBox</Background>
    <EQType>304</EQType>
    <ItemOffsetX>2</ItemOffsetX>
    <ItemOffsetY>2</ItemOffsetY>
  </InvSlot>
  <InvSlot item="IW_Bag6_Slot5">
    <ScreenID>IW_Bag6_Slot5</ScreenID>
    <!--<Font>3</Font>-->
    <RelativePosition>true</RelativePosition>
    <Location>
      <X>319</X>
      <Y>157</Y>
    </Location>
    <Size>
      <CX>30</CX>
      <CY>30</CY>
    </Size>
    <Background>A_RecessedBox</Background>
    <EQType>305</EQType>
    <ItemOffsetX>2</ItemOffsetX>
    <ItemOffsetY>2</ItemOffsetY>
  </InvSlot>
  <InvSlot item="IW_Bag6_Slot6">
    <ScreenID>IW_Bag6_Slot6</ScreenID>
    <!--<Font>3</Font>-->
    <RelativePosition>true</RelativePosition>
    <Location>
      <X>349</X>
      <Y>157</Y>
    </Location>
    <Size>
      <CX>30</CX>
      <CY>30</CY>
    </Size>
    <Background>A_RecessedBox</Background>
    <EQType>306</EQType>
    <ItemOffsetX>2</ItemOffsetX>
    <ItemOffsetY>2</ItemOffsetY>
  </InvSlot>
  <InvSlot item="IW_Bag6_Slot7">
    <ScreenID>IW_Bag6_Slot7</ScreenID>
    <!--<Font>3</Font>-->
    <RelativePosition>true</RelativePosition>
    <Location>
      <X>379</X>
      <Y>157</Y>
    </Location>
    <Size>
      <CX>30</CX>
      <CY>30</CY>
    </Size>
    <Background>A_RecessedBox</Background>
    <EQType>307</EQType>
    <ItemOffsetX>2</ItemOffsetX>
    <ItemOffsetY>2</ItemOffsetY>
  </InvSlot>
  <InvSlot item="IW_Bag6_Slot8">
    <ScreenID>IW_Bag6_Slot8</ScreenID>
    <!--<Font>3</Font>-->
    <RelativePosition>true</RelativePosition>
    <Location>
       <X>409</X>
      <Y>157</Y>
    </Location>
    <Size>
      <CX>30</CX>
      <CY>30</CY>
    </Size>
    <Background>A_RecessedBox</Background>
    <EQType>308</EQType>
    <ItemOffsetX>2</ItemOffsetX>
    <ItemOffsetY>2</ItemOffsetY>
  </InvSlot>
  <InvSlot item="IW_Bag6_Slot9">
    <ScreenID>IW_Bag6_Slot9</ScreenID>
    <!--<Font>3</Font>-->
    <RelativePosition>true</RelativePosition>
    <Location>
      <X>439</X>
      <Y>157</Y>
    </Location>
    <Size>
      <CX>30</CX>
      <CY>30</CY>
    </Size>
    <Background>A_RecessedBox</Background>
    <EQType>309</EQType>
    <ItemOffsetX>2</ItemOffsetX>
    <ItemOffsetY>2</ItemOffsetY>
  </InvSlot>
  <InvSlot item="IW_Bag6_Slot10">
    <ScreenID>IW_Bag6_Slot10</ScreenID>
    <!--<Font>3</Font>-->
    <RelativePosition>true</RelativePosition>
    <Location>
      <X>469</X>
      <Y>157</Y>
    </Location>
    <Size>
      <CX>30</CX>
      <CY>30</CY>
    </Size>
    <Background>A_RecessedBox</Background>
    <EQType>310</EQType>
    <ItemOffsetX>2</ItemOffsetX>
    <ItemOffsetY>2</ItemOffsetY>
  </InvSlot>
  <InvSlot item="IW_Bag7_Slot1">
    <ScreenID>IW_Bag7_Slot1</ScreenID>
    <!--<Font>3</Font>-->
    <RelativePosition>true</RelativePosition>
    <Location>
      <X>199</X>
      <Y>187</Y>
    </Location>
    <Size>
      <CX>30</CX>
      <CY>30</CY>
    </Size>
    <Background>A_RecessedBox</Background>
    <EQType>311</EQType>
    <ItemOffsetX>2</ItemOffsetX>
    <ItemOffsetY>2</ItemOffsetY>
  </InvSlot>
  <InvSlot item="IW_Bag7_Slot2">
    <ScreenID>IW_Bag7_Slot2</ScreenID>
    <!--<Font>3</Font>-->
    <RelativePosition>true</RelativePosition>
    <Location>
      <X>229</X>
      <Y>187</Y>
    </Location>
    <Size>
      <CX>30</CX>
      <CY>30</CY>
    </Size>
    <Background>A_RecessedBox</Background>
    <EQType>312</EQType>
    <ItemOffsetX>2</ItemOffsetX>
    <ItemOffsetY>2</ItemOffsetY>
  </InvSlot>
  <InvSlot item="IW_Bag7_Slot3">
    <ScreenID>IW_Bag7_Slot3</ScreenID>
    <!--<Font>3</Font>-->
    <RelativePosition>true</RelativePosition>
    <Location>
      <X>259</X>
      <Y>187</Y>
    </Location>
    <Size>
      <CX>30</CX>
      <CY>30</CY>
    </Size>
    <Background>A_RecessedBox</Background>
    <EQType>313</EQType>
    <ItemOffsetX>2</ItemOffsetX>
    <ItemOffsetY>2</ItemOffsetY>
  </InvSlot>
  <InvSlot item="IW_Bag7_Slot4">
    <ScreenID>IW_Bag7_Slot4</ScreenID>
    <!--<Font>3</Font>-->
    <RelativePosition>true</RelativePosition>
    <Location>
      <X>289</X>
      <Y>187</Y>
    </Location>
    <Size>
      <CX>30</CX>
      <CY>30</CY>
    </Size>
    <Background>A_RecessedBox</Background>
    <EQType>314</EQType>
    <ItemOffsetX>2</ItemOffsetX>
    <ItemOffsetY>2</ItemOffsetY>
  </InvSlot>
  <InvSlot item="IW_Bag7_Slot5">
    <ScreenID>IW_Bag7_Slot5</ScreenID>
    <!--<Font>3</Font>-->
    <RelativePosition>true</RelativePosition>
    <Location>
      <X>319</X>
      <Y>187</Y>
    </Location>
    <Size>
      <CX>30</CX>
      <CY>30</CY>
    </Size>
    <Background>A_RecessedBox</Background>
    <EQType>315</EQType>
    <ItemOffsetX>2</ItemOffsetX>
    <ItemOffsetY>2</ItemOffsetY>
  </InvSlot>
  <InvSlot item="IW_Bag7_Slot6">
    <ScreenID>IW_Bag7_Slot6</ScreenID>
    <!--<Font>3</Font>-->
    <RelativePosition>true</RelativePosition>
    <Location>
      <X>349</X>
      <Y>187</Y>
    </Location>
    <Size>
      <CX>30</CX>
      <CY>30</CY>
    </Size>
    <Background>A_RecessedBox</Background>
    <EQType>316</EQType>
    <ItemOffsetX>2</ItemOffsetX>
    <ItemOffsetY>2</ItemOffsetY>
  </InvSlot>
  <InvSlot item="IW_Bag7_Slot7">
    <ScreenID>IW_Bag7_Slot7</ScreenID>
    <!--<Font>3</Font>-->
    <RelativePosition>true</RelativePosition>
    <Location>
      <X>379</X>
      <Y>187</Y>
    </Location>
    <Size>
      <CX>30</CX>
      <CY>30</CY>
    </Size>
    <Background>A_RecessedBox</Background>
    <EQType>317</EQType>
    <ItemOffsetX>2</ItemOffsetX>
    <ItemOffsetY>2</ItemOffsetY>
  </InvSlot>
  <InvSlot item="IW_Bag7_Slot8">
    <ScreenID>IW_Bag7_Slot8</ScreenID>
    <!--<Font>3</Font>-->
    <RelativePosition>true</RelativePosition>
    <Location>
       <X>409</X>
      <Y>187</Y>
    </Location>
    <Size>
      <CX>30</CX>
      <CY>30</CY>
    </Size>
    <Background>A_RecessedBox</Background>
    <EQType>318</EQType>
    <ItemOffsetX>2</ItemOffsetX>
    <ItemOffsetY>2</ItemOffsetY>
  </InvSlot>
  <InvSlot item="IW_Bag7_Slot9">
    <ScreenID>IW_Bag7_Slot9</ScreenID>
    <!--<Font>3</Font>-->
    <RelativePosition>true</RelativePosition>
    <Location>
      <X>439</X>
      <Y>187</Y>
    </Location>
    <Size>
      <CX>30</CX>
      <CY>30</CY>
    </Size>
    <Background>A_RecessedBox</Background>
    <EQType>319</EQType>
    <ItemOffsetX>2</ItemOffsetX>
    <ItemOffsetY>2</ItemOffsetY>
  </InvSlot>
  <InvSlot item="IW_Bag7_Slot10">
    <ScreenID>IW_Bag7_Slot10</ScreenID>
    <!--<Font>3</Font>-->
    <RelativePosition>true</RelativePosition>
    <Location>
      <X>469</X>
      <Y>187</Y>
    </Location>
    <Size>
      <CX>30</CX>
      <CY>30</CY>
    </Size>
    <Background>A_RecessedBox</Background>
    <EQType>320</EQType>
    <ItemOffsetX>2</ItemOffsetX>
    <ItemOffsetY>2</ItemOffsetY>
  </InvSlot>
  <InvSlot item="IW_Bag8_Slot1">
    <ScreenID>IW_Bag8_Slot1</ScreenID>
    <!--<Font>3</Font>-->
    <RelativePosition>true</RelativePosition>
    <Location>
      <X>199</X>
      <Y>217</Y>
    </Location>
    <Size>
      <CX>30</CX>
      <CY>30</CY>
    </Size>
    <Background>A_RecessedBox</Background>
    <EQType>321</EQType>
    <ItemOffsetX>2</ItemOffsetX>
    <ItemOffsetY>2</ItemOffsetY>
  </InvSlot>
  <InvSlot item="IW_Bag8_Slot2">
    <ScreenID>IW_Bag8_Slot2</ScreenID>
    <!--<Font>3</Font>-->
    <RelativePosition>true</RelativePosition>
    <Location>
      <X>229</X>
      <Y>217</Y>
    </Location>
    <Size>
      <CX>30</CX>
      <CY>30</CY>
    </Size>
    <Background>A_RecessedBox</Background>
    <EQType>322</EQType>
    <ItemOffsetX>2</ItemOffsetX>
    <ItemOffsetY>2</ItemOffsetY>
  </InvSlot>
  <InvSlot item="IW_Bag8_Slot3">
    <ScreenID>IW_Bag8_Slot3</ScreenID>
    <!--<Font>3</Font>-->
    <RelativePosition>true</RelativePosition>
    <Location>
      <X>259</X>
      <Y>217</Y>
    </Location>
    <Size>
      <CX>30</CX>
      <CY>30</CY>
    </Size>
    <Background>A_RecessedBox</Background>
    <EQType>323</EQType>
    <ItemOffsetX>2</ItemOffsetX>
    <ItemOffsetY>2</ItemOffsetY>
  </InvSlot>
  <InvSlot item="IW_Bag8_Slot4">
    <ScreenID>IW_Bag8_Slot4</ScreenID>
    <!--<Font>3</Font>-->
    <RelativePosition>true</RelativePosition>
    <Location>
      <X>289</X>
      <Y>217</Y>
    </Location>
    <Size>
      <CX>30</CX>
      <CY>30</CY>
    </Size>
    <Background>A_RecessedBox</Background>
    <EQType>324</EQType>
    <ItemOffsetX>2</ItemOffsetX>
    <ItemOffsetY>2</ItemOffsetY>
  </InvSlot>
  <InvSlot item="IW_Bag8_Slot5">
    <ScreenID>IW_Bag8_Slot5</ScreenID>
    <!--<Font>3</Font>-->
    <RelativePosition>true</RelativePosition>
    <Location>
      <X>319</X>
      <Y>217</Y>
    </Location>
    <Size>
      <CX>30</CX>
      <CY>30</CY>
    </Size>
    <Background>A_RecessedBox</Background>
    <EQType>325</EQType>
    <ItemOffsetX>2</ItemOffsetX>
    <ItemOffsetY>2</ItemOffsetY>
  </InvSlot>
  <InvSlot item="IW_Bag8_Slot6">
    <ScreenID>IW_Bag8_Slot6</ScreenID>
    <!--<Font>3</Font>-->
    <RelativePosition>true</RelativePosition>
    <Location>
      <X>349</X>
      <Y>217</Y>
    </Location>
    <Size>
      <CX>30</CX>
      <CY>30</CY>
    </Size>
    <Background>A_RecessedBox</Background>
    <EQType>326</EQType>
    <ItemOffsetX>2</ItemOffsetX>
    <ItemOffsetY>2</ItemOffsetY>
  </InvSlot>
  <InvSlot item="IW_Bag8_Slot7">
    <ScreenID>IW_Bag8_Slot7</ScreenID>
    <!--<Font>3</Font>-->
    <RelativePosition>true</RelativePosition>
    <Location>
      <X>379</X>
      <Y>217</Y>
    </Location>
    <Size>
      <CX>30</CX>
      <CY>30</CY>
    </Size>
    <Background>A_RecessedBox</Background>
    <EQType>327</EQType>
    <ItemOffsetX>2</ItemOffsetX>
    <ItemOffsetY>2</ItemOffsetY>
  </InvSlot>
  <InvSlot item="IW_Bag8_Slot8">
    <ScreenID>IW_Bag8_Slot8</ScreenID>
    <!--<Font>3</Font>-->
    <RelativePosition>true</RelativePosition>
    <Location>
       <X>409</X>
      <Y>217</Y>
    </Location>
    <Size>
      <CX>30</CX>
      <CY>30</CY>
    </Size>
    <Background>A_RecessedBox</Background>
    <EQType>328</EQType>
    <ItemOffsetX>2</ItemOffsetX>
    <ItemOffsetY>2</ItemOffsetY>
  </InvSlot>
  <InvSlot item="IW_Bag8_Slot9">
    <ScreenID>IW_Bag8_Slot9</ScreenID>
    <!--<Font>3</Font>-->
    <RelativePosition>true</RelativePosition>
    <Location>
      <X>439</X>
      <Y>217</Y>
    </Location>
    <Size>
      <CX>30</CX>
      <CY>30</CY>
    </Size>
    <Background>A_RecessedBox</Background>
    <EQType>329</EQType>
    <ItemOffsetX>2</ItemOffsetX>
    <ItemOffsetY>2</ItemOffsetY>
  </InvSlot>
  <InvSlot item="IW_Bag8_Slot10">
    <ScreenID>IW_Bag8_Slot10</ScreenID>
    <!--<Font>3</Font>-->
    <RelativePosition>true</RelativePosition>
    <Location>
      <X>469</X>
      <Y>217</Y>
    </Location>
    <Size>
      <CX>30</CX>
      <CY>30</CY>
    </Size>
    <Background>A_RecessedBox</Background>
    <EQType>330</EQType>
    <ItemOffsetX>2</ItemOffsetX>
    <ItemOffsetY>2</ItemOffsetY>
  </InvSlot>
	<Label item="IW_Name">
		<ScreenID>NameLabel</ScreenID>
		<EQType>1</EQType>
		<Font>10</Font>
		<RelativePosition>true</RelativePosition>
		<Location>
			<X>226</X>
			<Y>245</Y>
		</Location>
		<Size>
			<CX>500</CX>
			<CY>200</CY>
		</Size>
		<Text>Playername123456</Text>
		<TextColor>
			<R>255</R>
			<G>255</G>
			<B>255</B>
		</TextColor>
		<NoWrap>true</NoWrap>
		<AlignCenter>false</AlignCenter>
		<AlignRight>false</AlignRight>
	</Label>
	<Label item="IW_Level">
		<ScreenID>LevelClassLabel</ScreenID>
		<EQType>2</EQType>
		<Font>8</Font>
		<RelativePosition>true</RelativePosition>
		<Location>
			<X>199</X>
			<Y>250</Y>
		</Location>
		<Size>
			<CX>40</CX>
			<CY>45</CY>
		</Size>
		<Text>60 Shadow Knight</Text>
		<TextColor>
			<R>255</R>
			<G>255</G>
			<B>255</B>
		</TextColor>
		<NoWrap>true</NoWrap>
		<AlignCenter>false</AlignCenter>
		<AlignRight>false</AlignRight>
	</Label>
	<Label item="IW_Class">
		<EQType>3</EQType>
		<Font>8</Font>
		<RelativePosition>true</RelativePosition>
		<Location>
			<X>199</X>
			<Y>285</Y>
		</Location>
		<Size>
			<CX>200</CX>
			<CY>35</CY>
		</Size>
		<Text>60 Shadow Knight</Text>
		<TextColor>
			<R>255</R>
			<G>255</G>
			<B>255</B>
		</TextColor>
		<NoWrap>true</NoWrap>
		<AlignCenter>false</AlignCenter>
		<AlignRight>false</AlignRight>
	</Label>
	<Label item="IW_Deity">
		<ScreenID>DeityLabel</ScreenID>
		<EQType>4</EQType>
		<Font>8</Font>
		<RelativePosition>true</RelativePosition>
		<Location>
			<X>199</X>
			<Y>305</Y>
		</Location>
		<Size>
			<CX>200</CX>
			<CY>35</CY>
		</Size>
		<Text>Mithaniel Marr</Text>
		<TextColor>
			<R>255</R>
			<G>255</G>
			<B>255</B>
		</TextColor>
		<NoWrap>true</NoWrap>
		<AlignCenter>false</AlignCenter>
		<AlignRight>false</AlignRight>
	</Label>

	<Button item="IW_Money0">
		<ScreenID>IW_Money0</ScreenID>
		<Font>2</Font>
		<RelativePosition>true</RelativePosition>
		<Location>
			<X>440</X>
			<Y>280</Y>
		</Location>
		<Size>
			<CX>70</CX>
			<CY>20</CY>
		</Size>
		<Style_Transparent>false</Style_Transparent>
		<!--<TooltipReference/>-->
		<Style_Checkbox>false</Style_Checkbox>
		<!--<RadioGroup/>-->
		<Text>9999</Text>
		<TextColor>
			<R>255</R>
			<G>255</G>
			<B>255</B>
		</TextColor>
		<ButtonDrawTemplate>
			<NormalDecal>A_PlatinumCoin</NormalDecal>
		</ButtonDrawTemplate>
		<DecalOffset>
			<X>1</X>
			<Y>3</Y>
		</DecalOffset>
		<DecalSize>
			<CX>16</CX>
			<CY>16</CY>
		</DecalSize>
	</Button>
	<Button item="IW_Money1">
		<ScreenID>IW_Money1</ScreenID>
		<Font>2</Font>
		<RelativePosition>true</RelativePosition>
		<Location>
			<X>440</X>
			<Y>295</Y>
		</Location>
		<Size>
			<CX>70</CX>
			<CY>20</CY>
		</Size>
		<Style_Transparent>false</Style_Transparent>
		<!--<TooltipReference/>-->
		<Style_Checkbox>false</Style_Checkbox>
		<!--<RadioGroup/>-->
		<Text>9999</Text>
		<TextColor>
			<R>255</R>
			<G>255</G>
			<B>255</B>
		</TextColor>
		<ButtonDrawTemplate>
			<NormalDecal>A_GoldCoin</NormalDecal>
		</ButtonDrawTemplate>
		<DecalOffset>
			<X>1</X>
			<Y>3</Y>
		</DecalOffset>
		<DecalSize>
			<CX>16</CX>
			<CY>16</CY>
		</DecalSize>
	</Button>
	<Button item="IW_Money2">
		<ScreenID>IW_Money2</ScreenID>
		<Font>2</Font>
		<RelativePosition>true</RelativePosition>
		<Location>
			<X>440</X>
			<Y>310</Y>
		</Location>
		<Size>
			<CX>70</CX>
			<CY>20</CY>
		</Size>
		<Style_Transparent>false</Style_Transparent>
		<!--<TooltipReference/>-->
		<Style_Checkbox>false</Style_Checkbox>
		<!--<RadioGroup/>-->
		<Text>9999</Text>
		<TextColor>
			<R>255</R>
			<G>255</G>
			<B>255</B>
		</TextColor>
		<ButtonDrawTemplate>
			<NormalDecal>A_SilverCoin</NormalDecal>
		</ButtonDrawTemplate>
		<DecalOffset>
			<X>1</X>
			<Y>3</Y>
		</DecalOffset>
		<DecalSize>
			<CX>16</CX>
			<CY>16</CY>
		</DecalSize>
	</Button>
	<Button item="IW_Money3">
		<ScreenID>IW_Money3</ScreenID>
		<Font>2</Font>
		<RelativePosition>true</RelativePosition>
		<Location>
			<X>440</X>
			<Y>325</Y>
		</Location>
		<Size>
			<CX>70</CX>
			<CY>20</CY>
		</Size>
		<Style_Transparent>false</Style_Transparent>
		<!--<TooltipReference/>-->
		<Style_Checkbox>false</Style_Checkbox>
		<!--<RadioGroup/>-->
		<Text>9999</Text>
		<TextColor>
			<R>255</R>
			<G>255</G>
			<B>255</B>
		</TextColor>
		<ButtonDrawTemplate>
			<NormalDecal>A_CopperCoin</NormalDecal>
		</ButtonDrawTemplate>
		<DecalOffset>
			<X>1</X>
			<Y>3</Y>
		</DecalOffset>
		<DecalSize>
			<CX>16</CX>
			<CY>16</CY>
		</DecalSize>
	</Button>
	<Button item="IW_Skills">
		<ScreenID>IW_Skills</ScreenID>
		<Font>2</Font>
		<RelativePosition>true</RelativePosition>
		<Location>
			<X>0</X>
			<Y>351</Y>
		</Location>
		<Size>
			<CX>83</CX>
			<CY>20</CY>
		</Size>
		<Style_Transparent>false</Style_Transparent>
		<!--<TooltipReference/>-->
		<Style_Checkbox>false</Style_Checkbox>
		<!--<RadioGroup/>-->
		<Text>Skills</Text>
		<TextColor>
			<R>255</R>
			<G>255</G>
			<B>255</B>
		</TextColor>
		<ButtonDrawTemplate>
			<Normal>A_BtnNormal</Normal>
			<Pressed>A_BtnPressed</Pressed>
			<Flyby>A_BtnFlyby</Flyby>
			<Disabled>A_BtnDisabled</Disabled>
			<PressedFlyby>A_BtnPressedFlyby</PressedFlyby>
		</ButtonDrawTemplate>
	</Button>
	<Button item="IW_AltAdvBtn">
		<ScreenID>IW_AltAdvBtn</ScreenID>
		<Font>2</Font>
		<RelativePosition>true</RelativePosition>
		<Location>
			<X>83</X>
			<Y>351</Y>
		</Location>
		<Size>
			<CX>83</CX>
			<CY>20</CY>
		</Size>
		<Style_Transparent>false</Style_Transparent>
		<!--<TooltipReference/>-->
		<Style_Checkbox>false</Style_Checkbox>
		<!--<RadioGroup/>-->
		<Text>Alt. Adv.</Text>
		<TextColor>
			<R>255</R>
			<G>255</G>
			<B>255</B>
		</TextColor>
		<ButtonDrawTemplate>
			<Normal>A_BtnNormal</Normal>
			<Pressed>A_BtnPressed</Pressed>
			<Flyby>A_BtnFlyby</Flyby>
			<Disabled>A_BtnDisabled</Disabled>
			<PressedFlyby>A_BtnPressedFlyby</PressedFlyby>
		</ButtonDrawTemplate>
	</Button>
	<Button item="IW_Destroy">
		<ScreenID>IW_Destroy</ScreenID>
		<Font>2</Font>
		<RelativePosition>true</RelativePosition>
		<Location>
			<X>332</X>
			<Y>351</Y>
		</Location>
		<Size>
			<CX>83</CX>
			<CY>20</CY>
		</Size>
		<Style_Transparent>false</Style_Transparent>
		<!--<TooltipReference/>-->
		<Style_Checkbox>false</Style_Checkbox>
		<!--<RadioGroup/>-->
		<Text>Destroy</Text>
		<TextColor>
			<R>255</R>
			<G>0</G>
			<B>0</B>
		</TextColor>
		<ButtonDrawTemplate>
			<Normal>A_BtnNormal</Normal>
			<Pressed>A_BtnPressed</Pressed>
			<Flyby>A_BtnFlyby</Flyby>
			<Disabled>A_BtnDisabled</Disabled>
			<PressedFlyby>A_BtnPressedFlyby</PressedFlyby>
		</ButtonDrawTemplate>
	</Button>
	<StaticAnimation item="ClassAnim">
		<ScreenID>ClassAnim</ScreenID>
		<Location>
			<X>2</X>
			<Y>11</Y>
		</Location>
		<Size>
			<CX>75</CX>
			<CY>142</CY>
		</Size>
		<!-- Do NOT include an animation here since it messes with other UIs.	Instead an animation instance is dynamically created and used. -->
	</StaticAnimation>
	<Gauge item = "IW_ExpGauge">
		<ScreenID>ExpGauge</ScreenID>
		<!--<Font>3</Font>-->
		<RelativePosition>true</RelativePosition>
		<Location>
			<X>199</X>
			<Y>334</Y>
		</Location>
		<Size>
			<CX>108</CX>
			<CY>8</CY>
		</Size>
		<GaugeOffsetY>0</GaugeOffsetY>
		<Style_VScroll>false</Style_VScroll>
		<Style_HScroll>false</Style_HScroll>
		<Style_Transparent>false</Style_Transparent>
		<!--<TooltipReference/>-->
		<FillTint>
				<R>255</R>
				<G>110</G>
				<B>0</B>
		</FillTint>
		<LinesFillTint>
				<R>0</R>
				<G>255</G>
				<B>0</B>
		</LinesFillTint>
		<DrawLinesFill>true</DrawLinesFill>
		<EQType>4</EQType>
		<GaugeDrawTemplate>
			<Background>A_GaugeBackground</Background>
			<Fill>A_GaugeFill</Fill>
			<Lines>A_GaugeLines</Lines>
			<LinesFill>A_GaugeLinesFill</LinesFill>
			<EndCapLeft>A_GaugeEndCapLeft</EndCapLeft>
			<EndCapRight>A_GaugeEndCapRight</EndCapRight>
		</GaugeDrawTemplate>
	</Gauge>
	<Screen item="IW_CharacterView">
		<ScreenID>IW_CharacterView</ScreenID>
		<RelativePosition>true</RelativePosition>
		<Location>
			<X>44</X>
			<Y>47</Y>
		</Location>
		<Size>
			<CX>85</CX>
			<CY>168</CY>
		</Size>
		<Style_VScroll>false</Style_VScroll>
		<Style_HScroll>false</Style_HScroll>
		<Style_Transparent>false</Style_Transparent>
		<TooltipReference>Drop Item Here to Auto Equip</TooltipReference>
		<DrawTemplate>WDT_Inner</DrawTemplate>
		<Style_Titlebar>false</Style_Titlebar>
		<Style_Closebox>false</Style_Closebox>
		<Style_Minimizebox>false</Style_Minimizebox>
		<Style_Border>true</Style_Border>
		<Style_Sizable>false</Style_Sizable>
		<Pieces>ClassAnim</Pieces>
	</Screen>
	<Button item="IW_DoneButton">
		<ScreenID>DoneButton</ScreenID>
		<Font>2</Font>
		<RelativePosition>true</RelativePosition>
		<Location>
			<X>415</X>
			<Y>351</Y>
		</Location>
		<Size>
			<CX>84</CX>
			<CY>20</CY>
		</Size>
		<Style_Transparent>false</Style_Transparent>
		<!--<TooltipReference/>-->
		<Style_Checkbox>false</Style_Checkbox>
		<!--<RadioGroup/>-->
		<Text>Done</Text>
		<TextColor>
			<R>255</R>
			<G>255</G>
			<B>255</B>
		</TextColor>
		<ButtonDrawTemplate>
			<Normal>A_BtnNormal</Normal>
			<Pressed>A_BtnPressed</Pressed>
			<Flyby>A_BtnFlyby</Flyby>
			<Disabled>A_BtnDisabled</Disabled>
			<PressedFlyby>A_BtnPressedFlyby</PressedFlyby>
		</ButtonDrawTemplate>
	</Button>
	<Button item="IW_FacePick">
		<ScreenID>IW_FacePick</ScreenID>
		<Font>2</Font>
		<RelativePosition>true</RelativePosition>
		<Location>
			<X>166</X>
			<Y>351</Y>
		</Location>
		<Size>
			<CX>83</CX>
			<CY>20</CY>
		</Size>
		<Style_Transparent>false</Style_Transparent>
		<!--<TooltipReference/>-->
		<Style_Checkbox>false</Style_Checkbox>
		<!--<RadioGroup/>-->
		<Text>Face</Text>
		<TextColor>
			<R>255</R>
			<G>255</G>
			<B>255</B>
		</TextColor>
		<ButtonDrawTemplate>
			<Normal>A_BtnNormal</Normal>
			<Pressed>A_BtnPressed</Pressed>
			<Flyby>A_BtnFlyby</Flyby>
			<Disabled>A_BtnDisabled</Disabled>
			<PressedFlyby>A_BtnPressedFlyby</PressedFlyby>
		</ButtonDrawTemplate>
	</Button>
	<Button item="IW_Tinting">
		<ScreenID>IW_Tinting</ScreenID>
		<Font>2</Font>
		<RelativePosition>true</RelativePosition>
		<Location>
			<X>249</X>
			<Y>351</Y>
		</Location>
		<Size>
			<CX>83</CX>
			<CY>20</CY>
		</Size>
		<Style_Transparent>false</Style_Transparent>
		<!--<TooltipReference/>-->
		<Style_Checkbox>false</Style_Checkbox>
		<!--<RadioGroup/>-->
		<Text>Dye</Text>
		<TextColor>
			<R>255</R>
			<G>255</G>
			<B>255</B>
		</TextColor>
		<ButtonDrawTemplate>
			<Normal>A_BtnNormal</Normal>
			<Pressed>A_BtnPressed</Pressed>
			<Flyby>A_BtnFlyby</Flyby>
			<Disabled>A_BtnDisabled</Disabled>
			<PressedFlyby>A_BtnPressedFlyby</PressedFlyby>
		</ButtonDrawTemplate>
	</Button>
		<Screen item="InventoryWindow">
		<!--<ScreenID/>-->
		<RelativePosition>false</RelativePosition>
		<Location>
			<X>100</X>
			<Y>50</Y>
		</Location>
		<Size>
			<CX>500</CX>
			<CY>388</CY>
		</Size>
		<Text>Inventory</Text>
		<Style_VScroll>false</Style_VScroll>
		<Style_HScroll>false</Style_HScroll>
		<Style_Transparent>false</Style_Transparent>
		<TooltipReference>Inventory</TooltipReference>
		<DrawTemplate>WDT_Rounded</DrawTemplate>
		<Style_Titlebar>true</Style_Titlebar>
		<Style_Closebox>true</Style_Closebox>
		<Style_Minimizebox>true</Style_Minimizebox>
		<Style_Border>false</Style_Border>
		<Style_Sizable>false</Style_Sizable>
		<Pieces>InvSlot0</Pieces>
		<Pieces>InvSlot1</Pieces>
		<Pieces>InvSlot2</Pieces>
		<Pieces>InvSlot3</Pieces>
		<Pieces>InvSlot4</Pieces>
		<Pieces>InvSlot5</Pieces>
		<Pieces>InvSlot6</Pieces>
		<Pieces>InvSlot7</Pieces>
		<Pieces>InvSlot8</Pieces>
		<Pieces>InvSlot9</Pieces>
		<Pieces>InvSlot10</Pieces>
		<Pieces>InvSlot11</Pieces>
		<Pieces>InvSlot12</Pieces>
		<Pieces>InvSlot13</Pieces>
		<Pieces>InvSlot14</Pieces>
		<Pieces>InvSlot15</Pieces>
		<Pieces>InvSlot16</Pieces>
		<Pieces>InvSlot17</Pieces>
		<Pieces>InvSlot18</Pieces>
		<Pieces>InvSlot19</Pieces>
		<Pieces>InvSlot20</Pieces>
		<Pieces>InvSlot21</Pieces>
		<Pieces>InvSlot22</Pieces>
		<Pieces>InvSlot23</Pieces>
		<Pieces>InvSlot24</Pieces>
		<Pieces>InvSlot25</Pieces>
		<Pieces>InvSlot26</Pieces>
		<Pieces>InvSlot27</Pieces>
		<Pieces>InvSlot28</Pieces>
		<Pieces>InvSlot29</Pieces>
		<Pieces>IW_Money0</Pieces>
		<Pieces>IW_Money1</Pieces>
		<Pieces>IW_Money2</Pieces>
		<Pieces>IW_Money3</Pieces>
		<Pieces>IW_ExpGauge</Pieces>
		<Pieces>IW_Skills</Pieces>
		<Pieces>IW_AltAdvBtn</Pieces>
		<Pieces>IW_Destroy</Pieces>
		<Pieces>IW_Name</Pieces>
		<Pieces>IW_Level</Pieces>
		<Pieces>IW_Class</Pieces>
		<Pieces>IW_Deity</Pieces>
		<Pieces>Screen:IW_CharacterView</Pieces>
		<Pieces>IW_DoneButton</Pieces>
		<Pieces>IW_FacePick</Pieces>
		<Pieces>IW_Tinting</Pieces>
		
		<!--
		
		BEGIN BAG SLOTS
		
		-->
		<Pieces>IW_Bag1_Slot1</Pieces>
		<Pieces>IW_Bag1_Slot2</Pieces>
		<Pieces>IW_Bag1_Slot3</Pieces>
		<Pieces>IW_Bag1_Slot4</Pieces>
		<Pieces>IW_Bag1_Slot5</Pieces>
		<Pieces>IW_Bag1_Slot6</Pieces>
		<Pieces>IW_Bag1_Slot7</Pieces>
		<Pieces>IW_Bag1_Slot8</Pieces>
		<Pieces>IW_Bag1_Slot9</Pieces>
		<Pieces>IW_Bag1_Slot10</Pieces>
		<Pieces>IW_Bag2_Slot1</Pieces>
		<Pieces>IW_Bag2_Slot2</Pieces>
		<Pieces>IW_Bag2_Slot3</Pieces>
		<Pieces>IW_Bag2_Slot4</Pieces>
		<Pieces>IW_Bag2_Slot5</Pieces>
		<Pieces>IW_Bag2_Slot6</Pieces>
		<Pieces>IW_Bag2_Slot7</Pieces>
		<Pieces>IW_Bag2_Slot8</Pieces>
		<Pieces>IW_Bag2_Slot9</Pieces>
		<Pieces>IW_Bag2_Slot10</Pieces>
		<Pieces>IW_Bag3_Slot1</Pieces>
		<Pieces>IW_Bag3_Slot2</Pieces>
		<Pieces>IW_Bag3_Slot3</Pieces>
		<Pieces>IW_Bag3_Slot4</Pieces>
		<Pieces>IW_Bag3_Slot5</Pieces>
		<Pieces>IW_Bag3_Slot6</Pieces>
		<Pieces>IW_Bag3_Slot7</Pieces>
		<Pieces>IW_Bag3_Slot8</Pieces>
		<Pieces>IW_Bag3_Slot9</Pieces>
		<Pieces>IW_Bag3_Slot10</Pieces>
		<Pieces>IW_Bag4_Slot1</Pieces>
		<Pieces>IW_Bag4_Slot2</Pieces>
		<Pieces>IW_Bag4_Slot3</Pieces>
		<Pieces>IW_Bag4_Slot4</Pieces>
		<Pieces>IW_Bag4_Slot5</Pieces>
		<Pieces>IW_Bag4_Slot6</Pieces>
		<Pieces>IW_Bag4_Slot7</Pieces>
		<Pieces>IW_Bag4_Slot8</Pieces>
		<Pieces>IW_Bag4_Slot9</Pieces>
		<Pieces>IW_Bag4_Slot10</Pieces>
		<Pieces>IW_Bag5_Slot1</Pieces>
		<Pieces>IW_Bag5_Slot2</Pieces>
		<Pieces>IW_Bag5_Slot3</Pieces>
		<Pieces>IW_Bag5_Slot4</Pieces>
		<Pieces>IW_Bag5_Slot5</Pieces>
		<Pieces>IW_Bag5_Slot6</Pieces>
		<Pieces>IW_Bag5_Slot7</Pieces>
		<Pieces>IW_Bag5_Slot8</Pieces>
		<Pieces>IW_Bag5_Slot9</Pieces>
		<Pieces>IW_Bag5_Slot10</Pieces>
		<Pieces>IW_Bag6_Slot1</Pieces>
		<Pieces>IW_Bag6_Slot2</Pieces>
		<Pieces>IW_Bag6_Slot3</Pieces>
		<Pieces>IW_Bag6_Slot4</Pieces>
		<Pieces>IW_Bag6_Slot5</Pieces>
		<Pieces>IW_Bag6_Slot6</Pieces>
		<Pieces>IW_Bag6_Slot7</Pieces>
		<Pieces>IW_Bag6_Slot8</Pieces>
		<Pieces>IW_Bag6_Slot9</Pieces>
		<Pieces>IW_Bag6_Slot10</Pieces>
		<Pieces>IW_Bag7_Slot1</Pieces>
		<Pieces>IW_Bag7_Slot2</Pieces>
		<Pieces>IW_Bag7_Slot3</Pieces>
		<Pieces>IW_Bag7_Slot4</Pieces>
		<Pieces>IW_Bag7_Slot5</Pieces>
		<Pieces>IW_Bag7_Slot6</Pieces>
		<Pieces>IW_Bag7_Slot7</Pieces>
		<Pieces>IW_Bag7_Slot8</Pieces>
		<Pieces>IW_Bag7_Slot9</Pieces>
		<Pieces>IW_Bag7_Slot10</Pieces>
		<Pieces>IW_Bag8_Slot1</Pieces>
		<Pieces>IW_Bag8_Slot2</Pieces>
		<Pieces>IW_Bag8_Slot3</Pieces>
		<Pieces>IW_Bag8_Slot4</Pieces>
		<Pieces>IW_Bag8_Slot5</Pieces>
		<Pieces>IW_Bag8_Slot6</Pieces>
		<Pieces>IW_Bag8_Slot7</Pieces>
		<Pieces>IW_Bag8_Slot8</Pieces>
		<Pieces>IW_Bag8_Slot9</Pieces>
		<Pieces>IW_Bag8_Slot10</Pieces>	
	</Screen>
</XML>