<?xml version = "1.0"?>
<XML ID = "EQInterfaceDefinitionLanguage">
	<Schema xmlns = "EverQuestData" xmlns:dt = "EverQuestDataTypes"/>

	<Listbox item = "VMAC_MacroList">
		<ScreenID>MacroList</ScreenID>
		<DrawTemplate>WDT_Inner</DrawTemplate>
		<AutoStretch>true</AutoStretch>
		<LeftAnchorOffset>4</LeftAnchorOffset>
		<TopAnchorOffset>4</TopAnchorOffset>
		<RightAnchorOffset>4</RightAnchorOffset>
		<BottomAnchorOffset>54</BottomAnchorOffset>
		<LeftAnchorToLeft>true</LeftAnchorToLeft>
		<RightAnchorToLeft>false</RightAnchorToLeft>
		<TopAnchorToTop>true</TopAnchorToTop>
		<BottomAnchorToTop>false</BottomAnchorToTop>
		<Style_Border>true</Style_Border>
		<Style_VScroll>true</Style_VScroll>
		<Columns>
			<Width>40</Width>
			<Heading>ID</Heading>
		</Columns>
		<Columns>
			<Width>170</Width>
			<Heading>Description</Heading>
		</Columns>
	</Listbox>

	<Button item = "VMAC_PlayButton">
		<ScreenID>PlayButton</ScreenID>
		<!--<Font>3</Font>-->
		<RelativePosition>true</RelativePosition>
		<AutoStretch>true</AutoStretch>
		<LeftAnchorOffset>4</LeftAnchorOffset>
		<TopAnchorOffset>52</TopAnchorOffset>
		<RightAnchorOffset>54</RightAnchorOffset>
		<BottomAnchorOffset>28</BottomAnchorOffset>
		<TopAnchorToTop>false</TopAnchorToTop>
		<BottomAnchorToTop>false</BottomAnchorToTop>
		<RightAnchorToLeft>true</RightAnchorToLeft>
		<LeftAnchorToLeft>true</LeftAnchorToLeft>
		<TooltipReference>Select a macro, then press this button to play it for yourself only.</TooltipReference>
		<Style_Checkbox>false</Style_Checkbox>
		<Text>Test</Text>
		<TextColor>
				<R>255</R>
				<G>255</G>
				<B>255</B>
		</TextColor>
		<ButtonDrawTemplate>
			<Normal>A_BtnNormal</Normal>
			<Pressed>A_BtnPressed</Pressed>
			<Flyby>A_BtnFlyby</Flyby>
			<Disabled>A_BtnDisabled</Disabled>
			<PressedFlyby>A_BtnPressedFlyby</PressedFlyby>
		</ButtonDrawTemplate>
	</Button>

	<Button item = "VMAC_TellButton">
		<ScreenID>TellButton</ScreenID>
		<!--<Font>3</Font>-->
		<RelativePosition>true</RelativePosition>
		<AutoStretch>true</AutoStretch>
		<LeftAnchorOffset>58</LeftAnchorOffset>
		<TopAnchorOffset>52</TopAnchorOffset>
		<RightAnchorOffset>108</RightAnchorOffset>
		<BottomAnchorOffset>28</BottomAnchorOffset>
		<TopAnchorToTop>false</TopAnchorToTop>
		<BottomAnchorToTop>false</BottomAnchorToTop>
		<RightAnchorToLeft>true</RightAnchorToLeft>
		<LeftAnchorToLeft>true</LeftAnchorToLeft>
		<TooltipReference>Select a macro, then press this button to Tell to your target.</TooltipReference>
		<Style_Checkbox>false</Style_Checkbox>
		<Text>Tell</Text>
		<TextColor>
				<R>255</R>
				<G>255</G>
				<B>255</B>
		</TextColor>
		<ButtonDrawTemplate>
			<Normal>A_BtnNormal</Normal>
			<Pressed>A_BtnPressed</Pressed>
			<Flyby>A_BtnFlyby</Flyby>
			<Disabled>A_BtnDisabled</Disabled>
			<PressedFlyby>A_BtnPressedFlyby</PressedFlyby>
		</ButtonDrawTemplate>
	</Button>

	<Button item = "VMAC_GroupButton">
		<ScreenID>GroupButton</ScreenID>
		<!--<Font>3</Font>-->
		<RelativePosition>true</RelativePosition>
		<AutoStretch>true</AutoStretch>
		<LeftAnchorOffset>112</LeftAnchorOffset>
		<TopAnchorOffset>52</TopAnchorOffset>
		<RightAnchorOffset>162</RightAnchorOffset>
		<BottomAnchorOffset>28</BottomAnchorOffset>
		<TopAnchorToTop>false</TopAnchorToTop>
		<BottomAnchorToTop>false</BottomAnchorToTop>
		<RightAnchorToLeft>true</RightAnchorToLeft>
		<LeftAnchorToLeft>true</LeftAnchorToLeft>
		<TooltipReference>Select a macro, then press this button to send it to your group.</TooltipReference>
		<Style_Checkbox>false</Style_Checkbox>
		<Text>Group</Text>
		<TextColor>
				<R>255</R>
				<G>255</G>
				<B>255</B>
		</TextColor>
		<ButtonDrawTemplate>
			<Normal>A_BtnNormal</Normal>
			<Pressed>A_BtnPressed</Pressed>
			<Flyby>A_BtnFlyby</Flyby>
			<Disabled>A_BtnDisabled</Disabled>
			<PressedFlyby>A_BtnPressedFlyby</PressedFlyby>
		</ButtonDrawTemplate>
	</Button>

	<Button item = "VMAC_RaidButton">
		<ScreenID>RaidButton</ScreenID>
		<!--<Font>3</Font>-->
		<RelativePosition>true</RelativePosition>
		<AutoStretch>true</AutoStretch>
		<LeftAnchorOffset>166</LeftAnchorOffset>
		<TopAnchorOffset>52</TopAnchorOffset>
		<RightAnchorOffset>216</RightAnchorOffset>
		<BottomAnchorOffset>28</BottomAnchorOffset>
		<TopAnchorToTop>false</TopAnchorToTop>
		<BottomAnchorToTop>false</BottomAnchorToTop>
		<RightAnchorToLeft>true</RightAnchorToLeft>
		<LeftAnchorToLeft>true</LeftAnchorToLeft>
		<TooltipReference>Select a macro, then press this button to send it to your Raid.</TooltipReference>
		<Style_Checkbox>false</Style_Checkbox>
		<Text>Raid</Text>
		<TextColor>
				<R>255</R>
				<G>255</G>
				<B>255</B>
		</TextColor>
		<ButtonDrawTemplate>
			<Normal>A_BtnNormal</Normal>
			<Pressed>A_BtnPressed</Pressed>
			<Flyby>A_BtnFlyby</Flyby>
			<Disabled>A_BtnDisabled</Disabled>
			<PressedFlyby>A_BtnPressedFlyby</PressedFlyby>
		</ButtonDrawTemplate>
	</Button>

	<Button item = "VMAC_CloseButton">
		<ScreenID>CloseButton</ScreenID>
		<!--<Font>3</Font>-->
		<RelativePosition>true</RelativePosition>
		<AutoStretch>true</AutoStretch>
		<LeftAnchorOffset>84</LeftAnchorOffset>
		<TopAnchorOffset>26</TopAnchorOffset>
		<RightAnchorOffset>4</RightAnchorOffset>
		<BottomAnchorOffset>2</BottomAnchorOffset>
		<TopAnchorToTop>false</TopAnchorToTop>
		<BottomAnchorToTop>false</BottomAnchorToTop>
		<RightAnchorToLeft>false</RightAnchorToLeft>
		<LeftAnchorToLeft>false</LeftAnchorToLeft>
		<TooltipReference>Close this window.</TooltipReference>
		<Style_Checkbox>false</Style_Checkbox>
		<Text>Close</Text>
		<TextColor>
				<R>255</R>
				<G>255</G>
				<B>255</B>
		</TextColor>
		<ButtonDrawTemplate>
			<Normal>A_BtnNormal</Normal>
			<Pressed>A_BtnPressed</Pressed>
			<Flyby>A_BtnFlyby</Flyby>
			<Disabled>A_BtnDisabled</Disabled>
			<PressedFlyby>A_BtnPressedFlyby</PressedFlyby>
		</ButtonDrawTemplate>
	</Button>

	<Button item = "VMAC_MuteButton">
		<ScreenID>MuteButton</ScreenID>
		<RelativePosition>true</RelativePosition>
		<AutoStretch>true</AutoStretch>
		<LeftAnchorOffset>6</LeftAnchorOffset>
		<TopAnchorOffset>22</TopAnchorOffset>
		<RightAnchorOffset>22</RightAnchorOffset>
		<BottomAnchorOffset>6</BottomAnchorOffset>
		<TopAnchorToTop>false</TopAnchorToTop>
		<BottomAnchorToTop>false</BottomAnchorToTop>
		<LeftAnchorToLeft>true</LeftAnchorToLeft>
		<RightAnchorToLeft>true</RightAnchorToLeft>
		<Style_Transparent>false</Style_Transparent>
		<Style_Checkbox>true</Style_Checkbox>
		<Text></Text>
		<TextColor>
			<R>255</R>
			<G>255</G>
			<B>255</B>
		</TextColor>
		<ButtonDrawTemplate>
			<Normal>A_CheckBoxNormal</Normal>
			<Pressed>A_CheckBoxPressed</Pressed>
		</ButtonDrawTemplate>
	</Button>

	<Label item = "VMAC_MuteLabel">
		<ScreenID/>
		<RelativePosition>true</RelativePosition>
		<AutoStretch>true</AutoStretch>
		<LeftAnchorOffset>26</LeftAnchorOffset>
		<TopAnchorOffset>22</TopAnchorOffset>
		<RightAnchorOffset>100</RightAnchorOffset>
		<BottomAnchorOffset>4</BottomAnchorOffset>
		<TopAnchorToTop>false</TopAnchorToTop>
		<BottomAnchorToTop>false</BottomAnchorToTop>
		<LeftAnchorToLeft>true</LeftAnchorToLeft>
		<RightAnchorToLeft>false</RightAnchorToLeft>
		<Text>Mute</Text>
		<TextColor>
				<R>255</R>
				<G>255</G>
				<B>255</B>
		</TextColor>
		<NoWrap>false</NoWrap>
		<AlignCenter>false</AlignCenter>
		<AlignRight>false</AlignRight>
	</Label>

	<Screen item = "VoiceMacroWnd">
		<!--<ScreenID/>-->
		<RelativePosition>false</RelativePosition>
		<Location>
			<X>100</X>
			<Y>50</Y>
		</Location>
		<Size>
			<CX>240</CX>
			<CY>240</CY>
		</Size>
		<Text>Voice Macros</Text>
		<Style_VScroll>false</Style_VScroll>
		<Style_HScroll>false</Style_HScroll>
		<Style_Transparent>false</Style_Transparent>
		<!--<TooltipReference/>-->
		<DrawTemplate>WDT_Def</DrawTemplate>
		<Style_Titlebar>true</Style_Titlebar>
		<Style_Closebox>true</Style_Closebox>
		<Style_Minimizebox>true</Style_Minimizebox>
		<Style_Border>true</Style_Border>
		<Style_Sizable>true</Style_Sizable>
		<Pieces>VMAC_MacroList</Pieces>
		<Pieces>VMAC_PlayButton</Pieces>
		<Pieces>VMAC_TellButton</Pieces>
		<Pieces>VMAC_GroupButton</Pieces>
		<Pieces>VMAC_RaidButton</Pieces>
		<Pieces>VMAC_MuteButton</Pieces>
		<Pieces>VMAC_MuteLabel</Pieces>
		<Pieces>VMAC_CloseButton</Pieces>
	</Screen>

</XML>
