<?xml version="1.0" encoding="us-ascii"?>
<XML ID="EQInterfaceDefinitionLanguage">
	<Schema xmlns="EverQuestData" xmlns:dt="EverQuestDataTypes" />
	<TextureInfo item="AttackIndicator.tga">
		<Size>
			<CX>128</CX>
			<CY>32</CY>
		</Size>
	</TextureInfo>
	<Ui2DAnimation item="A_AttackIndicator">
		<Cycle>false</Cycle>
		<Frames>
			<Texture>AttackIndicator.tga</Texture>
			<Location>
				<X>0</X>
				<Y>0</Y>
			</Location>
			<Size>
				<CX>112</CX>
				<CY>30</CY>
			</Size>
		</Frames>
	</Ui2DAnimation>
	<StaticAnimation item="A_AttackIndicatorAnim">
		<ScreenID>A_AttackIndicatorAnim</ScreenID>
		<Animation>A_AttackIndicator</Animation>
	</StaticAnimation>
	<Gauge item="Player_HP">
		<ScreenID>PlayerHP</ScreenID>
		<!--<Font>3</Font>-->
		<TextColor>
			<R>240</R>
			<G>240</G>
			<B>240</B>
		</TextColor>
		<RelativePosition>true</RelativePosition>
		<Location>
			<X>4</X>
			<Y>3</Y>
		</Location>
		<Size>
			<CX>108</CX>
			<CY>41</CY>
		</Size>
		<TextOffsetX>8</TextOffsetX>
		<GaugeOffsetY>31</GaugeOffsetY>
		<Style_VScroll>false</Style_VScroll>
		<Style_HScroll>false</Style_HScroll>
		<Style_Transparent>false</Style_Transparent>
		<!--<TooltipReference/>-->
		<FillTint>
			<R>240</R>
			<G>0</G>
			<B>0</B>
		</FillTint>
		<LinesFillTint>
			<R>220</R>
			<G>220</G>
			<B>0</B>
		</LinesFillTint>
		<DrawLinesFill>false</DrawLinesFill>
		<EQType>1</EQType>
		<GaugeDrawTemplate>
			<Background>A_GaugeBackground</Background>
			<Fill>A_GaugeFill</Fill>
			<Lines>A_GaugeLines</Lines>
			<LinesFill>A_GaugeLinesFill</LinesFill>
			<EndCapLeft>A_GaugeEndCapLeft</EndCapLeft>
			<EndCapRight>A_GaugeEndCapRight</EndCapRight>
		</GaugeDrawTemplate>
	</Gauge>
	<Label item="Player_HPLabel">
		<ScreenID>HPLabel</ScreenID>
		<EQType>19</EQType>
		<RelativePosition>true</RelativePosition>
		<Location>
			<X>32</X>
			<Y>34</Y>
		</Location>
		<Size>
			<CX>31</CX>
			<CY>12</CY>
		</Size>
		<Text>100</Text>
		<TextColor>
			<R>255</R>
			<G>255</G>
			<B>255</B>
		</TextColor>
		<NoWrap>true</NoWrap>
		<AlignCenter>false</AlignCenter>
		<AlignRight>true</AlignRight>
		<Font>1</Font>
	</Label>
	<Label item="Player_HPPercLabel">
		<ScreenID>HPPerLabel</ScreenID>
		<RelativePosition>true</RelativePosition>
		<Location>
			<X>61</X>
			<Y>34</Y>
		</Location>
		<Size>
			<CX>16</CX>
			<CY>12</CY>
		</Size>
		<Text>%</Text>
		<TextColor>
			<R>255</R>
			<G>255</G>
			<B>255</B>
		</TextColor>
		<NoWrap>true</NoWrap>
		<AlignCenter>false</AlignCenter>
		<AlignRight>false</AlignRight>
		<Font>1</Font>
	</Label>
	<Gauge item="Pet_HP">
		<ScreenID>PetHP</ScreenID>
		<!--<Font>3</Font>-->
		<TextColor>
			<R>0</R>
			<G>0</G>
			<B>0</B>
		</TextColor>
		<RelativePosition>true</RelativePosition>
		<Location>
			<X>8</X>
			<Y>41</Y>
		</Location>
		<Size>
			<CX>108</CX>
			<CY>2</CY>
		</Size>
		<TextOffsetY>-50</TextOffsetY>
		<GaugeOffsetY>-2</GaugeOffsetY>
		<Style_VScroll>false</Style_VScroll>
		<Style_HScroll>false</Style_HScroll>
		<Style_Transparent>false</Style_Transparent>
		<!--<TooltipReference/>-->
		<FillTint>
			<R>51</R>
			<G>192</G>
			<B>51</B>
		</FillTint>
		<LinesFillTint>
			<R>0</R>
			<G>0</G>
			<B>0</B>
		</LinesFillTint>
		<DrawLinesFill>false</DrawLinesFill>
		<EQType>16</EQType>
		<GaugeDrawTemplate>
			<Background>A_GaugeBackground</Background>
			<Fill>A_GaugeFill</Fill>
			<!--<Lines>A_GaugeLines</Lines>-->
			<LinesFill>A_GaugeLinesFill</LinesFill>
			<!--<EndCapLeft>A_GaugeEndCapLeft</EndCapLeft>-->
			<!--<EndCapRight>A_GaugeEndCapRight</EndCapRight>-->
		</GaugeDrawTemplate>
	</Gauge>
	<Gauge item="Player_Mana">
		<ScreenID>PlayerMana</ScreenID>
		<!--<Font>3</Font>-->
		<RelativePosition>true</RelativePosition>
		<Location>
			<X>4</X>
			<Y>49</Y>
		</Location>
		<Size>
			<CX>108</CX>
			<CY>10</CY>
		</Size>
		<GaugeOffsetY>0</GaugeOffsetY>
		<Style_VScroll>false</Style_VScroll>
		<Style_HScroll>false</Style_HScroll>
		<Style_Transparent>false</Style_Transparent>
		<!--<TooltipReference/>-->
		<FillTint>
			<R>0</R>
			<G>0</G>
			<B>240</B>
		</FillTint>
		<LinesFillTint>
			<R>0</R>
			<G>220</G>
			<B>220</B>
		</LinesFillTint>
		<DrawLinesFill>false</DrawLinesFill>
		<EQType>2</EQType>
		<GaugeDrawTemplate>
			<Background>A_GaugeBackground</Background>
			<Fill>A_GaugeFill</Fill>
			<Lines>A_GaugeLines</Lines>
			<LinesFill>A_GaugeLinesFill</LinesFill>
			<EndCapLeft>A_GaugeEndCapLeft</EndCapLeft>
			<EndCapRight>A_GaugeEndCapRight</EndCapRight>
		</GaugeDrawTemplate>
	</Gauge>
	<Label item="Player_ManaLabel">
		<ScreenID>ManaLabel</ScreenID>
		<EQType>20</EQType>
		<Font>1</Font>
		<RelativePosition>true</RelativePosition>
		<Location>
			<X>32</X>
			<Y>49</Y>
		</Location>
		<Size>
			<CX>31</CX>
			<CY>12</CY>
		</Size>
		<Text>100</Text>
		<TextColor>
			<R>255</R>
			<G>255</G>
			<B>255</B>
			<Alpha>255</Alpha>
		</TextColor>
		<NoWrap>true</NoWrap>
		<AlignCenter>false</AlignCenter>
		<AlignRight>true</AlignRight>
		<AlignLeft>false</AlignLeft>
	</Label>
	<Label item="Player_ManaPercLabel">
		<ScreenID>ManPercLabel</ScreenID>
		<Font>1</Font>
		<Text>%</Text>
		<TextColor>
			<R>255</R>
			<G>255</G>
			<B>255</B>
		</TextColor>
		<Size>
			<CX>16</CX>
			<CY>12</CY>
		</Size>
		<AlignCenter>false</AlignCenter>
		<Location>
			<X>61</X>
			<Y>49</Y>
		</Location>
	</Label>
	<Gauge item="Player_Fatigue">
		<ScreenID>PlayerFatigue</ScreenID>
		<!--<Font>3</Font>-->
		<RelativePosition>true</RelativePosition>
		<Location>
			<X>4</X>
			<Y>62</Y>
		</Location>
		<Size>
			<CX>108</CX>
			<CY>10</CY>
		</Size>
		<GaugeOffsetY>0</GaugeOffsetY>
		<Style_VScroll>false</Style_VScroll>
		<Style_HScroll>false</Style_HScroll>
		<Style_Transparent>false</Style_Transparent>
		<!--<TooltipReference/>-->
		<FillTint>
			<R>240</R>
			<G>240</G>
			<B>0</B>
		</FillTint>
		<LinesFillTint>
			<R>0</R>
			<G>220</G>
			<B>0</B>
		</LinesFillTint>
		<DrawLinesFill>false</DrawLinesFill>
		<EQType>3</EQType>
		<GaugeDrawTemplate>
			<Background>A_GaugeBackground</Background>
			<Fill>A_GaugeFill</Fill>
			<Lines>A_GaugeLines</Lines>
			<LinesFill>A_GaugeLinesFill</LinesFill>
			<EndCapLeft>A_GaugeEndCapLeft</EndCapLeft>
			<EndCapRight>A_GaugeEndCapRight</EndCapRight>
		</GaugeDrawTemplate>
	</Gauge>
	<Label item="Player_FatigueLabel">
		<ScreenID>FatigueLabel</ScreenID>
		<EQType>21</EQType>
		<Font>1</Font>
		<RelativePosition>true</RelativePosition>
		<Location>
			<X>32</X>
			<Y>62</Y>
		</Location>
		<Size>
			<CX>31</CX>
			<CY>12</CY>
		</Size>
		<Text>100</Text>
		<TextColor>
			<R>255</R>
			<G>255</G>
			<B>255</B>
			<Alpha>255</Alpha>
		</TextColor>
		<NoWrap>true</NoWrap>
		<AlignCenter>false</AlignCenter>
		<AlignRight>true</AlignRight>
		<AlignLeft>false</AlignLeft>
	</Label>
	<Label item="Player_FatiguePercLabel">
		<ScreenID>FatiguePercLabel</ScreenID>
		<Font>1</Font>
		<Text>%</Text>
		<TextColor>
			<R>255</R>
			<G>255</G>
			<B>255</B>
		</TextColor>
		<Size>
			<CX>16</CX>
			<CY>12</CY>
		</Size>
		<AlignCenter>false</AlignCenter>
		<Location>
			<X>61</X>
			<Y>62</Y>
		</Location>
	</Label>
	<Screen item="PlayerWindow">
		<!--<ScreenID/>-->
		<RelativePosition>false</RelativePosition>
		<Location>
			<X>516</X>
			<Y>0</Y>
		</Location>
		<Size>
			<CX>147</CX>
			<CY>92</CY>
		</Size>
		<Style_VScroll>false</Style_VScroll>
		<Style_HScroll>false</Style_HScroll>
		<Style_Transparent>false</Style_Transparent>
		<DrawTemplate>WDT_Filigree3</DrawTemplate>
		<Style_Titlebar>true</Style_Titlebar>
		<Style_Closebox>false</Style_Closebox>
		<Style_Minimizebox>false</Style_Minimizebox>
		<Style_Border>true</Style_Border>
		<Style_Sizable>false</Style_Sizable>
		<Pieces>Player_HP</Pieces>
		<Pieces>Player_Mana</Pieces>
		<Pieces>Player_Fatigue</Pieces>
		<Pieces>Pet_HP</Pieces>
		<Pieces>Player_HPLabel</Pieces>
		<Pieces>Player_HPPercLabel</Pieces>
		<Pieces>A_AttackIndicatorAnim</Pieces>
		<Pieces>Player_ManaLabel</Pieces>
		<Pieces>Player_FatigueLabel</Pieces>
		<Pieces>Player_ManaPercLabel</Pieces>
		<Pieces>Player_FatiguePercLabel</Pieces>
	</Screen>
</XML>
