<?xml version="1.0" encoding="us-ascii"?>
<XML ID="EQInterfaceDefinitionLanguage">
	<Schema xmlns="EverQuestData" xmlns:dt="EverQuestDataTypes" />
	<StaticAnimation item="Inv_Seperator1">
		<RelativePosition>true</RelativePosition>
		<Location>
			<X>1</X>
			<Y>117</Y>
		</Location>
		<Size>
			<CX>120</CX>
			<CY>4</CY>
		</Size>
		<Animation>A_DividerMiddle</Animation>
	</StaticAnimation>
	<StaticAnimation item="Inv_Seperator2">
		<RelativePosition>true</RelativePosition>
		<Location>
			<X>0</X>
			<Y>174</Y>
		</Location>
		<Size>
			<CX>120</CX>
			<CY>4</CY>
		</Size>
		<Animation>A_DividerMiddle</Animation>
	</StaticAnimation>
	<StaticAnimation item="Inv_Seperator3">
		<RelativePosition>true</RelativePosition>
		<Location>
			<X>0</X>
			<Y>280</Y>
		</Location>
		<Size>
			<CX>120</CX>
			<CY>4</CY>
		</Size>
		<Animation>A_DividerMiddle</Animation>
	</StaticAnimation>
	<StaticAnimation item="Inv_Seperator4">
		<RelativePosition>true</RelativePosition>
		<Location>
			<X>-1</X>
			<Y>235</Y>
		</Location>
		<Size>
			<CX>120</CX>
			<CY>4</CY>
		</Size>
		<Animation>A_DividerMiddle</Animation>
	</StaticAnimation>
	<StaticAnimation item="Inv_Seperator5">
		<RelativePosition>true</RelativePosition>
		<Location>
			<X>0</X>
			<Y>354</Y>
		</Location>
		<Size>
			<CX>120</CX>
			<CY>4</CY>
		</Size>
		<Animation>A_DividerMiddle</Animation>
	</StaticAnimation>
	<Label item="EbonShardsLabel">
		<ScreenID>EbonShardsLabel</ScreenID>
		<Font>2</Font>
		<Text>Ebon Crystals</Text>
		<TextColor>
			<R>255</R>
			<G>255</G>
			<B>255</B>
		</TextColor>
		<Size>
			<CX>95</CX>
			<CY>17</CY>
		</Size>
		<AlignCenter>false</AlignCenter>
		<Location>
			<X>303</X>
			<Y>47</Y>
		</Location>
	</Label>
	<Label item="RadiantShardsLabel">
		<ScreenID>RadiantShardsLabel</ScreenID>
		<Font>2</Font>
		<Text>Radiant Crystals</Text>
		<TextColor>
			<R>255</R>
			<G>255</G>
			<B>255</B>
		</TextColor>
		<Size>
			<CX>93</CX>
			<CY>19</CY>
		</Size>
		<AlignCenter>false</AlignCenter>
		<Location>
			<X>303</X>
			<Y>1</Y>
		</Location>
	</Label>
	<Button item="IW_ReclaimButton">
		<ScreenID>IW_ReclaimButton</ScreenID>
		<RelativePosition>true</RelativePosition>
		<Location>
			<X>303</X>
			<Y>92</Y>
		</Location>
		<Size>
			<CX>71</CX>
			<CY>25</CY>
		</Size>
		<Style_VScroll>false</Style_VScroll>
		<Style_HScroll>false</Style_HScroll>
		<Style_Transparent>false</Style_Transparent>
		<Style_Checkbox>false</Style_Checkbox>
		<Text>Reclaim</Text>
		<TextColor>
			<R>255</R>
			<G>255</G>
			<B>255</B>
		</TextColor>
		<ButtonDrawTemplate>
			<Normal>A_BtnNormal</Normal>
			<Pressed>A_BtnPressed</Pressed>
			<Flyby>A_BtnFlyby</Flyby>
			<Disabled>A_BtnDisabled</Disabled>
			<PressedFlyby>A_BtnPressedFlyby</PressedFlyby>
		</ButtonDrawTemplate>
	</Button>
	<!-- IS_CHARM		1 -->
	<InvSlot item="InvSlot0">
		<ScreenID>InvSlot0</ScreenID>
		<!--<Font>3</Font>-->
		<RelativePosition>true</RelativePosition>
		<Location>
			<X>210</X>
			<Y>228</Y>
		</Location>
		<Size>
			<CX>42</CX>
			<CY>42</CY>
		</Size>
		<Background>A_InvCharm</Background>
		<EQType>0</EQType>
		<Style_VScroll>false</Style_VScroll>
		<Style_HScroll>false</Style_HScroll>
		<Style_Transparent>false</Style_Transparent>
		<!--<TooltipReference/>-->
	</InvSlot>
	<!-- IS_L_EAR		1 -->
	<InvSlot item="InvSlot1">
		<ScreenID>InvSlot1</ScreenID>
		<!--<Font>3</Font>-->
		<RelativePosition>true</RelativePosition>
		<Location>
			<X>123</X>
			<Y>12</Y>
		</Location>
		<Size>
			<CX>42</CX>
			<CY>42</CY>
		</Size>
		<Background>A_InvEar</Background>
		<EQType>1</EQType>
		<Style_VScroll>false</Style_VScroll>
		<Style_HScroll>false</Style_HScroll>
		<Style_Transparent>false</Style_Transparent>
		<!--<TooltipReference/>-->
	</InvSlot>
	<!-- IS_HEAD		2 -->
	<InvSlot item="InvSlot2">
		<ScreenID>InvSlot2</ScreenID>
		<!--<Font>3</Font>-->
		<RelativePosition>true</RelativePosition>
		<Location>
			<X>166</X>
			<Y>12</Y>
		</Location>
		<Size>
			<CX>42</CX>
			<CY>42</CY>
		</Size>
		<Background>A_InvHead</Background>
		<EQType>2</EQType>
		<Style_VScroll>false</Style_VScroll>
		<Style_HScroll>false</Style_HScroll>
		<Style_Transparent>false</Style_Transparent>
		<!--<TooltipReference/>-->
	</InvSlot>
	<!-- IS_FACE		3 -->
	<InvSlot item="InvSlot3">
		<ScreenID>InvSlot3</ScreenID>
		<!--<Font>3</Font>-->
		<RelativePosition>true</RelativePosition>
		<Location>
			<X>210</X>
			<Y>12</Y>
		</Location>
		<Size>
			<CX>42</CX>
			<CY>42</CY>
		</Size>
		<Background>A_InvFace</Background>
		<EQType>3</EQType>
		<Style_VScroll>false</Style_VScroll>
		<Style_HScroll>false</Style_HScroll>
		<Style_Transparent>false</Style_Transparent>
		<!--<TooltipReference/>-->
	</InvSlot>
	<!-- IS_R_EAR		4 -->
	<InvSlot item="InvSlot4">
		<ScreenID>InvSlot4</ScreenID>
		<!--<Font>3</Font>-->
		<RelativePosition>true</RelativePosition>
		<Location>
			<X>253</X>
			<Y>12</Y>
		</Location>
		<Size>
			<CX>42</CX>
			<CY>42</CY>
		</Size>
		<Background>A_InvEar</Background>
		<EQType>4</EQType>
		<Style_VScroll>false</Style_VScroll>
		<Style_HScroll>false</Style_HScroll>
		<Style_Transparent>false</Style_Transparent>
		<!--<TooltipReference/>-->
	</InvSlot>
	<!-- IS_NECK		5 -->
	<InvSlot item="InvSlot5">
		<ScreenID>InvSlot5</ScreenID>
		<!--<Font>3</Font>-->
		<RelativePosition>true</RelativePosition>
		<Location>
			<X>253</X>
			<Y>55</Y>
		</Location>
		<Size>
			<CX>42</CX>
			<CY>42</CY>
		</Size>
		<Background>A_InvNeck</Background>
		<EQType>5</EQType>
		<Style_VScroll>false</Style_VScroll>
		<Style_HScroll>false</Style_HScroll>
		<Style_Transparent>false</Style_Transparent>
		<!--<TooltipReference/>-->
	</InvSlot>
	<!-- IS_SHOULDERS	6 -->
	<InvSlot item="InvSlot6">
		<ScreenID>InvSlot6</ScreenID>
		<!--<Font>3</Font>-->
		<RelativePosition>true</RelativePosition>
		<Location>
			<X>253</X>
			<Y>141</Y>
		</Location>
		<Size>
			<CX>42</CX>
			<CY>42</CY>
		</Size>
		<Background>A_InvShoulders</Background>
		<EQType>6</EQType>
		<Style_VScroll>false</Style_VScroll>
		<Style_HScroll>false</Style_HScroll>
		<Style_Transparent>false</Style_Transparent>
		<!--<TooltipReference/>-->
	</InvSlot>
	<!-- IS_ARMS		7 -->
	<InvSlot item="InvSlot7">
		<ScreenID>InvSlot7</ScreenID>
		<!--<Font>3</Font>-->
		<RelativePosition>true</RelativePosition>
		<Location>
			<X>123</X>
			<Y>99</Y>
		</Location>
		<Size>
			<CX>42</CX>
			<CY>42</CY>
		</Size>
		<Background>A_InvArms</Background>
		<EQType>7</EQType>
		<Style_VScroll>false</Style_VScroll>
		<Style_HScroll>false</Style_HScroll>
		<Style_Transparent>false</Style_Transparent>
		<!--<TooltipReference/>-->
	</InvSlot>
	<!-- IS_ABOUT_BODY	8 -->
	<InvSlot item="InvSlot8">
		<ScreenID>InvSlot8</ScreenID>
		<!--<Font>3</Font>-->
		<RelativePosition>true</RelativePosition>
		<Location>
			<X>253</X>
			<Y>98</Y>
		</Location>
		<Size>
			<CX>42</CX>
			<CY>42</CY>
		</Size>
		<Background>A_InvAboutBody</Background>
		<EQType>8</EQType>
		<Style_VScroll>false</Style_VScroll>
		<Style_HScroll>false</Style_HScroll>
		<Style_Transparent>false</Style_Transparent>
		<!--<TooltipReference/>-->
	</InvSlot>
	<!-- IS_L_WRIST		9 -->
	<InvSlot item="InvSlot9">
		<ScreenID>InvSlot9</ScreenID>
		<!--<Font>3</Font>-->
		<RelativePosition>true</RelativePosition>
		<Location>
			<X>123</X>
			<Y>185</Y>
		</Location>
		<Size>
			<CX>42</CX>
			<CY>42</CY>
		</Size>
		<Background>A_InvWrist</Background>
		<EQType>9</EQType>
		<Style_VScroll>false</Style_VScroll>
		<Style_HScroll>false</Style_HScroll>
		<Style_Transparent>false</Style_Transparent>
		<!--<TooltipReference/>-->
	</InvSlot>
	<!-- IS_R_WRIST		10 -->
	<InvSlot item="InvSlot10">
		<ScreenID>InvSlot10</ScreenID>
		<!--<Font>3</Font>-->
		<RelativePosition>true</RelativePosition>
		<Location>
			<X>253</X>
			<Y>185</Y>
		</Location>
		<Size>
			<CX>42</CX>
			<CY>42</CY>
		</Size>
		<Background>A_InvWrist</Background>
		<EQType>10</EQType>
		<Style_VScroll>false</Style_VScroll>
		<Style_HScroll>false</Style_HScroll>
		<Style_Transparent>false</Style_Transparent>
		<!--<TooltipReference/>-->
	</InvSlot>
	<!-- IS_RANGE		11 -->
	<InvSlot item="InvSlot11">
		<ScreenID>InvSlot11</ScreenID>
		<!--<Font>3</Font>-->
		<RelativePosition>true</RelativePosition>
		<Location>
			<X>210</X>
			<Y>316</Y>
		</Location>
		<Size>
			<CX>42</CX>
			<CY>42</CY>
		</Size>
		<Background>A_InvRange</Background>
		<EQType>11</EQType>
		<Style_VScroll>false</Style_VScroll>
		<Style_HScroll>false</Style_HScroll>
		<Style_Transparent>false</Style_Transparent>
		<!--<TooltipReference/>-->
	</InvSlot>
	<!-- IS_HANDS		12 -->
	<InvSlot item="InvSlot12">
		<ScreenID>InvSlot12</ScreenID>
		<!--<Font>3</Font>-->
		<RelativePosition>true</RelativePosition>
		<Location>
			<X>166</X>
			<Y>228</Y>
		</Location>
		<Size>
			<CX>42</CX>
			<CY>42</CY>
		</Size>
		<Background>A_InvHands</Background>
		<EQType>12</EQType>
		<Style_VScroll>false</Style_VScroll>
		<Style_HScroll>false</Style_HScroll>
		<Style_Transparent>false</Style_Transparent>
		<!--<TooltipReference/>-->
	</InvSlot>
	<!-- IS_PRIMARY		13 -->
	<InvSlot item="InvSlot13">
		<ScreenID>InvSlot13</ScreenID>
		<!--<Font>3</Font>-->
		<RelativePosition>true</RelativePosition>
		<Location>
			<X>123</X>
			<Y>316</Y>
		</Location>
		<Size>
			<CX>42</CX>
			<CY>42</CY>
		</Size>
		<Background>A_InvPrimary</Background>
		<EQType>13</EQType>
		<Style_VScroll>false</Style_VScroll>
		<Style_HScroll>false</Style_HScroll>
		<Style_Transparent>false</Style_Transparent>
		<!--<TooltipReference/>-->
	</InvSlot>
	<!-- IS_SECONDARY	14 -->
	<InvSlot item="InvSlot14">
		<ScreenID>InvSlot14</ScreenID>
		<!--<Font>3</Font>-->
		<RelativePosition>true</RelativePosition>
		<Location>
			<X>166</X>
			<Y>316</Y>
		</Location>
		<Size>
			<CX>42</CX>
			<CY>42</CY>
		</Size>
		<Background>A_InvSecondary</Background>
		<EQType>14</EQType>
		<Style_VScroll>false</Style_VScroll>
		<Style_HScroll>false</Style_HScroll>
		<Style_Transparent>false</Style_Transparent>
		<!--<TooltipReference/>-->
	</InvSlot>
	<!-- IS_L_FINGERS	15 -->
	<InvSlot item="InvSlot15">
		<ScreenID>InvSlot15</ScreenID>
		<!--<Font>3</Font>-->
		<RelativePosition>true</RelativePosition>
		<Location>
			<X>166</X>
			<Y>272</Y>
		</Location>
		<Size>
			<CX>42</CX>
			<CY>42</CY>
		</Size>
		<Background>A_InvRing</Background>
		<EQType>15</EQType>
		<Style_VScroll>false</Style_VScroll>
		<Style_HScroll>false</Style_HScroll>
		<Style_Transparent>false</Style_Transparent>
		<!--<TooltipReference/>-->
	</InvSlot>
	<!-- IS_R_FINGERS	16 -->
	<InvSlot item="InvSlot16">
		<ScreenID>InvSlot16</ScreenID>
		<!--<Font>3</Font>-->
		<RelativePosition>true</RelativePosition>
		<Location>
			<X>210</X>
			<Y>272</Y>
		</Location>
		<Size>
			<CX>42</CX>
			<CY>42</CY>
		</Size>
		<Background>A_InvRing</Background>
		<EQType>16</EQType>
		<Style_VScroll>false</Style_VScroll>
		<Style_HScroll>false</Style_HScroll>
		<Style_Transparent>false</Style_Transparent>
		<!--<TooltipReference/>-->
	</InvSlot>
	<!-- IS_CHEST		17 -->
	<InvSlot item="InvSlot17">
		<ScreenID>InvSlot17</ScreenID>
		<!--<Font>3</Font>-->
		<RelativePosition>true</RelativePosition>
		<Location>
			<X>123</X>
			<Y>55</Y>
		</Location>
		<Size>
			<CX>42</CX>
			<CY>42</CY>
		</Size>
		<Background>A_InvChest</Background>
		<EQType>17</EQType>
		<Style_VScroll>false</Style_VScroll>
		<Style_HScroll>false</Style_HScroll>
		<Style_Transparent>false</Style_Transparent>
		<!--<TooltipReference/>-->
	</InvSlot>
	<!-- IS_LEGS		18 -->
	<InvSlot item="InvSlot18">
		<ScreenID>InvSlot18</ScreenID>
		<!--<Font>3</Font>-->
		<RelativePosition>true</RelativePosition>
		<Location>
			<X>123</X>
			<Y>228</Y>
		</Location>
		<Size>
			<CX>42</CX>
			<CY>42</CY>
		</Size>
		<Background>A_InvLegs</Background>
		<EQType>18</EQType>
		<Style_VScroll>false</Style_VScroll>
		<Style_HScroll>false</Style_HScroll>
		<Style_Transparent>false</Style_Transparent>
		<!--<TooltipReference/>-->
	</InvSlot>
	<!-- IS_FEET		19 -->
	<InvSlot item="InvSlot19">
		<ScreenID>InvSlot19</ScreenID>
		<!--<Font>3</Font>-->
		<RelativePosition>true</RelativePosition>
		<Location>
			<X>253</X>
			<Y>228</Y>
		</Location>
		<Size>
			<CX>42</CX>
			<CY>42</CY>
		</Size>
		<Background>A_InvFeet</Background>
		<EQType>19</EQType>
		<Style_VScroll>false</Style_VScroll>
		<Style_HScroll>false</Style_HScroll>
		<Style_Transparent>false</Style_Transparent>
		<!--<TooltipReference/>-->
	</InvSlot>
	<!-- IS_WAIST		20 -->
	<InvSlot item="InvSlot20">
		<ScreenID>InvSlot20</ScreenID>
		<!--<Font>3</Font>-->
		<RelativePosition>true</RelativePosition>
		<Location>
			<X>123</X>
			<Y>142</Y>
		</Location>
		<Size>
			<CX>42</CX>
			<CY>42</CY>
		</Size>
		<Background>A_InvWaist</Background>
		<EQType>20</EQType>
		<Style_VScroll>false</Style_VScroll>
		<Style_HScroll>false</Style_HScroll>
		<Style_Transparent>false</Style_Transparent>
		<!--<TooltipReference/>-->
	</InvSlot>
	<!-- IS_AMMO		21 -->
	<InvSlot item="InvSlot21">
		<ScreenID>InvSlot21</ScreenID>
		<!--<Font>3</Font>-->
		<RelativePosition>true</RelativePosition>
		<Location>
			<X>253</X>
			<Y>316</Y>
		</Location>
		<Size>
			<CX>42</CX>
			<CY>42</CY>
		</Size>
		<Background>A_InvAmmo</Background>
		<EQType>21</EQType>
		<Style_VScroll>false</Style_VScroll>
		<Style_HScroll>false</Style_HScroll>
		<Style_Transparent>false</Style_Transparent>
		<!--<TooltipReference/>-->
	</InvSlot>
	<!-- root inv slots, IS_B1 to IS_B8 -->
	<InvSlot item="InvSlot22">
		<ScreenID>InvSlot22</ScreenID>
		<!--<Font>3</Font>-->
		<RelativePosition>true</RelativePosition>
		<Location>
			<X>303</X>
			<Y>228</Y>
		</Location>
		<Size>
			<CX>42</CX>
			<CY>42</CY>
		</Size>
		<Background>A_RecessedBox</Background>
		<EQType>22</EQType>
		<Style_VScroll>false</Style_VScroll>
		<Style_HScroll>false</Style_HScroll>
		<Style_Transparent>false</Style_Transparent>
		<!--<TooltipReference/>-->
	</InvSlot>
	<InvSlot item="InvSlot23">
		<ScreenID>InvSlot23</ScreenID>
		<!--<Font>3</Font>-->
		<RelativePosition>true</RelativePosition>
		<Location>
			<X>303</X>
			<Y>271</Y>
		</Location>
		<Size>
			<CX>42</CX>
			<CY>42</CY>
		</Size>
		<Background>A_RecessedBox</Background>
		<EQType>23</EQType>
		<Style_VScroll>false</Style_VScroll>
		<Style_HScroll>false</Style_HScroll>
		<Style_Transparent>false</Style_Transparent>
		<!--<TooltipReference/>-->
	</InvSlot>
	<InvSlot item="InvSlot24">
		<ScreenID>InvSlot24</ScreenID>
		<!--<Font>3</Font>-->
		<RelativePosition>true</RelativePosition>
		<Location>
			<X>303</X>
			<Y>314</Y>
		</Location>
		<Size>
			<CX>42</CX>
			<CY>42</CY>
		</Size>
		<Background>A_RecessedBox</Background>
		<EQType>24</EQType>
		<Style_VScroll>false</Style_VScroll>
		<Style_HScroll>false</Style_HScroll>
		<Style_Transparent>false</Style_Transparent>
		<!--<TooltipReference/>-->
	</InvSlot>
	<InvSlot item="InvSlot25">
		<ScreenID>InvSlot25</ScreenID>
		<!--<Font>3</Font>-->
		<RelativePosition>true</RelativePosition>
		<Location>
			<X>303</X>
			<Y>357</Y>
		</Location>
		<Size>
			<CX>42</CX>
			<CY>42</CY>
		</Size>
		<Background>A_RecessedBox</Background>
		<EQType>25</EQType>
		<Style_VScroll>false</Style_VScroll>
		<Style_HScroll>false</Style_HScroll>
		<Style_Transparent>false</Style_Transparent>
		<!--<TooltipReference/>-->
	</InvSlot>
	<InvSlot item="InvSlot26">
		<ScreenID>InvSlot26</ScreenID>
		<!--<Font>3</Font>-->
		<RelativePosition>true</RelativePosition>
		<Location>
			<X>346</X>
			<Y>228</Y>
		</Location>
		<Size>
			<CX>42</CX>
			<CY>42</CY>
		</Size>
		<Background>A_RecessedBox</Background>
		<EQType>26</EQType>
		<Style_VScroll>false</Style_VScroll>
		<Style_HScroll>false</Style_HScroll>
		<Style_Transparent>false</Style_Transparent>
		<!--<TooltipReference/>-->
	</InvSlot>
	<InvSlot item="InvSlot27">
		<ScreenID>InvSlot27</ScreenID>
		<!--<Font>3</Font>-->
		<RelativePosition>true</RelativePosition>
		<Location>
			<X>346</X>
			<Y>271</Y>
		</Location>
		<Size>
			<CX>42</CX>
			<CY>42</CY>
		</Size>
		<Background>A_RecessedBox</Background>
		<EQType>27</EQType>
		<Style_VScroll>false</Style_VScroll>
		<Style_HScroll>false</Style_HScroll>
		<Style_Transparent>false</Style_Transparent>
		<!--<TooltipReference/>-->
	</InvSlot>
	<InvSlot item="InvSlot28">
		<ScreenID>InvSlot28</ScreenID>
		<!--<Font>3</Font>-->
		<RelativePosition>true</RelativePosition>
		<Location>
			<X>346</X>
			<Y>314</Y>
		</Location>
		<Size>
			<CX>42</CX>
			<CY>42</CY>
		</Size>
		<Background>A_RecessedBox</Background>
		<EQType>28</EQType>
		<Style_VScroll>false</Style_VScroll>
		<Style_HScroll>false</Style_HScroll>
		<Style_Transparent>false</Style_Transparent>
		<!--<TooltipReference/>-->
	</InvSlot>
	<InvSlot item="InvSlot29">
		<ScreenID>InvSlot29</ScreenID>
		<!--<Font>3</Font>-->
		<RelativePosition>true</RelativePosition>
		<Location>
			<X>346</X>
			<Y>357</Y>
		</Location>
		<Size>
			<CX>42</CX>
			<CY>42</CY>
		</Size>
		<Background>A_RecessedBox</Background>
		<EQType>29</EQType>
		<Style_VScroll>false</Style_VScroll>
		<Style_HScroll>false</Style_HScroll>
		<Style_Transparent>false</Style_Transparent>
		<!--<TooltipReference/>-->
	</InvSlot>
	<Label item="IW_Name">
		<ScreenID>NameLabel</ScreenID>
		<EQType>1</EQType>
		<!--<Font>3</Font>-->
		<RelativePosition>true</RelativePosition>
		<Location>
			<X>1</X>
			<Y>2</Y>
		</Location>
		<Size>
			<CX>112</CX>
			<CY>14</CY>
		</Size>
		<Text>Playername123456</Text>
		<TextColor>
			<R>255</R>
			<G>255</G>
			<B>255</B>
		</TextColor>
		<NoWrap>true</NoWrap>
		<AlignCenter>false</AlignCenter>
		<AlignRight>false</AlignRight>
	</Label>
	<Label item="IW_Level">
		<ScreenID>LevelClassLabel</ScreenID>
		<EQType>2</EQType>
		<!--<Font>3</Font>-->
		<RelativePosition>true</RelativePosition>
		<Location>
			<X>1</X>
			<Y>16</Y>
		</Location>
		<Size>
			<CX>15</CX>
			<CY>14</CY>
		</Size>
		<Text>60 Shadow Knight</Text>
		<TextColor>
			<R>255</R>
			<G>255</G>
			<B>255</B>
		</TextColor>
		<NoWrap>true</NoWrap>
		<AlignCenter>false</AlignCenter>
		<AlignRight>false</AlignRight>
	</Label>
	<Label item="IW_Class">
		<EQType>3</EQType>
		<!--<Font>3</Font>-->
		<RelativePosition>true</RelativePosition>
		<Location>
			<X>21</X>
			<Y>16</Y>
		</Location>
		<Size>
			<CX>100</CX>
			<CY>14</CY>
		</Size>
		<Text>60 Shadow Knight</Text>
		<TextColor>
			<R>255</R>
			<G>255</G>
			<B>255</B>
		</TextColor>
		<NoWrap>true</NoWrap>
		<AlignCenter>false</AlignCenter>
		<AlignRight>false</AlignRight>
	</Label>
	<Label item="IW_Deity">
		<ScreenID>DeityLabel</ScreenID>
		<EQType>4</EQType>
		<!--<Font>3</Font>-->
		<RelativePosition>true</RelativePosition>
		<Location>
			<X>1</X>
			<Y>30</Y>
		</Location>
		<Size>
			<CX>112</CX>
			<CY>14</CY>
		</Size>
		<Text>Mithaniel Marr</Text>
		<TextColor>
			<R>255</R>
			<G>255</G>
			<B>255</B>
		</TextColor>
		<NoWrap>true</NoWrap>
		<AlignCenter>false</AlignCenter>
		<AlignRight>false</AlignRight>
	</Label>
	<Label item="IW_HP">
		<ScreenID>HPLabel</ScreenID>
		<!--<Font>3</Font>-->
		<RelativePosition>true</RelativePosition>
		<Location>
			<X>1</X>
			<Y>48</Y>
		</Location>
		<Size>
			<CX>64</CX>
			<CY>14</CY>
		</Size>
		<Text>HP</Text>
		<TextColor>
			<R>255</R>
			<G>255</G>
			<B>255</B>
		</TextColor>
		<NoWrap>true</NoWrap>
		<AlignCenter>false</AlignCenter>
		<AlignRight>false</AlignRight>
	</Label>
	<Label item="IW_CurrentHP">
		<ScreenID>HPNumberLabel</ScreenID>
		<EQType>17</EQType>
		<!--<Font>3</Font>-->
		<RelativePosition>true</RelativePosition>
		<Location>
			<X>33</X>
			<Y>48</Y>
		</Location>
		<Size>
			<CX>35</CX>
			<CY>14</CY>
		</Size>
		<Text>0</Text>
		<TextColor>
			<R>255</R>
			<G>255</G>
			<B>255</B>
		</TextColor>
		<NoWrap>true</NoWrap>
		<AlignCenter>false</AlignCenter>
		<AlignRight>true</AlignRight>
		<AlignLeft>false</AlignLeft>
	</Label>
	<Label item="IW_HPDivider">
		<!--<Font>3</Font>-->
		<RelativePosition>true</RelativePosition>
		<Location>
			<X>71</X>
			<Y>48</Y>
		</Location>
		<Size>
			<CX>8</CX>
			<CY>14</CY>
		</Size>
		<Text>/</Text>
		<TextColor>
			<R>255</R>
			<G>255</G>
			<B>255</B>
		</TextColor>
		<NoWrap>true</NoWrap>
		<AlignCenter>false</AlignCenter>
		<AlignRight>false</AlignRight>
	</Label>
	<Label item="IW_MaxHP">
		<EQType>18</EQType>
		<!--<Font>3</Font>-->
		<RelativePosition>true</RelativePosition>
		<Location>
			<X>76</X>
			<Y>48</Y>
		</Location>
		<Size>
			<CX>37</CX>
			<CY>14</CY>
		</Size>
		<Text>0</Text>
		<TextColor>
			<R>255</R>
			<G>255</G>
			<B>255</B>
		</TextColor>
		<NoWrap>true</NoWrap>
		<AlignCenter>false</AlignCenter>
		<AlignRight>false</AlignRight>
		<AlignLeft>true</AlignLeft>
	</Label>
	<Label item="IW_MANA">
		<ScreenID>MANALabel</ScreenID>
		<!--<Font>3</Font>-->
		<RelativePosition>true</RelativePosition>
		<Location>
			<X>1</X>
			<Y>62</Y>
		</Location>
		<Size>
			<CX>64</CX>
			<CY>14</CY>
		</Size>
		<Text>MANA</Text>
		<TextColor>
			<R>255</R>
			<G>255</G>
			<B>255</B>
		</TextColor>
		<NoWrap>true</NoWrap>
		<AlignCenter>false</AlignCenter>
		<AlignRight>false</AlignRight>
	</Label>
	<Label item="IW_CurrentMANA">
		<ScreenID>MANANumberLabel</ScreenID>
		<EQType>124</EQType>
		<!--<Font>3</Font>-->
		<RelativePosition>true</RelativePosition>
		<Location>
			<X>33</X>
			<Y>62</Y>
		</Location>
		<Size>
			<CX>35</CX>
			<CY>14</CY>
		</Size>
		<Text>0</Text>
		<TextColor>
			<R>255</R>
			<G>255</G>
			<B>255</B>
		</TextColor>
		<NoWrap>true</NoWrap>
		<AlignCenter>false</AlignCenter>
		<AlignRight>true</AlignRight>
		<AlignLeft>false</AlignLeft>
	</Label>
	<Label item="IW_MANADivider">
		<!--<Font>3</Font>-->
		<RelativePosition>true</RelativePosition>
		<Location>
			<X>71</X>
			<Y>62</Y>
		</Location>
		<Size>
			<CX>8</CX>
			<CY>14</CY>
		</Size>
		<Text>/</Text>
		<TextColor>
			<R>255</R>
			<G>255</G>
			<B>255</B>
		</TextColor>
		<NoWrap>true</NoWrap>
		<AlignCenter>false</AlignCenter>
		<AlignRight>false</AlignRight>
	</Label>
	<Label item="IW_MaxMANA">
		<EQType>125</EQType>
		<!--<Font>3</Font>-->
		<RelativePosition>true</RelativePosition>
		<Location>
			<X>76</X>
			<Y>62</Y>
		</Location>
		<Size>
			<CX>37</CX>
			<CY>14</CY>
		</Size>
		<Text>0</Text>
		<TextColor>
			<R>255</R>
			<G>255</G>
			<B>255</B>
		</TextColor>
		<NoWrap>true</NoWrap>
		<AlignCenter>false</AlignCenter>
		<AlignRight>false</AlignRight>
		<AlignLeft>true</AlignLeft>
	</Label>
	<Label item="IW_ENDR">
		<ScreenID>ENDRLabel</ScreenID>
		<!--<Font>3</Font>-->
		<RelativePosition>true</RelativePosition>
		<Location>
			<X>1</X>
			<Y>76</Y>
		</Location>
		<Size>
			<CX>64</CX>
			<CY>14</CY>
		</Size>
		<Text>ENDR</Text>
		<TextColor>
			<R>255</R>
			<G>255</G>
			<B>255</B>
		</TextColor>
		<NoWrap>true</NoWrap>
		<AlignCenter>false</AlignCenter>
		<AlignRight>false</AlignRight>
	</Label>
	<Label item="IW_CurrentENDR">
		<ScreenID>ENDRNumberLabel</ScreenID>
		<EQType>126</EQType>
		<!--<Font>3</Font>-->
		<RelativePosition>true</RelativePosition>
		<Location>
			<X>33</X>
			<Y>76</Y>
		</Location>
		<Size>
			<CX>35</CX>
			<CY>14</CY>
		</Size>
		<Text>0</Text>
		<TextColor>
			<R>255</R>
			<G>255</G>
			<B>255</B>
		</TextColor>
		<NoWrap>true</NoWrap>
		<AlignCenter>false</AlignCenter>
		<AlignRight>true</AlignRight>
		<AlignLeft>false</AlignLeft>
	</Label>
	<Label item="IW_ENDRDivider">
		<!--<Font>3</Font>-->
		<RelativePosition>true</RelativePosition>
		<Location>
			<X>71</X>
			<Y>76</Y>
		</Location>
		<Size>
			<CX>8</CX>
			<CY>14</CY>
		</Size>
		<Text>/</Text>
		<TextColor>
			<R>255</R>
			<G>255</G>
			<B>255</B>
		</TextColor>
		<NoWrap>true</NoWrap>
		<AlignCenter>false</AlignCenter>
		<AlignRight>false</AlignRight>
	</Label>
	<Label item="IW_MaxENDR">
		<EQType>127</EQType>
		<!--<Font>3</Font>-->
		<RelativePosition>true</RelativePosition>
		<Location>
			<X>76</X>
			<Y>76</Y>
		</Location>
		<Size>
			<CX>37</CX>
			<CY>14</CY>
		</Size>
		<Text>0</Text>
		<TextColor>
			<R>255</R>
			<G>255</G>
			<B>255</B>
		</TextColor>
		<NoWrap>true</NoWrap>
		<AlignCenter>false</AlignCenter>
		<AlignRight>false</AlignRight>
		<AlignLeft>true</AlignLeft>
	</Label>
	<Label item="IW_AC">
		<ScreenID>ACLabel</ScreenID>
		<!--<Font>3</Font>-->
		<RelativePosition>true</RelativePosition>
		<Location>
			<X>1</X>
			<Y>90</Y>
		</Location>
		<Size>
			<CX>64</CX>
			<CY>14</CY>
		</Size>
		<Text>AC</Text>
		<TextColor>
			<R>255</R>
			<G>255</G>
			<B>255</B>
		</TextColor>
		<NoWrap>true</NoWrap>
		<AlignCenter>false</AlignCenter>
		<AlignRight>false</AlignRight>
	</Label>
	<Label item="IW_ACNumber">
		<ScreenID>ACNumberLabel</ScreenID>
		<EQType>22</EQType>
		<!--<Font>3</Font>-->
		<RelativePosition>true</RelativePosition>
		<Location>
			<X>33</X>
			<Y>90</Y>
		</Location>
		<Size>
			<CX>80</CX>
			<CY>14</CY>
		</Size>
		<Text>0</Text>
		<TextColor>
			<R>255</R>
			<G>255</G>
			<B>255</B>
		</TextColor>
		<NoWrap>true</NoWrap>
		<AlignCenter>true</AlignCenter>
		<AlignRight>false</AlignRight>
	</Label>
	<Label item="IW_ATK">
		<ScreenID>ATKLabel</ScreenID>
		<!--<Font>3</Font>-->
		<RelativePosition>true</RelativePosition>
		<Location>
			<X>1</X>
			<Y>104</Y>
		</Location>
		<Size>
			<CX>64</CX>
			<CY>14</CY>
		</Size>
		<Text>ATK</Text>
		<TextColor>
			<R>255</R>
			<G>255</G>
			<B>255</B>
		</TextColor>
		<NoWrap>true</NoWrap>
		<AlignCenter>false</AlignCenter>
		<AlignRight>false</AlignRight>
	</Label>
	<Label item="IW_ATKNumber">
		<ScreenID>ATKNumberLabel</ScreenID>
		<EQType>23</EQType>
		<!--<Font>3</Font>-->
		<RelativePosition>true</RelativePosition>
		<Location>
			<X>33</X>
			<Y>104</Y>
		</Location>
		<Size>
			<CX>80</CX>
			<CY>14</CY>
		</Size>
		<Text>0</Text>
		<TextColor>
			<R>255</R>
			<G>255</G>
			<B>255</B>
		</TextColor>
		<NoWrap>true</NoWrap>
		<AlignCenter>true</AlignCenter>
		<AlignRight>false</AlignRight>
	</Label>
	<Label item="IW_NextLevel">
		<ScreenID>NextLevelLabel</ScreenID>
		<Font>2</Font>
		<RelativePosition>true</RelativePosition>
		<Location>
			<X>1</X>
			<Y>122</Y>
		</Location>
		<Size>
			<CX>120</CX>
			<CY>14</CY>
		</Size>
		<Text>NEXT LEVEL</Text>
		<TextColor>
			<R>255</R>
			<G>255</G>
			<B>255</B>
		</TextColor>
		<NoWrap>true</NoWrap>
		<AlignCenter>false</AlignCenter>
		<AlignRight>false</AlignRight>
	</Label>
	<Gauge item="IW_ExpGauge">
		<ScreenID>ExpGauge</ScreenID>
		<!--<Font>3</Font>-->
		<RelativePosition>true</RelativePosition>
		<Location>
			<X>1</X>
			<Y>137</Y>
		</Location>
		<Size>
			<CX>118</CX>
			<CY>11</CY>
		</Size>
		<GaugeOffsetY>0</GaugeOffsetY>
		<Style_VScroll>false</Style_VScroll>
		<Style_HScroll>false</Style_HScroll>
		<Style_Transparent>false</Style_Transparent>
		<!--<TooltipReference/>-->
		<FillTint>
			<R>220</R>
			<G>150</G>
			<B>0</B>
		</FillTint>
		<LinesFillTint>
			<R>0</R>
			<G>80</G>
			<B>220</B>
		</LinesFillTint>
		<DrawLinesFill>true</DrawLinesFill>
		<EQType>4</EQType>
		<GaugeDrawTemplate>
			<Background>A_GaugeBackground</Background>
			<Fill>A_GaugeFill</Fill>
			<Lines>A_GaugeLines</Lines>
			<LinesFill>A_GaugeLinesFill</LinesFill>
			<EndCapLeft>A_GaugeEndCapLeft</EndCapLeft>
			<EndCapRight>A_GaugeEndCapRight</EndCapRight>
		</GaugeDrawTemplate>
	</Gauge>
	<Label item="IW_STR">
		<ScreenID>STRLabel</ScreenID>
		<!--<Font>3</Font>-->
		<RelativePosition>true</RelativePosition>
		<Location>
			<X>1</X>
			<Y>179</Y>
		</Location>
		<Size>
			<CX>50</CX>
			<CY>14</CY>
		</Size>
		<Text>STR</Text>
		<TextColor>
			<R>255</R>
			<G>255</G>
			<B>255</B>
		</TextColor>
		<NoWrap>true</NoWrap>
		<AlignCenter>false</AlignCenter>
		<AlignRight>false</AlignRight>
	</Label>
	<Label item="IW_STRNumber">
		<ScreenID>STRNumberLabel</ScreenID>
		<EQType>5</EQType>
		<!--<Font>3</Font>-->
		<RelativePosition>true</RelativePosition>
		<Location>
			<X>31</X>
			<Y>179</Y>
		</Location>
		<Size>
			<CX>50</CX>
			<CY>14</CY>
		</Size>
		<Text>255</Text>
		<TextColor>
			<R>255</R>
			<G>255</G>
			<B>255</B>
		</TextColor>
		<NoWrap>true</NoWrap>
		<AlignCenter>false</AlignCenter>
		<AlignRight>false</AlignRight>
	</Label>
	<Label item="IW_STA">
		<ScreenID>STALabel</ScreenID>
		<!--<Font>3</Font>-->
		<RelativePosition>true</RelativePosition>
		<Location>
			<X>1</X>
			<Y>193</Y>
		</Location>
		<Size>
			<CX>50</CX>
			<CY>14</CY>
		</Size>
		<Text>STA</Text>
		<TextColor>
			<R>255</R>
			<G>255</G>
			<B>255</B>
		</TextColor>
		<NoWrap>true</NoWrap>
		<AlignCenter>false</AlignCenter>
		<AlignRight>false</AlignRight>
	</Label>
	<Label item="IW_STANumber">
		<ScreenID>STANumberLabel</ScreenID>
		<EQType>6</EQType>
		<!--<Font>3</Font>-->
		<RelativePosition>true</RelativePosition>
		<Location>
			<X>31</X>
			<Y>193</Y>
		</Location>
		<Size>
			<CX>50</CX>
			<CY>14</CY>
		</Size>
		<Text>255</Text>
		<TextColor>
			<R>255</R>
			<G>255</G>
			<B>255</B>
		</TextColor>
		<NoWrap>true</NoWrap>
		<AlignCenter>false</AlignCenter>
		<AlignRight>false</AlignRight>
	</Label>
	<Label item="IW_AGI">
		<ScreenID>AGILabel</ScreenID>
		<!--<Font>3</Font>-->
		<RelativePosition>true</RelativePosition>
		<Location>
			<X>1</X>
			<Y>207</Y>
		</Location>
		<Size>
			<CX>50</CX>
			<CY>14</CY>
		</Size>
		<Text>AGI</Text>
		<TextColor>
			<R>255</R>
			<G>255</G>
			<B>255</B>
		</TextColor>
		<NoWrap>true</NoWrap>
		<AlignCenter>false</AlignCenter>
		<AlignRight>false</AlignRight>
	</Label>
	<Label item="IW_AGINumber">
		<ScreenID>AGINumberLabel</ScreenID>
		<EQType>8</EQType>
		<!--<Font>3</Font>-->
		<RelativePosition>true</RelativePosition>
		<Location>
			<X>31</X>
			<Y>207</Y>
		</Location>
		<Size>
			<CX>50</CX>
			<CY>14</CY>
		</Size>
		<Text>255</Text>
		<TextColor>
			<R>255</R>
			<G>255</G>
			<B>255</B>
		</TextColor>
		<NoWrap>true</NoWrap>
		<AlignCenter>false</AlignCenter>
		<AlignRight>false</AlignRight>
	</Label>
	<Label item="IW_DEX">
		<ScreenID>DEXLabel</ScreenID>
		<!--<Font>3</Font>-->
		<RelativePosition>true</RelativePosition>
		<Location>
			<X>1</X>
			<Y>221</Y>
		</Location>
		<Size>
			<CX>50</CX>
			<CY>14</CY>
		</Size>
		<Text>DEX</Text>
		<TextColor>
			<R>255</R>
			<G>255</G>
			<B>255</B>
		</TextColor>
		<NoWrap>true</NoWrap>
		<AlignCenter>false</AlignCenter>
		<AlignRight>false</AlignRight>
	</Label>
	<Label item="IW_DEXNumber">
		<ScreenID>DEXNumberLabel</ScreenID>
		<EQType>7</EQType>
		<!--<Font>3</Font>-->
		<RelativePosition>true</RelativePosition>
		<Location>
			<X>31</X>
			<Y>221</Y>
		</Location>
		<Size>
			<CX>50</CX>
			<CY>14</CY>
		</Size>
		<Text>255</Text>
		<TextColor>
			<R>255</R>
			<G>255</G>
			<B>255</B>
		</TextColor>
		<NoWrap>true</NoWrap>
		<AlignCenter>false</AlignCenter>
		<AlignRight>false</AlignRight>
	</Label>
	<Label item="IW_WIS">
		<ScreenID>WISLabel</ScreenID>
		<!--<Font>3</Font>-->
		<RelativePosition>true</RelativePosition>
		<Location>
			<X>0</X>
			<Y>239</Y>
		</Location>
		<Size>
			<CX>50</CX>
			<CY>14</CY>
		</Size>
		<Text>WIS</Text>
		<TextColor>
			<R>255</R>
			<G>255</G>
			<B>255</B>
		</TextColor>
		<NoWrap>true</NoWrap>
		<AlignCenter>false</AlignCenter>
		<AlignRight>false</AlignRight>
	</Label>
	<Label item="IW_WISNumber">
		<ScreenID>WISNumberLabel</ScreenID>
		<EQType>9</EQType>
		<!--<Font>3</Font>-->
		<RelativePosition>true</RelativePosition>
		<Location>
			<X>30</X>
			<Y>239</Y>
		</Location>
		<Size>
			<CX>50</CX>
			<CY>14</CY>
		</Size>
		<Text>255</Text>
		<TextColor>
			<R>255</R>
			<G>255</G>
			<B>255</B>
		</TextColor>
		<NoWrap>true</NoWrap>
		<AlignCenter>false</AlignCenter>
		<AlignRight>false</AlignRight>
	</Label>
	<Label item="IW_INT">
		<ScreenID>INTLabel</ScreenID>
		<!--<Font>3</Font>-->
		<RelativePosition>true</RelativePosition>
		<Location>
			<X>0</X>
			<Y>253</Y>
		</Location>
		<Size>
			<CX>50</CX>
			<CY>14</CY>
		</Size>
		<Text>INT</Text>
		<TextColor>
			<R>255</R>
			<G>255</G>
			<B>255</B>
		</TextColor>
		<NoWrap>true</NoWrap>
		<AlignCenter>false</AlignCenter>
		<AlignRight>false</AlignRight>
	</Label>
	<Label item="IW_INTNumber">
		<ScreenID>INTNumberLabel</ScreenID>
		<EQType>10</EQType>
		<!--<Font>3</Font>-->
		<RelativePosition>true</RelativePosition>
		<Location>
			<X>30</X>
			<Y>253</Y>
		</Location>
		<Size>
			<CX>50</CX>
			<CY>14</CY>
		</Size>
		<Text>255</Text>
		<TextColor>
			<R>255</R>
			<G>255</G>
			<B>255</B>
		</TextColor>
		<NoWrap>true</NoWrap>
		<AlignCenter>false</AlignCenter>
		<AlignRight>false</AlignRight>
	</Label>
	<Label item="IW_CHA">
		<ScreenID>CHALabel</ScreenID>
		<!--<Font>3</Font>-->
		<RelativePosition>true</RelativePosition>
		<Location>
			<X>0</X>
			<Y>267</Y>
		</Location>
		<Size>
			<CX>50</CX>
			<CY>14</CY>
		</Size>
		<Text>CHA</Text>
		<TextColor>
			<R>255</R>
			<G>255</G>
			<B>255</B>
		</TextColor>
		<NoWrap>true</NoWrap>
		<AlignCenter>false</AlignCenter>
		<AlignRight>false</AlignRight>
	</Label>
	<Label item="IW_CHANumber">
		<ScreenID>CHANumberLabel</ScreenID>
		<EQType>11</EQType>
		<!--<Font>3</Font>-->
		<RelativePosition>true</RelativePosition>
		<Location>
			<X>30</X>
			<Y>267</Y>
		</Location>
		<Size>
			<CX>50</CX>
			<CY>14</CY>
		</Size>
		<Text>255</Text>
		<TextColor>
			<R>255</R>
			<G>255</G>
			<B>255</B>
		</TextColor>
		<NoWrap>true</NoWrap>
		<AlignCenter>false</AlignCenter>
		<AlignRight>false</AlignRight>
	</Label>
	<Label item="IW_Poison">
		<ScreenID>PoisonLabel</ScreenID>
		<!--<Font>3</Font>-->
		<RelativePosition>true</RelativePosition>
		<Location>
			<X>1</X>
			<Y>284</Y>
		</Location>
		<Size>
			<CX>64</CX>
			<CY>14</CY>
		</Size>
		<Text>POISON</Text>
		<TextColor>
			<R>255</R>
			<G>255</G>
			<B>255</B>
		</TextColor>
		<NoWrap>true</NoWrap>
		<AlignCenter>false</AlignCenter>
		<AlignRight>false</AlignRight>
	</Label>
	<Label item="IW_PoisonNumber">
		<ScreenID>PoisonNumberLabel</ScreenID>
		<EQType>12</EQType>
		<!--<Font>3</Font>-->
		<RelativePosition>true</RelativePosition>
		<Location>
			<X>57</X>
			<Y>284</Y>
		</Location>
		<Size>
			<CX>64</CX>
			<CY>14</CY>
		</Size>
		<Text>255</Text>
		<TextColor>
			<R>255</R>
			<G>255</G>
			<B>255</B>
		</TextColor>
		<NoWrap>true</NoWrap>
		<AlignCenter>false</AlignCenter>
		<AlignRight>false</AlignRight>
	</Label>
	<Label item="IW_Magic">
		<ScreenID>MagicLabel</ScreenID>
		<!--<Font>3</Font>-->
		<RelativePosition>true</RelativePosition>
		<Location>
			<X>1</X>
			<Y>298</Y>
		</Location>
		<Size>
			<CX>64</CX>
			<CY>14</CY>
		</Size>
		<Text>MAGIC</Text>
		<TextColor>
			<R>255</R>
			<G>255</G>
			<B>255</B>
		</TextColor>
		<NoWrap>true</NoWrap>
		<AlignCenter>false</AlignCenter>
		<AlignRight>false</AlignRight>
	</Label>
	<Label item="IW_MagicNumber">
		<ScreenID>MagicNumberLabel</ScreenID>
		<EQType>16</EQType>
		<!--<Font>3</Font>-->
		<RelativePosition>true</RelativePosition>
		<Location>
			<X>57</X>
			<Y>298</Y>
		</Location>
		<Size>
			<CX>64</CX>
			<CY>14</CY>
		</Size>
		<Text>255</Text>
		<TextColor>
			<R>255</R>
			<G>255</G>
			<B>255</B>
		</TextColor>
		<NoWrap>true</NoWrap>
		<AlignCenter>false</AlignCenter>
		<AlignRight>false</AlignRight>
	</Label>
	<Label item="IW_Disease">
		<ScreenID>DiseaseLabel</ScreenID>
		<!--<Font>3</Font>-->
		<RelativePosition>true</RelativePosition>
		<Location>
			<X>1</X>
			<Y>312</Y>
		</Location>
		<Size>
			<CX>64</CX>
			<CY>14</CY>
		</Size>
		<Text>DISEASE</Text>
		<TextColor>
			<R>255</R>
			<G>255</G>
			<B>255</B>
		</TextColor>
		<NoWrap>true</NoWrap>
		<AlignCenter>false</AlignCenter>
		<AlignRight>false</AlignRight>
	</Label>
	<Label item="IW_DiseaseNumber">
		<ScreenID>DiseaseNumberLabel</ScreenID>
		<EQType>13</EQType>
		<!--<Font>3</Font>-->
		<RelativePosition>true</RelativePosition>
		<Location>
			<X>57</X>
			<Y>312</Y>
		</Location>
		<Size>
			<CX>64</CX>
			<CY>14</CY>
		</Size>
		<Text>255</Text>
		<TextColor>
			<R>255</R>
			<G>255</G>
			<B>255</B>
		</TextColor>
		<NoWrap>true</NoWrap>
		<AlignCenter>false</AlignCenter>
		<AlignRight>false</AlignRight>
	</Label>
	<Label item="IW_Fire">
		<ScreenID>FireLabel</ScreenID>
		<!--<Font>3</Font>-->
		<RelativePosition>true</RelativePosition>
		<Location>
			<X>1</X>
			<Y>326</Y>
		</Location>
		<Size>
			<CX>64</CX>
			<CY>14</CY>
		</Size>
		<Text>FIRE</Text>
		<TextColor>
			<R>255</R>
			<G>255</G>
			<B>255</B>
		</TextColor>
		<NoWrap>true</NoWrap>
		<AlignCenter>false</AlignCenter>
		<AlignRight>false</AlignRight>
	</Label>
	<Label item="IW_FireNumber">
		<ScreenID>FireNumberLabel</ScreenID>
		<EQType>14</EQType>
		<!--<Font>3</Font>-->
		<RelativePosition>true</RelativePosition>
		<Location>
			<X>57</X>
			<Y>326</Y>
		</Location>
		<Size>
			<CX>64</CX>
			<CY>14</CY>
		</Size>
		<Text>255</Text>
		<TextColor>
			<R>255</R>
			<G>255</G>
			<B>255</B>
		</TextColor>
		<NoWrap>true</NoWrap>
		<AlignCenter>false</AlignCenter>
		<AlignRight>false</AlignRight>
	</Label>
	<Label item="IW_Cold">
		<ScreenID>ColdLabel</ScreenID>
		<!--<Font>3</Font>-->
		<RelativePosition>true</RelativePosition>
		<Location>
			<X>1</X>
			<Y>340</Y>
		</Location>
		<Size>
			<CX>64</CX>
			<CY>14</CY>
		</Size>
		<Text>COLD</Text>
		<TextColor>
			<R>255</R>
			<G>255</G>
			<B>255</B>
		</TextColor>
		<NoWrap>true</NoWrap>
		<AlignCenter>false</AlignCenter>
		<AlignRight>false</AlignRight>
	</Label>
	<Label item="IW_ColdNumber">
		<ScreenID>ColdNumberLabel</ScreenID>
		<EQType>15</EQType>
		<!--<Font>3</Font>-->
		<RelativePosition>true</RelativePosition>
		<Location>
			<X>57</X>
			<Y>340</Y>
		</Location>
		<Size>
			<CX>64</CX>
			<CY>14</CY>
		</Size>
		<Text>255</Text>
		<TextColor>
			<R>255</R>
			<G>255</G>
			<B>255</B>
		</TextColor>
		<NoWrap>true</NoWrap>
		<AlignCenter>false</AlignCenter>
		<AlignRight>false</AlignRight>
	</Label>
	<Label item="IW_Weight">
		<ScreenID>WeightLabel</ScreenID>
		<!--<Font>3</Font>-->
		<RelativePosition>true</RelativePosition>
		<Location>
			<X>0</X>
			<Y>359</Y>
		</Location>
		<Size>
			<CX>64</CX>
			<CY>14</CY>
		</Size>
		<Text>WEIGHT</Text>
		<TextColor>
			<R>255</R>
			<G>255</G>
			<B>255</B>
		</TextColor>
		<NoWrap>true</NoWrap>
		<AlignCenter>false</AlignCenter>
		<AlignRight>false</AlignRight>
	</Label>
	<Label item="IW_CurrentWeight">
		<ScreenID>WeightNumberLabel</ScreenID>
		<EQType>24</EQType>
		<!--<Font>3</Font>-->
		<RelativePosition>true</RelativePosition>
		<Location>
			<X>46</X>
			<Y>359</Y>
		</Location>
		<Size>
			<CX>30</CX>
			<CY>14</CY>
		</Size>
		<Text>0</Text>
		<TextColor>
			<R>255</R>
			<G>255</G>
			<B>255</B>
		</TextColor>
		<NoWrap>true</NoWrap>
		<AlignCenter>false</AlignCenter>
		<AlignRight>true</AlignRight>
	</Label>
	<Label item="IW_WeightNumber">
		<!--<Font>3</Font>-->
		<RelativePosition>true</RelativePosition>
		<Location>
			<X>76</X>
			<Y>359</Y>
		</Location>
		<Size>
			<CX>4</CX>
			<CY>14</CY>
		</Size>
		<Text>/</Text>
		<TextColor>
			<R>255</R>
			<G>255</G>
			<B>255</B>
		</TextColor>
		<NoWrap>true</NoWrap>
		<AlignCenter>false</AlignCenter>
		<AlignRight>false</AlignRight>
	</Label>
	<Label item="IW_MaxWeight">
		<EQType>25</EQType>
		<!--<Font>3</Font>-->
		<RelativePosition>true</RelativePosition>
		<Location>
			<X>81</X>
			<Y>359</Y>
		</Location>
		<Size>
			<CX>32</CX>
			<CY>14</CY>
		</Size>
		<Text />
		<TextColor>
			<R>255</R>
			<G>255</G>
			<B>255</B>
		</TextColor>
		<NoWrap>true</NoWrap>
		<AlignCenter>false</AlignCenter>
		<AlignRight>false</AlignRight>
		<AlignLeft>true</AlignLeft>
	</Label>
	<Label item="IW_AltAdv">
		<ScreenID>AltAdvLabel</ScreenID>
		<Font>2</Font>
		<RelativePosition>true</RelativePosition>
		<Location>
			<X>2</X>
			<Y>148</Y>
		</Location>
		<Size>
			<CX>120</CX>
			<CY>14</CY>
		</Size>
		<Text>ALT. ADV.</Text>
		<TextColor>
			<R>255</R>
			<G>255</G>
			<B>255</B>
		</TextColor>
		<NoWrap>true</NoWrap>
		<AlignCenter>false</AlignCenter>
		<AlignRight>false</AlignRight>
	</Label>
	<Gauge item="IW_AltAdvGauge">
		<ScreenID>AltAdvGauge</ScreenID>
		<!--<Font>3</Font>-->
		<RelativePosition>true</RelativePosition>
		<Location>
			<X>1</X>
			<Y>163</Y>
		</Location>
		<Size>
			<CX>118</CX>
			<CY>15</CY>
		</Size>
		<GaugeOffsetY>0</GaugeOffsetY>
		<Style_VScroll>false</Style_VScroll>
		<Style_HScroll>false</Style_HScroll>
		<Style_Transparent>false</Style_Transparent>
		<!--<TooltipReference/>-->
		<FillTint>
			<R>220</R>
			<G>150</G>
			<B>0</B>
		</FillTint>
		<LinesFillTint>
			<R>0</R>
			<G>40</G>
			<B>150</B>
		</LinesFillTint>
		<DrawLinesFill>true</DrawLinesFill>
		<EQType>5</EQType>
		<GaugeDrawTemplate>
			<Background>A_GaugeBackground</Background>
			<Fill>A_GaugeFill</Fill>
			<Lines>A_GaugeLines</Lines>
			<LinesFill>A_GaugeLinesFill</LinesFill>
			<EndCapLeft>A_GaugeEndCapLeft</EndCapLeft>
			<EndCapRight>A_GaugeEndCapRight</EndCapRight>
		</GaugeDrawTemplate>
	</Gauge>
	<Button item="IW_GoodPoints">
		<ScreenID>IW_GoodPoints</ScreenID>
		<!--<Font>3</Font>-->
		<RelativePosition>true</RelativePosition>
		<Location>
			<X>303</X>
			<Y>21</Y>
		</Location>
		<Size>
			<CX>70</CX>
			<CY>24</CY>
		</Size>
		<Style_Transparent>false</Style_Transparent>
		<!--<TooltipReference/>-->
		<Style_Checkbox>false</Style_Checkbox>
		<!--<RadioGroup/>-->
		<Text>9999</Text>
		<TextColor>
			<R>255</R>
			<G>255</G>
			<B>255</B>
		</TextColor>
		<ButtonDrawTemplate>
			<Normal>A_RecessedBox</Normal>
			<NormalDecal>A_RadiantCrystal</NormalDecal>
		</ButtonDrawTemplate>
		<DecalOffset>
			<X>1</X>
			<Y>3</Y>
		</DecalOffset>
		<DecalSize>
			<CX>18</CX>
			<CY>18</CY>
		</DecalSize>
	</Button>
	<Button item="IW_EvilPoints">
		<ScreenID>IW_EvilPoints</ScreenID>
		<!--<Font>3</Font>-->
		<RelativePosition>true</RelativePosition>
		<Location>
			<X>303</X>
			<Y>66</Y>
		</Location>
		<Size>
			<CX>70</CX>
			<CY>24</CY>
		</Size>
		<Style_Transparent>false</Style_Transparent>
		<!--<TooltipReference/>-->
		<Style_Checkbox>false</Style_Checkbox>
		<!--<RadioGroup/>-->
		<Text>9999</Text>
		<TextColor>
			<R>255</R>
			<G>255</G>
			<B>255</B>
		</TextColor>
		<ButtonDrawTemplate>
			<Normal>A_RecessedBox</Normal>
			<NormalDecal>A_EbonCrystal</NormalDecal>
		</ButtonDrawTemplate>
		<DecalOffset>
			<X>1</X>
			<Y>3</Y>
		</DecalOffset>
		<DecalSize>
			<CX>18</CX>
			<CY>18</CY>
		</DecalSize>
	</Button>
	<Button item="IW_Money0">
		<ScreenID>IW_Money0</ScreenID>
		<!--<Font>3</Font>-->
		<RelativePosition>true</RelativePosition>
		<Location>
			<X>303</X>
			<Y>121</Y>
		</Location>
		<Size>
			<CX>70</CX>
			<CY>24</CY>
		</Size>
		<Style_Transparent>false</Style_Transparent>
		<!--<TooltipReference/>-->
		<Style_Checkbox>false</Style_Checkbox>
		<!--<RadioGroup/>-->
		<Text>9999</Text>
		<TextColor>
			<R>255</R>
			<G>255</G>
			<B>255</B>
		</TextColor>
		<ButtonDrawTemplate>
			<Normal>A_RecessedBox</Normal>
			<NormalDecal>A_PlatinumCoin</NormalDecal>
		</ButtonDrawTemplate>
		<DecalOffset>
			<X>1</X>
			<Y>3</Y>
		</DecalOffset>
		<DecalSize>
			<CX>18</CX>
			<CY>18</CY>
		</DecalSize>
	</Button>
	<Button item="IW_Money1">
		<ScreenID>IW_Money1</ScreenID>
		<!--<Font>3</Font>-->
		<RelativePosition>true</RelativePosition>
		<Location>
			<X>303</X>
			<Y>147</Y>
		</Location>
		<Size>
			<CX>70</CX>
			<CY>24</CY>
		</Size>
		<Style_Transparent>false</Style_Transparent>
		<!--<TooltipReference/>-->
		<Style_Checkbox>false</Style_Checkbox>
		<!--<RadioGroup/>-->
		<Text>9999</Text>
		<TextColor>
			<R>255</R>
			<G>255</G>
			<B>255</B>
		</TextColor>
		<ButtonDrawTemplate>
			<Normal>A_RecessedBox</Normal>
			<NormalDecal>A_GoldCoin</NormalDecal>
		</ButtonDrawTemplate>
		<DecalOffset>
			<X>1</X>
			<Y>3</Y>
		</DecalOffset>
		<DecalSize>
			<CX>18</CX>
			<CY>18</CY>
		</DecalSize>
	</Button>
	<Button item="IW_Money2">
		<ScreenID>IW_Money2</ScreenID>
		<!--<Font>3</Font>-->
		<RelativePosition>true</RelativePosition>
		<Location>
			<X>303</X>
			<Y>171</Y>
		</Location>
		<Size>
			<CX>70</CX>
			<CY>24</CY>
		</Size>
		<Style_Transparent>false</Style_Transparent>
		<!--<TooltipReference/>-->
		<Style_Checkbox>false</Style_Checkbox>
		<!--<RadioGroup/>-->
		<Text>9999</Text>
		<TextColor>
			<R>255</R>
			<G>255</G>
			<B>255</B>
		</TextColor>
		<ButtonDrawTemplate>
			<Normal>A_RecessedBox</Normal>
			<NormalDecal>A_SilverCoin</NormalDecal>
		</ButtonDrawTemplate>
		<DecalOffset>
			<X>1</X>
			<Y>3</Y>
		</DecalOffset>
		<DecalSize>
			<CX>18</CX>
			<CY>18</CY>
		</DecalSize>
	</Button>
	<Button item="IW_Money3">
		<ScreenID>IW_Money3</ScreenID>
		<!--<Font>3</Font>-->
		<RelativePosition>true</RelativePosition>
		<Location>
			<X>303</X>
			<Y>197</Y>
		</Location>
		<Size>
			<CX>70</CX>
			<CY>24</CY>
		</Size>
		<Style_Transparent>false</Style_Transparent>
		<!--<TooltipReference/>-->
		<Style_Checkbox>false</Style_Checkbox>
		<!--<RadioGroup/>-->
		<Text>9999</Text>
		<TextColor>
			<R>255</R>
			<G>255</G>
			<B>255</B>
		</TextColor>
		<ButtonDrawTemplate>
			<Normal>A_RecessedBox</Normal>
			<NormalDecal>A_CopperCoin</NormalDecal>
		</ButtonDrawTemplate>
		<DecalOffset>
			<X>1</X>
			<Y>3</Y>
		</DecalOffset>
		<DecalSize>
			<CX>18</CX>
			<CY>18</CY>
		</DecalSize>
	</Button>
	<Button item="IW_Skills">
		<ScreenID>IW_Skills</ScreenID>
		<Font>2</Font>
		<RelativePosition>true</RelativePosition>
		<Location>
			<X>1</X>
			<Y>382</Y>
		</Location>
		<Size>
			<CX>45</CX>
			<CY>20</CY>
		</Size>
		<Style_Transparent>false</Style_Transparent>
		<!--<TooltipReference/>-->
		<Style_Checkbox>false</Style_Checkbox>
		<!--<RadioGroup/>-->
		<Text>Skills</Text>
		<TextColor>
			<R>255</R>
			<G>255</G>
			<B>255</B>
		</TextColor>
		<ButtonDrawTemplate>
			<Normal>A_BtnNormal</Normal>
			<Pressed>A_BtnPressed</Pressed>
			<Flyby>A_BtnFlyby</Flyby>
			<Disabled>A_BtnDisabled</Disabled>
			<PressedFlyby>A_BtnPressedFlyby</PressedFlyby>
		</ButtonDrawTemplate>
	</Button>
	<Button item="IW_AltAdvBtn">
		<ScreenID>IW_AltAdvBtn</ScreenID>
		<Font>2</Font>
		<RelativePosition>true</RelativePosition>
		<Location>
			<X>48</X>
			<Y>382</Y>
		</Location>
		<Size>
			<CX>56</CX>
			<CY>20</CY>
		</Size>
		<Style_Transparent>false</Style_Transparent>
		<!--<TooltipReference/>-->
		<Style_Checkbox>false</Style_Checkbox>
		<!--<RadioGroup/>-->
		<Text>Alt. Adv.</Text>
		<TextColor>
			<R>255</R>
			<G>255</G>
			<B>255</B>
		</TextColor>
		<ButtonDrawTemplate>
			<Normal>A_BtnNormal</Normal>
			<Pressed>A_BtnPressed</Pressed>
			<Flyby>A_BtnFlyby</Flyby>
			<Disabled>A_BtnDisabled</Disabled>
			<PressedFlyby>A_BtnPressedFlyby</PressedFlyby>
		</ButtonDrawTemplate>
	</Button>
	<Button item="IW_Destroy">
		<ScreenID>IW_Destroy</ScreenID>
		<Font>2</Font>
		<RelativePosition>true</RelativePosition>
		<Location>
			<X>202</X>
			<Y>382</Y>
		</Location>
		<Size>
			<CX>50</CX>
			<CY>20</CY>
		</Size>
		<Style_Transparent>false</Style_Transparent>
		<!--<TooltipReference/>-->
		<Style_Checkbox>false</Style_Checkbox>
		<!--<RadioGroup/>-->
		<Text>Destroy</Text>
		<TextColor>
			<R>255</R>
			<G>255</G>
			<B>255</B>
		</TextColor>
		<ButtonDrawTemplate>
			<Normal>A_BtnNormal</Normal>
			<Pressed>A_BtnPressed</Pressed>
			<Flyby>A_BtnFlyby</Flyby>
			<Disabled>A_BtnDisabled</Disabled>
			<PressedFlyby>A_BtnPressedFlyby</PressedFlyby>
		</ButtonDrawTemplate>
	</Button>
	<StaticAnimation item="ClassAnim">
		<ScreenID>ClassAnim</ScreenID>
		<Location>
			<X>3</X>
			<Y>11</Y>
		</Location>
		<Size>
			<CX>75</CX>
			<CY>142</CY>
		</Size>
		<!-- Do NOT include an animation here since it messes with other UIs.	Instead an animation instance is dynamically created and used. -->
	</StaticAnimation>
	<Screen item="IW_CharacterView">
		<ScreenID>IW_CharacterView</ScreenID>
		<RelativePosition>true</RelativePosition>
		<Location>
			<X>166</X>
			<Y>57</Y>
		</Location>
		<Size>
			<CX>85</CX>
			<CY>168</CY>
		</Size>
		<Style_VScroll>false</Style_VScroll>
		<Style_HScroll>false</Style_HScroll>
		<Style_Transparent>false</Style_Transparent>
		<TooltipReference>Drop Item Here to Auto Equip</TooltipReference>
		<DrawTemplate>WDT_Inner</DrawTemplate>
		<Style_Titlebar>false</Style_Titlebar>
		<Style_Closebox>false</Style_Closebox>
		<Style_Minimizebox>false</Style_Minimizebox>
		<Style_Border>true</Style_Border>
		<Style_Sizable>false</Style_Sizable>
		<Pieces>ClassAnim</Pieces>
	</Screen>
	<Button item="IW_DoneButton">
		<ScreenID>DoneButton</ScreenID>
		<Font>2</Font>
		<RelativePosition>true</RelativePosition>
		<Location>
			<X>255</X>
			<Y>382</Y>
		</Location>
		<Size>
			<CX>45</CX>
			<CY>20</CY>
		</Size>
		<Style_Transparent>false</Style_Transparent>
		<!--<TooltipReference/>-->
		<Style_Checkbox>false</Style_Checkbox>
		<!--<RadioGroup/>-->
		<Text>Done</Text>
		<TextColor>
			<R>255</R>
			<G>255</G>
			<B>255</B>
		</TextColor>
		<ButtonDrawTemplate>
			<Normal>A_BtnNormal</Normal>
			<Pressed>A_BtnPressed</Pressed>
			<Flyby>A_BtnFlyby</Flyby>
			<Disabled>A_BtnDisabled</Disabled>
			<PressedFlyby>A_BtnPressedFlyby</PressedFlyby>
		</ButtonDrawTemplate>
	</Button>
	<Button item="IW_FacePick">
		<ScreenID>IW_FacePick</ScreenID>
		<Font>2</Font>
		<RelativePosition>true</RelativePosition>
		<Location>
			<X>106</X>
			<Y>382</Y>
		</Location>
		<Size>
			<CX>45</CX>
			<CY>20</CY>
		</Size>
		<Style_Transparent>false</Style_Transparent>
		<!--<TooltipReference/>-->
		<Style_Checkbox>false</Style_Checkbox>
		<!--<RadioGroup/>-->
		<Text>Face</Text>
		<TextColor>
			<R>255</R>
			<G>255</G>
			<B>255</B>
		</TextColor>
		<ButtonDrawTemplate>
			<Normal>A_BtnNormal</Normal>
			<Pressed>A_BtnPressed</Pressed>
			<Flyby>A_BtnFlyby</Flyby>
			<Disabled>A_BtnDisabled</Disabled>
			<PressedFlyby>A_BtnPressedFlyby</PressedFlyby>
		</ButtonDrawTemplate>
	</Button>
	<Button item="IW_Tinting">
		<ScreenID>IW_Tinting</ScreenID>
		<Font>2</Font>
		<RelativePosition>true</RelativePosition>
		<Location>
			<X>154</X>
			<Y>382</Y>
		</Location>
		<Size>
			<CX>45</CX>
			<CY>20</CY>
		</Size>
		<Style_Transparent>false</Style_Transparent>
		<!--<TooltipReference/>-->
		<Style_Checkbox>false</Style_Checkbox>
		<!--<RadioGroup/>-->
		<Text>Dye</Text>
		<TextColor>
			<R>255</R>
			<G>255</G>
			<B>255</B>
		</TextColor>
		<ButtonDrawTemplate>
			<Normal>A_BtnNormal</Normal>
			<Pressed>A_BtnPressed</Pressed>
			<Flyby>A_BtnFlyby</Flyby>
			<Disabled>A_BtnDisabled</Disabled>
			<PressedFlyby>A_BtnPressedFlyby</PressedFlyby>
		</ButtonDrawTemplate>
	</Button>
	<Page item="IW_InvPage">
		<ScreenID>InvPage</ScreenID>
		<RelativePosition>true</RelativePosition>
		<Style_VScroll>false</Style_VScroll>
		<Style_HScroll>false</Style_HScroll>
		<Style_Transparent>false</Style_Transparent>
		<DrawTemplate>WDT_Def</DrawTemplate>
		<TabText>Inventory</TabText>
		<TabTextColor>
			<R>255</R>
			<G>255</G>
			<B>255</B>
		</TabTextColor>
		<TabTextActiveColor>
			<R>255</R>
			<G>255</G>
			<B>0</B>
		</TabTextActiveColor>
		<Style_Sizable>true</Style_Sizable>
		<Pieces>InvSlot0</Pieces>
		<Pieces>InvSlot1</Pieces>
		<Pieces>InvSlot2</Pieces>
		<Pieces>InvSlot3</Pieces>
		<Pieces>InvSlot4</Pieces>
		<Pieces>InvSlot5</Pieces>
		<Pieces>InvSlot6</Pieces>
		<Pieces>InvSlot7</Pieces>
		<Pieces>InvSlot8</Pieces>
		<Pieces>InvSlot9</Pieces>
		<Pieces>InvSlot10</Pieces>
		<Pieces>InvSlot11</Pieces>
		<Pieces>InvSlot12</Pieces>
		<Pieces>InvSlot13</Pieces>
		<Pieces>InvSlot14</Pieces>
		<Pieces>InvSlot15</Pieces>
		<Pieces>InvSlot16</Pieces>
		<Pieces>InvSlot17</Pieces>
		<Pieces>InvSlot18</Pieces>
		<Pieces>InvSlot19</Pieces>
		<Pieces>InvSlot20</Pieces>
		<Pieces>InvSlot21</Pieces>
		<Pieces>InvSlot22</Pieces>
		<Pieces>InvSlot23</Pieces>
		<Pieces>InvSlot24</Pieces>
		<Pieces>InvSlot25</Pieces>
		<Pieces>InvSlot26</Pieces>
		<Pieces>InvSlot27</Pieces>
		<Pieces>InvSlot28</Pieces>
		<Pieces>InvSlot29</Pieces>
		<Pieces>IW_Money0</Pieces>
		<Pieces>IW_Money1</Pieces>
		<Pieces>IW_Money2</Pieces>
		<Pieces>IW_Money3</Pieces>
		<Pieces>IW_Skills</Pieces>
		<Pieces>IW_AltAdvBtn</Pieces>
		<Pieces>IW_Destroy</Pieces>
		<Pieces>IW_Name</Pieces>
		<Pieces>IW_Level</Pieces>
		<Pieces>IW_Class</Pieces>
		<Pieces>IW_Deity</Pieces>
		<Pieces>IW_HP</Pieces>
		<Pieces>IW_CurrentHP</Pieces>
		<Pieces>IW_MaxHP</Pieces>
		<Pieces>IW_HPDivider</Pieces>
		<Pieces>IW_MANA</Pieces>
		<Pieces>IW_CurrentMANA</Pieces>
		<Pieces>IW_MaxMANA</Pieces>
		<Pieces>IW_MANADivider</Pieces>
		<Pieces>IW_ENDR</Pieces>
		<Pieces>IW_CurrentENDR</Pieces>
		<Pieces>IW_MaxENDR</Pieces>
		<Pieces>IW_ENDRDivider</Pieces>
		<Pieces>IW_AC</Pieces>
		<Pieces>IW_ACNumber</Pieces>
		<Pieces>IW_ATK</Pieces>
		<Pieces>IW_ATKNumber</Pieces>
		<Pieces>IW_NextLevel</Pieces>
		<Pieces>IW_ExpGauge</Pieces>
		<Pieces>IW_STR</Pieces>
		<Pieces>IW_STRNumber</Pieces>
		<Pieces>IW_STA</Pieces>
		<Pieces>IW_STANumber</Pieces>
		<Pieces>IW_AGI</Pieces>
		<Pieces>IW_AGINumber</Pieces>
		<Pieces>IW_DEX</Pieces>
		<Pieces>IW_DEXNumber</Pieces>
		<Pieces>IW_WIS</Pieces>
		<Pieces>IW_WISNumber</Pieces>
		<Pieces>IW_INT</Pieces>
		<Pieces>IW_INTNumber</Pieces>
		<Pieces>IW_CHA</Pieces>
		<Pieces>IW_CHANumber</Pieces>
		<Pieces>IW_Poison</Pieces>
		<Pieces>IW_PoisonNumber</Pieces>
		<Pieces>IW_Magic</Pieces>
		<Pieces>IW_MagicNumber</Pieces>
		<Pieces>IW_Disease</Pieces>
		<Pieces>IW_DiseaseNumber</Pieces>
		<Pieces>IW_Fire</Pieces>
		<Pieces>IW_FireNumber</Pieces>
		<Pieces>IW_Cold</Pieces>
		<Pieces>IW_ColdNumber</Pieces>
		<Pieces>IW_Weight</Pieces>
		<Pieces>IW_CurrentWeight</Pieces>
		<Pieces>IW_WeightNumber</Pieces>
		<Pieces>IW_MaxWeight</Pieces>
		<Pieces>IW_AltAdv</Pieces>
		<Pieces>IW_AltAdvGauge</Pieces>
		<Pieces>Screen:IW_CharacterView</Pieces>
		<Pieces>IW_DoneButton</Pieces>
		<Pieces>IW_FacePick</Pieces>
		<Pieces>IW_Tinting</Pieces>
		<Pieces>IW_GoodPoints</Pieces>
		<Pieces>IW_EvilPoints</Pieces>
		<Pieces>IW_ReclaimButton</Pieces>
		<Pieces>RadiantShardsLabel</Pieces>
		<Pieces>EbonShardsLabel</Pieces>
		<Pieces>Inv_Seperator1</Pieces>
		<Pieces>Inv_Seperator2</Pieces>
		<Pieces>Inv_Seperator3</Pieces>
		<Pieces>Inv_Seperator4</Pieces>
		<Pieces>Inv_Seperator5</Pieces>
		<Location>
			<X>0</X>
			<Y>22</Y>
		</Location>
		<Size>
			<CX>388</CX>
			<CY>401</CY>
		</Size>
	</Page>
	<Listbox item="IWEI_ItemList">
		<ScreenID>EI_ItemList</ScreenID>
		<DrawTemplate>WDT_Inner</DrawTemplate>
		<AutoStretch>true</AutoStretch>
		<TopAnchorToTop>true</TopAnchorToTop>
		<BottomAnchorToTop>false</BottomAnchorToTop>
		<LeftAnchorToLeft>true</LeftAnchorToLeft>
		<RightAnchorToLeft>false</RightAnchorToLeft>
		<LeftAnchorOffset>4</LeftAnchorOffset>
		<TopAnchorOffset>4</TopAnchorOffset>
		<RightAnchorOffset>4</RightAnchorOffset>
		<BottomAnchorOffset>30</BottomAnchorOffset>
		<TextColor>
			<R>255</R>
			<G>255</G>
			<B>255</B>
		</TextColor>
		<Style_Border>true</Style_Border>
		<Style_VScroll>true</Style_VScroll>
		<Columns>
			<Width>24</Width>
			<Heading />
		</Columns>
		<Columns>
			<Width>200</Width>
			<Heading>Item Name</Heading>
		</Columns>
		<Columns>
			<Width>50</Width>
			<Heading>Level</Heading>
		</Columns>
		<Columns>
			<Width>60</Width>
			<Heading>Progress</Heading>
		</Columns>
		<Columns>
			<Width>60</Width>
			<Heading>Active</Heading>
		</Columns>
	</Listbox>
	<Button item="IWEI_ToggleButton">
		<ScreenID>EI_ToggleButton</ScreenID>
		<!--<Font>3</Font>-->
		<RelativePosition>true</RelativePosition>
		<AutoStretch>true</AutoStretch>
		<TopAnchorToTop>false</TopAnchorToTop>
		<BottomAnchorToTop>false</BottomAnchorToTop>
		<LeftAnchorToLeft>true</LeftAnchorToLeft>
		<RightAnchorToLeft>true</RightAnchorToLeft>
		<LeftAnchorOffset>4</LeftAnchorOffset>
		<TopAnchorOffset>26</TopAnchorOffset>
		<RightAnchorOffset>124</RightAnchorOffset>
		<BottomAnchorOffset>4</BottomAnchorOffset>
		<Style_Transparent>false</Style_Transparent>
		<TooltipReference>Click here to toggle whether the current item will gain experience.</TooltipReference>
		<Style_Checkbox>false</Style_Checkbox>
		<Text>Toggle Selected</Text>
		<TextColor>
			<R>255</R>
			<G>255</G>
			<B>255</B>
		</TextColor>
		<ButtonDrawTemplate>
			<Normal>A_BtnNormal</Normal>
			<Pressed>A_BtnPressed</Pressed>
			<Flyby>A_BtnFlyby</Flyby>
			<Disabled>A_BtnDisabled</Disabled>
			<PressedFlyby>A_BtnPressedFlyby</PressedFlyby>
		</ButtonDrawTemplate>
	</Button>
	<Button item="IWEI_AllOnButton">
		<ScreenID>EI_AllOnButton</ScreenID>
		<!--<Font>3</Font>-->
		<RelativePosition>true</RelativePosition>
		<AutoStretch>true</AutoStretch>
		<TopAnchorToTop>false</TopAnchorToTop>
		<BottomAnchorToTop>false</BottomAnchorToTop>
		<LeftAnchorToLeft>false</LeftAnchorToLeft>
		<RightAnchorToLeft>false</RightAnchorToLeft>
		<LeftAnchorOffset>251</LeftAnchorOffset>
		<TopAnchorOffset>26</TopAnchorOffset>
		<RightAnchorOffset>139</RightAnchorOffset>
		<BottomAnchorOffset>4</BottomAnchorOffset>
		<Style_Transparent>false</Style_Transparent>
		<TooltipReference>Click here to set all items listed to collect experience.</TooltipReference>
		<Style_Checkbox>false</Style_Checkbox>
		<Text>Activate All</Text>
		<TextColor>
			<R>255</R>
			<G>255</G>
			<B>255</B>
		</TextColor>
		<ButtonDrawTemplate>
			<Normal>A_BtnNormal</Normal>
			<Pressed>A_BtnPressed</Pressed>
			<Flyby>A_BtnFlyby</Flyby>
			<Disabled>A_BtnDisabled</Disabled>
			<PressedFlyby>A_BtnPressedFlyby</PressedFlyby>
		</ButtonDrawTemplate>
	</Button>
	<Button item="IWEI_AllOffButton">
		<ScreenID>EI_AllOffButton</ScreenID>
		<!--<Font>3</Font>-->
		<RelativePosition>true</RelativePosition>
		<AutoStretch>true</AutoStretch>
		<TopAnchorToTop>false</TopAnchorToTop>
		<BottomAnchorToTop>false</BottomAnchorToTop>
		<LeftAnchorToLeft>false</LeftAnchorToLeft>
		<RightAnchorToLeft>false</RightAnchorToLeft>
		<LeftAnchorOffset>135</LeftAnchorOffset>
		<TopAnchorOffset>26</TopAnchorOffset>
		<RightAnchorOffset>27</RightAnchorOffset>
		<BottomAnchorOffset>4</BottomAnchorOffset>
		<Style_Transparent>false</Style_Transparent>
		<TooltipReference>Click here to set all items listed to NOT collect experience.</TooltipReference>
		<Style_Checkbox>false</Style_Checkbox>
		<Text>Deactivate All</Text>
		<TextColor>
			<R>255</R>
			<G>255</G>
			<B>255</B>
		</TextColor>
		<ButtonDrawTemplate>
			<Normal>A_BtnNormal</Normal>
			<Pressed>A_BtnPressed</Pressed>
			<Flyby>A_BtnFlyby</Flyby>
			<Disabled>A_BtnDisabled</Disabled>
			<PressedFlyby>A_BtnPressedFlyby</PressedFlyby>
		</ButtonDrawTemplate>
	</Button>
	<Page item="IW_EIPage">
		<ScreenID>EIPage</ScreenID>
		<RelativePosition>true</RelativePosition>
		<Style_VScroll>false</Style_VScroll>
		<Style_HScroll>false</Style_HScroll>
		<Style_Transparent>false</Style_Transparent>
		<DrawTemplate>WDT_Def</DrawTemplate>
		<TabText>Evolving Items</TabText>
		<TabTextColor>
			<R>255</R>
			<G>255</G>
			<B>255</B>
		</TabTextColor>
		<TabTextActiveColor>
			<R>255</R>
			<G>255</G>
			<B>0</B>
		</TabTextActiveColor>
		<Style_Sizable>true</Style_Sizable>
		<Pieces>IWEI_ItemList</Pieces>
		<Pieces>IWEI_ToggleButton</Pieces>
		<Pieces>IWEI_AllOnButton</Pieces>
		<Pieces>IWEI_AllOffButton</Pieces>
		<Location>
			<X>0</X>
			<Y>22</Y>
		</Location>
		<Size>
			<CX>388</CX>
			<CY>401</CY>
		</Size>
	</Page>
	<Listbox item="ACP_ProgressionList">
		<ScreenID>ProgressionList</ScreenID>
		<DrawTemplate>WDT_Inner</DrawTemplate>
		<RelativePosition>true</RelativePosition>
		<Location>
			<X>0</X>
			<Y>0</Y>
		</Location>
		<Size>
			<CX>0</CX>
			<CY>300</CY>
		</Size>
		<TextColor>
			<R>255</R>
			<G>255</G>
			<B>255</B>
		</TextColor>
		<Style_Border>true</Style_Border>
		<Style_VScroll>true</Style_VScroll>
		<Columns>
			<Width>150</Width>
			<Heading>Progression</Heading>
		</Columns>
		<Columns>
			<Width>80</Width>
			<Heading>Unlocked</Heading>
		</Columns>
		<Columns>
			<Width>120</Width>
			<Heading>Next Class</Heading>
		</Columns>
		<Columns>
			<Width>50</Width>
			<Heading />
		</Columns>
	</Listbox>
	<STMLbox item="ACP_ProgressionInfo">
		<ScreenID>ProgressionInfo</ScreenID>
		<DrawTemplate>WDT_Inner</DrawTemplate>
		<RelativePosition>true</RelativePosition>
		<Location>
			<X>0</X>
			<Y>0</Y>
		</Location>
		<Size>
			<CX>1</CX>
			<CY>100</CY>
		</Size>
		<TextColor>
			<R>255</R>
			<G>255</G>
			<B>255</B>
		</TextColor>
		<Style_Border>true</Style_Border>
		<Style_VScroll>true</Style_VScroll>
	</STMLbox>
	<VerticalLayoutBox item="ACP_ProgressionLayout">
		<ScreenID>ProgressionTemplateDataListLayout</ScreenID>
		<DrawTemplate>WDT_Inner</DrawTemplate>
		<DrawTemplate>WDT_Inner</DrawTemplate>
		<AutoStretch>true</AutoStretch>
		<LeftAnchorOffset>4</LeftAnchorOffset>
		<TopAnchorOffset>4</TopAnchorOffset>
		<RightAnchorOffset>4</RightAnchorOffset>
		<BottomAnchorOffset>4</BottomAnchorOffset>
		<TopAnchorToTop>true</TopAnchorToTop>
		<BottomAnchorToTop>false</BottomAnchorToTop>
		<LeftAnchorToLeft>true</LeftAnchorToLeft>
		<RightAnchorToLeft>false</RightAnchorToLeft>
		<Spacing>2</Spacing>
		<Style_Border>false</Style_Border>
		<Style_VScroll>false</Style_VScroll>
		<Style_Transparent>true</Style_Transparent>
		<Pieces>ACP_ProgressionList</Pieces>
		<Pieces>ACP_ProgressionInfo</Pieces>
	</VerticalLayoutBox>
	<Page item="IW_AltCharProgPage">
		<ScreenID>AltCharProgPage</ScreenID>
		<RelativePosition>true</RelativePosition>
		<Style_VScroll>false</Style_VScroll>
		<Style_HScroll>false</Style_HScroll>
		<Style_Transparent>false</Style_Transparent>
		<DrawTemplate>WDT_Def</DrawTemplate>
		<TabText>Shroud Progression</TabText>
		<TabTextColor>
			<R>255</R>
			<G>255</G>
			<B>255</B>
		</TabTextColor>
		<TabTextActiveColor>
			<R>255</R>
			<G>255</G>
			<B>0</B>
		</TabTextActiveColor>
		<Style_Sizable>true</Style_Sizable>
		<Pieces>VerticalLayoutBox:ACP_ProgressionLayout</Pieces>
		<Location>
			<X>0</X>
			<Y>22</Y>
		</Location>
		<Size>
			<CX>388</CX>
			<CY>401</CY>
		</Size>
	</Page>
	<TabBox item="IW_Subwindows">
		<ScreenID>IW_Subwindows</ScreenID>
		<RelativePosition>true</RelativePosition>
		<AutoStretch>true</AutoStretch>
		<TopAnchorToTop>true</TopAnchorToTop>
		<BottomAnchorToTop>false</BottomAnchorToTop>
		<LeftAnchorToLeft>true</LeftAnchorToLeft>
		<RightAnchorToLeft>false</RightAnchorToLeft>
		<TabBorderTemplate>FT_DefTabBorder</TabBorderTemplate>
		<PageBorderTemplate>FT_DefPageBorder</PageBorderTemplate>
		<Pages>Page:IW_InvPage</Pages>
		<Pages>Page:IW_EIPage</Pages>
		<Pages>Page:IW_AltCharProgPage</Pages>
		<LeftAnchorOffset>1</LeftAnchorOffset>
		<RightAnchorOffset>0</RightAnchorOffset>
		<TopAnchorOffset>0</TopAnchorOffset>
		<BottomAnchorOffset>0</BottomAnchorOffset>
	</TabBox>
	<Screen item="InventoryWindow">
		<!--<ScreenID/>-->
		<RelativePosition>false</RelativePosition>
		<Location>
			<X>100</X>
			<Y>50</Y>
		</Location>
		<Size>
			<CX>428</CX>
			<CY>460</CY>
		</Size>
		<Text>Inventory</Text>
		<Style_VScroll>false</Style_VScroll>
		<Style_HScroll>false</Style_HScroll>
		<Style_Transparent>false</Style_Transparent>
		<TooltipReference>Inventory</TooltipReference>
		<DrawTemplate>WDT_Filigree</DrawTemplate>
		<Style_Titlebar>true</Style_Titlebar>
		<Style_Closebox>true</Style_Closebox>
		<Style_Minimizebox>false</Style_Minimizebox>
		<Style_Border>true</Style_Border>
		<Style_Sizable>false</Style_Sizable>
		<Pieces>IW_Subwindows</Pieces>
	</Screen>
</XML>
