<?xml version="1.0" ?> 
<XML ID="EQInterfaceDefinitionLanguage"> 
   <Schema xmlns="EverQuestData" xmlns:dt="EverQuestDataTypes" /> 
   <Button item="EXP_RESET"> 
      <ScreenID>EXPButtonRESET</ScreenID> 
      <Font>1</Font> 
      <RelativePosition>true</RelativePosition> 
      <Location> 
         <X>10</X> 
         <Y>5</Y> 
      </Location> 
      <Size> 
         <CX>35</CX> 
         <CY>14</CY> 
      </Size> 
      <Style_Transparent>false</Style_Transparent> 
      <!--<TooltipReference/>--> 
      <Style_Checkbox>false</Style_Checkbox> 
      <!--<RadioGroup/>--> 
      <Text>Reset</Text> 
      <TextColor> 
         <R>255</R> 
         <G>255</G> 
         <B>255</B> 
      </TextColor> 
      <ButtonDrawTemplate> 
         <Normal>A_BtnNormal</Normal> 
         <Pressed>A_BtnPressed</Pressed> 
         <Flyby>A_BtnFlyby</Flyby> 
         <Disabled>A_BtnDisabled</Disabled> 
         <PressedFlyby>A_BtnPressedFlyby</PressedFlyby> 
      </ButtonDrawTemplate> 
   </Button> 
   <!-- Label Version --> 
   <Label item="EXPLabelRegExp"> 
      <ScreenID>EXPLabelRegExpID</ScreenID> 
      <Font>2</Font> 
      <RelativePosition>true</RelativePosition> 
      <Location> 
         <X>10</X> 
         <Y>26</Y> 
      </Location> 
      <Size> 
         <CX>40</CX> 
         <CY>14</CY> 
      </Size> 
      <Text>Reg</Text> 
      <TextColor> 
         <R>255</R> 
         <G>255</G> 
         <B>255</B> 
      </TextColor> 
      <NoWrap>true</NoWrap> 
      <AlignCenter>false</AlignCenter> 
      <AlignRight>false</AlignRight> 
   </Label> 
   <Label item="EXPLabelAAExp"> 
      <ScreenID>EXPLabelAAExpID</ScreenID> 
      <Font>2</Font> 
      <RelativePosition>true</RelativePosition> 
      <Location> 
         <X>10</X> 
         <Y>40</Y> 
      </Location> 
      <Size> 
         <CX>40</CX> 
         <CY>14</CY> 
      </Size> 
      <Text>AA</Text> 
      <TextColor> 
         <R>255</R> 
         <G>255</G> 
         <B>255</B> 
      </TextColor> 
      <NoWrap>true</NoWrap> 
      <AlignCenter>false</AlignCenter> 
      <AlignRight>false</AlignRight> 
   </Label> 
   <Label item="EXPLabelGroupExp"> 
      <ScreenID>EXPLabelGroupExpID</ScreenID> 
      <Font>2</Font> 
      <RelativePosition>true</RelativePosition> 
      <Location> 
         <X>10</X> 
         <Y>54</Y> 
      </Location> 
      <Size> 
         <CX>40</CX> 
         <CY>14</CY> 
      </Size> 
      <Text>Group</Text> 
      <TextColor> 
         <R>255</R> 
         <G>255</G> 
         <B>255</B> 
      </TextColor> 
      <NoWrap>true</NoWrap> 
      <AlignCenter>false</AlignCenter> 
      <AlignRight>false</AlignRight> 
   </Label> 
   <Label item="EXPLabelRaidExp"> 
      <ScreenID>EXPLabelRaidExpID</ScreenID> 
      <Font>2</Font> 
      <RelativePosition>true</RelativePosition> 
      <Location> 
         <X>10</X> 
         <Y>68</Y> 
      </Location> 
      <Size> 
         <CX>40</CX> 
         <CY>14</CY> 
      </Size> 
      <Text>Raid</Text> 
      <TextColor> 
         <R>255</R> 
         <G>255</G> 
         <B>255</B> 
      </TextColor> 
      <NoWrap>true</NoWrap> 
      <AlignCenter>false</AlignCenter> 
      <AlignRight>false</AlignRight> 
   </Label> 
   <Label item="EXPLabelLast"> 
      <ScreenID>EXPLabelLastID</ScreenID> 
      <Font>2</Font> 
      <RelativePosition>true</RelativePosition> 
      <Location> 
         <X>40</X> 
         <Y>6</Y> 
      </Location> 
      <Size> 
         <CX>40</CX> 
         <CY>14</CY> 
      </Size> 
      <Text>Last</Text> 
      <TextColor> 
         <R>255</R> 
         <G>255</G> 
         <B>255</B> 
      </TextColor> 
      <NoWrap>true</NoWrap> 
      <AlignCenter>true</AlignCenter> 
      <AlignRight>false</AlignRight> 
   </Label> 
   <Label item="EXPLabelTotal"> 
      <ScreenID>EXPLabelTotalID</ScreenID> 
      <Font>2</Font> 
      <RelativePosition>true</RelativePosition> 
      <Location> 
         <X>70</X> 
         <Y>6</Y> 
      </Location> 
      <Size> 
         <CX>40</CX> 
         <CY>14</CY> 
      </Size> 
      <Text>Total</Text> 
      <TextColor> 
         <R>255</R> 
         <G>255</G> 
         <B>255</B> 
      </TextColor> 
      <NoWrap>true</NoWrap> 
      <AlignCenter>true</AlignCenter> 
      <AlignRight>false</AlignRight> 
   </Label> 
   <Label item="EXPLabelETD"> 
      <ScreenID>EXPLabelETDID</ScreenID> 
      <Font>2</Font> 
      <RelativePosition>true</RelativePosition> 
      <Location> 
         <X>100</X> 
         <Y>6</Y> 
      </Location> 
      <Size> 
         <CX>105</CX> 
         <CY>14</CY> 
      </Size> 
      <Text>ETD</Text> 
      <TextColor> 
         <R>255</R> 
         <G>255</G> 
         <B>255</B> 
      </TextColor> 
      <NoWrap>true</NoWrap> 
      <AlignCenter>true</AlignCenter> 
      <AlignRight>false</AlignRight> 
   </Label> 
   <Label item="ExpLabelLastReg"> 
      <ScreenID>ExpLabelLastRegID</ScreenID> 
      <Font>2</Font> 
      <EQType>9999</EQType> 
      <TooltipReference>${Exp.Last}</TooltipReference> 
      <RelativePosition>true</RelativePosition> 
      <Location> 
         <X>40</X> 
         <Y>26</Y> 
      </Location> 
      <Size> 
         <CX>40</CX> 
         <CY>14</CY> 
      </Size> 
      <Text>0.0%</Text> 
      <TextColor> 
         <R>255</R> 
         <G>255</G> 
         <B>255</B> 
      </TextColor> 
      <NoWrap>true</NoWrap> 
      <AlignCenter>true</AlignCenter> 
      <AlignRight>false</AlignRight> 
   </Label> 
   <Label item="ExpLabelTotalReg"> 
      <ScreenID>ExpLabelTotalRegID</ScreenID> 
      <Font>2</Font> 
      <EQType>9999</EQType> 
      <TooltipReference>${Exp.Total}</TooltipReference> 
      <RelativePosition>true</RelativePosition> 
      <Location> 
         <X>70</X> 
         <Y>26</Y> 
      </Location> 
      <Size> 
         <CX>40</CX> 
         <CY>14</CY> 
      </Size> 
      <Text>0.0%</Text> 
      <TextColor> 
         <R>255</R> 
         <G>255</G> 
         <B>255</B> 
      </TextColor> 
      <NoWrap>true</NoWrap> 
      <AlignCenter>true</AlignCenter> 
      <AlignRight>false</AlignRight> 
   </Label> 
   <Label item="ExpLabelETDReg"> 
      <ScreenID>ExpLabelETDRegID</ScreenID> 
      <Font>2</Font> 
      <EQType>9999</EQType> 
      <TooltipReference>${Exp.ETD}</TooltipReference> 
      <RelativePosition>true</RelativePosition> 
      <Location> 
         <X>100</X> 
         <Y>26</Y> 
      </Location> 
      <Size> 
         <CX>105</CX> 
         <CY>14</CY> 
      </Size> 
      <Text>60 minutes 60 seconds</Text> 
      <TextColor> 
         <R>255</R> 
         <G>255</G> 
         <B>255</B> 
      </TextColor> 
      <NoWrap>true</NoWrap> 
      <AlignCenter>true</AlignCenter> 
      <AlignRight>false</AlignRight> 
   </Label> 
   <Label item="ExpLabelLastAA"> 
      <ScreenID>ExpLabelLastAAID</ScreenID> 
      <Font>2</Font> 
      <EQType>9999</EQType> 
      <TooltipReference>${Exp.LastAA}</TooltipReference> 
      <RelativePosition>true</RelativePosition> 
      <Location> 
         <X>40</X> 
         <Y>40</Y> 
      </Location> 
      <Size> 
         <CX>40</CX> 
         <CY>14</CY> 
      </Size> 
      <Text>0.0%</Text> 
      <TextColor> 
         <R>255</R> 
         <G>255</G> 
         <B>255</B> 
      </TextColor> 
      <NoWrap>true</NoWrap> 
      <AlignCenter>true</AlignCenter> 
      <AlignRight>false</AlignRight> 
   </Label> 
   <Label item="ExpLabelTotalAA"> 
      <ScreenID>ExpLabelTotalAAID</ScreenID> 
      <Font>2</Font> 
      <EQType>9999</EQType> 
      <TooltipReference>${Exp.TotalAA}</TooltipReference> 
      <RelativePosition>true</RelativePosition> 
      <Location> 
         <X>70</X> 
         <Y>40</Y> 
      </Location> 
      <Size> 
         <CX>40</CX> 
         <CY>14</CY> 
      </Size> 
      <Text>0.0%</Text> 
      <TextColor> 
         <R>255</R> 
         <G>255</G> 
         <B>255</B> 
      </TextColor> 
      <NoWrap>true</NoWrap> 
      <AlignCenter>true</AlignCenter> 
      <AlignRight>false</AlignRight> 
   </Label> 
   <Label item="ExpLabelETDAA"> 
      <ScreenID>ExpLabelETDAAID</ScreenID> 
      <Font>2</Font> 
      <EQType>9999</EQType> 
      <TooltipReference>${Exp.ETDAA}</TooltipReference> 
      <RelativePosition>true</RelativePosition> 
      <Location> 
         <X>100</X> 
         <Y>40</Y> 
      </Location> 
      <Size> 
         <CX>105</CX> 
         <CY>14</CY> 
      </Size> 
      <Text>60 minutes 60 seconds</Text> 
      <TextColor> 
         <R>255</R> 
         <G>255</G> 
         <B>255</B> 
      </TextColor> 
      <NoWrap>true</NoWrap> 
      <AlignCenter>true</AlignCenter> 
      <AlignRight>false</AlignRight> 
   </Label> 
   <Label item="ExpLabelLastGroup"> 
      <ScreenID>ExpLabelLastGroupID</ScreenID> 
      <Font>2</Font> 
      <EQType>9999</EQType> 
      <TooltipReference>${Exp.LastGroup}</TooltipReference> 
      <RelativePosition>true</RelativePosition> 
      <Location> 
         <X>40</X> 
         <Y>54</Y> 
      </Location> 
      <Size> 
         <CX>40</CX> 
         <CY>14</CY> 
      </Size> 
      <Text>0.0%</Text> 
      <TextColor> 
         <R>255</R> 
         <G>255</G> 
         <B>255</B> 
      </TextColor> 
      <NoWrap>true</NoWrap> 
      <AlignCenter>true</AlignCenter> 
      <AlignRight>false</AlignRight> 
   </Label> 
   <Label item="ExpLabelTotalGroup"> 
      <ScreenID>ExpLabelTotalGroupID</ScreenID> 
      <Font>2</Font> 
      <EQType>9999</EQType> 
      <TooltipReference>${Exp.TotalGroup}</TooltipReference> 
      <RelativePosition>true</RelativePosition> 
      <Location> 
         <X>70</X> 
         <Y>54</Y> 
      </Location> 
      <Size> 
         <CX>40</CX> 
         <CY>14</CY> 
      </Size> 
      <Text>0.0%</Text> 
      <TextColor> 
         <R>255</R> 
         <G>255</G> 
         <B>255</B> 
      </TextColor> 
      <NoWrap>true</NoWrap> 
      <AlignCenter>true</AlignCenter> 
      <AlignRight>false</AlignRight> 
   </Label> 
   <Label item="ExpLabelETDGroup"> 
      <ScreenID>ExpLabelETDGroupID</ScreenID> 
      <Font>2</Font> 
      <EQType>9999</EQType> 
      <TooltipReference>${Exp.ETDGroup}</TooltipReference> 
      <RelativePosition>true</RelativePosition> 
      <Location> 
         <X>100</X> 
         <Y>54</Y> 
      </Location> 
      <Size> 
         <CX>105</CX> 
         <CY>14</CY> 
      </Size> 
      <Text>60 minutes 60 seconds</Text> 
      <TextColor> 
         <R>255</R> 
         <G>255</G> 
         <B>255</B> 
      </TextColor> 
      <NoWrap>true</NoWrap> 
      <AlignCenter>true</AlignCenter> 
      <AlignRight>false</AlignRight> 
   </Label> 
   <Label item="ExpLabelLastRaid"> 
      <ScreenID>ExpLabelLastRaidID</ScreenID> 
      <Font>2</Font> 
      <EQType>9999</EQType> 
      <TooltipReference>${Exp.LastRaid}</TooltipReference> 
      <RelativePosition>true</RelativePosition> 
      <Location> 
         <X>40</X> 
         <Y>68</Y> 
      </Location> 
      <Size> 
         <CX>40</CX> 
         <CY>14</CY> 
      </Size> 
      <Text>0.0%</Text> 
      <TextColor> 
         <R>255</R> 
         <G>255</G> 
         <B>255</B> 
      </TextColor> 
      <NoWrap>true</NoWrap> 
      <AlignCenter>true</AlignCenter> 
      <AlignRight>false</AlignRight> 
   </Label> 
   <Label item="ExpLabelTotalRaid"> 
      <ScreenID>ExpLabelTotalRaidID</ScreenID> 
      <Font>2</Font> 
      <EQType>9999</EQType> 
      <TooltipReference>${Exp.TotalRaid}</TooltipReference> 
      <RelativePosition>true</RelativePosition> 
      <Location> 
         <X>70</X> 
         <Y>68</Y> 
      </Location> 
      <Size> 
         <CX>40</CX> 
         <CY>14</CY> 
      </Size> 
      <Text>0.0%</Text> 
      <TextColor> 
         <R>255</R> 
         <G>255</G> 
         <B>255</B> 
      </TextColor> 
      <NoWrap>true</NoWrap> 
      <AlignCenter>true</AlignCenter> 
      <AlignRight>false</AlignRight> 
   </Label> 
   <Label item="ExpLabelETDRaid"> 
      <ScreenID>ExpLabelETDRaidID</ScreenID> 
      <Font>2</Font> 
      <EQType>9999</EQType> 
      <TooltipReference>${Exp.ETDRaid}</TooltipReference> 
      <RelativePosition>true</RelativePosition> 
      <Location> 
         <X>100</X> 
         <Y>68</Y> 
      </Location> 
      <Size> 
         <CX>105</CX> 
         <CY>14</CY> 
      </Size> 
      <Text>60 minutes 60 seconds</Text> 
      <TextColor> 
         <R>255</R> 
         <G>255</G> 
         <B>255</B> 
      </TextColor> 
      <NoWrap>true</NoWrap> 
      <AlignCenter>true</AlignCenter> 
      <AlignRight>false</AlignRight> 
   </Label> 
   <Screen item="ExpWindow"> 
      <!--<ScreenID/>--> 
      <RelativePosition>false</RelativePosition> 
      <Location> 
         <X>0</X> 
         <Y>0</Y> 
      </Location> 
      <Size> 
         <CX>210</CX> 
         <CY>85</CY> 
      </Size> 
      <Text>MQ2Exptrack</Text> 
      <Style_VScroll>false</Style_VScroll> 
      <Style_HScroll>false</Style_HScroll> 
      <Style_Transparent>false</Style_Transparent> 
      <DrawTemplate>WDT_Def</DrawTemplate> 
      <Style_Titlebar>true</Style_Titlebar> 
      <Style_Closebox>true</Style_Closebox> 
      <Style_Minimizebox>true</Style_Minimizebox> 
      <Style_Border>true</Style_Border> 
      <Style_Sizable>true</Style_Sizable> 
      <Pieces>EXP_RESET</Pieces> 
      <Pieces>EXPLabelRegExp</Pieces> 
      <Pieces>EXPLabelAAExp</Pieces> 
      <Pieces>EXPLabelGroupExp</Pieces> 
      <Pieces>EXPLabelRaidExp</Pieces> 
      <Pieces>EXPLabelETD</Pieces> 
      <Pieces>EXPLabelLast</Pieces> 
      <Pieces>EXPLabelTotal</Pieces> 
      <Pieces>ExpLabelLastReg</Pieces> 
      <Pieces>ExpLabelTotalReg</Pieces> 
      <Pieces>ExpLabelETDReg</Pieces> 
      <Pieces>ExpLabelLastAA</Pieces> 
      <Pieces>ExpLabelTotalAA</Pieces> 
      <Pieces>ExpLabelETDAA</Pieces> 
      <Pieces>ExpLabelLastGroup</Pieces> 
      <Pieces>ExpLabelTotalGroup</Pieces> 
      <Pieces>ExpLabelETDGroup</Pieces> 
      <Pieces>ExpLabelLastRaid</Pieces> 
      <Pieces>ExpLabelTotalRaid</Pieces> 
      <Pieces>ExpLabelETDRaid</Pieces> 
   </Screen> 
</XML> 
