<?xml version="1.0" encoding="us-ascii"?>
<XML ID="EQInterfaceDefinitionLanguage">
	<Schema xmlns="EverQuestData" xmlns:dt="EverQuestDataTypes" />
	
	<STMLbox item = "SW_Input">
		<ScreenID>SW_Input</ScreenID>
		<DrawTemplate>WDT_Inner</DrawTemplate>
		<Style_VScroll>false</Style_VScroll>
		<Style_HScroll>false</Style_HScroll>
		<RelativePosition>true</RelativePosition>
		<TooltipReference>Status</TooltipReference>
		<Style_Border>true</Style_Border>

		<AutoStretch>true</AutoStretch>
		<RightAnchorToLeft>false</RightAnchorToLeft>
		<BottomAnchorToTop>false</BottomAnchorToTop>
		<LeftAnchorOffset>4</LeftAnchorOffset>
		<TopAnchorOffset>4</TopAnchorOffset>
		<RightAnchorOffset>4</RightAnchorOffset>
		<BottomAnchorOffset>4</BottomAnchorOffset>

		<TextColor><R>255</R><G>255</G><B>255</B></TextColor>
		<Style_Multiline>true</Style_Multiline>
	</STMLbox>

	<Screen item="StatusWnd">
		<RelativePosition>false</RelativePosition>
		<Location>
			<X>120</X>
			<Y>445</Y>
		</Location>
		<Size>
			<CX>300</CX>
			<CY>200</CY>
		</Size>
		<Style_VScroll>false</Style_VScroll>
		<Style_HScroll>false</Style_HScroll>
		<Style_Transparent>false</Style_Transparent>
		<TooltipReference />
		<Text>Status</Text>
		<DrawTemplate>WDT_Rounded</DrawTemplate>
		<Style_Titlebar>true</Style_Titlebar>
		<Style_Closebox>false</Style_Closebox>
		<Style_Minimizebox>false</Style_Minimizebox>
		<Style_Border>true</Style_Border>
		<Style_Sizable>false</Style_Sizable>
		<Pieces>SW_Input</Pieces>
	</Screen>
	
</XML>
