<?xml version = "1.0"?> 
<XML ID = "EQInterfaceDefinitionLanguage"> 
<Schema xmlns = "EverQuestData" xmlns:dt = "EverQuestDataTypes"/> 

	<Combobox item="CS_ServerList">
		<ScreenID>CS_ServerList</ScreenID>
		<Font>2</Font>
		<DrawTemplate>WDT_Inner</DrawTemplate>
		<Location> 
			<X>2</X> 
			<Y>5</Y> 
		</Location> 
		<Size> 
			<CX>75</CX> 
			<CY>20</CY> 
		</Size> 
	
		<ListHeight>60</ListHeight>
		<Button>BDT_Combo</Button>
		<Style_Border>true</Style_Border>
		<TextColor>
		      <R>255</R>
		      <G>255</G>
		      <B>255</B>
		</TextColor>
	 </Combobox>
	 
	<Combobox item="CS_SearchType">
		<ScreenID>CS_SearchType</ScreenID>
		<Font>2</Font>
		<DrawTemplate>WDT_Inner</DrawTemplate>
		<Location> 
			<X>79</X> 
			<Y>5</Y> 
		</Location> 
		<Size> 
			<CX>60</CX> 
			<CY>20</CY> 
		</Size> 
		<TextColor>
		      <R>255</R>
		      <G>255</G>
		      <B>255</B>
		</TextColor>
		<ListHeight>63</ListHeight>
		<Button>BDT_Combo</Button>
		<Style_Border>true</Style_Border>
	</Combobox>
	 
	<Combobox item="CS_Partial">
		<ScreenID>CS_Partial</ScreenID>
		<Font>2</Font>
		<DrawTemplate>WDT_Inner</DrawTemplate>
		<Location> 
			<X>141</X> 
			<Y>5</Y> 
		</Location> 
		<Size> 
			<CX>50</CX> 
			<CY>20</CY> 
		</Size> 
	
		<ListHeight>63</ListHeight>
		<Button>BDT_Combo</Button>
		<Style_Border>true</Style_Border>
		<TextColor>
		      <R>255</R>
		      <G>255</G>
		      <B>255</B>
		</TextColor>
	</Combobox>
	
	<Editbox item="CS_Name">
		<ScreenID>CS_Name</ScreenID>
		<DrawTemplate>WDT_Inner</DrawTemplate>
		<Style_Border>true</Style_Border>
		<Font>3</Font>
		<TextColor><R>255</R><G>255</G><B>255</B></TextColor>
		<RelativePosition>true</RelativePosition> 
		<AutoStretch>true</AutoStretch>
		<LeftAnchorOffset>193</LeftAnchorOffset>
		<TopAnchorOffset>5</TopAnchorOffset>
		<RightAnchorOffset>152</RightAnchorOffset>
		<BottomAnchorOffset>25</BottomAnchorOffset>
		<TopAnchorToTop>true</TopAnchorToTop>
		<BottomAnchorToTop>true</BottomAnchorToTop>
		<LeftAnchorToLeft>true</LeftAnchorToLeft>
		<RightAnchorToLeft>false</RightAnchorToLeft>
	</Editbox>
	
	<Button item = "CS_Search"> 
		<ScreenID>CS_Search</ScreenID> 
		<Font>2</Font>
		<Style_VScroll>false</Style_VScroll>
		<Style_HScroll>false</Style_HScroll>
		<Style_Transparent>false</Style_Transparent>
		<Style_Checkbox>false</Style_Checkbox>
		<Text>Search</Text> 
		<TextColor><R>255</R><G>255</G><B>255</B></TextColor>
		<ButtonDrawTemplate>
			<Normal>A_SmallBtnNormal</Normal>
			<Pressed>A_SmallBtnPressed</Pressed>
			<Flyby>A_SmallBtnFlyby</Flyby>
			<Disabled>A_SmallBtnDisabled</Disabled>
			<PressedFlyby>A_SmallBtnPressedFlyby</PressedFlyby>
		</ButtonDrawTemplate>
		<RelativePosition>true</RelativePosition> 
		<AutoStretch>true</AutoStretch>
		<LeftAnchorOffset>150</LeftAnchorOffset>
		<TopAnchorOffset>5</TopAnchorOffset>
		<RightAnchorOffset>77</RightAnchorOffset>
		<BottomAnchorOffset>25</BottomAnchorOffset>
		<TopAnchorToTop>true</TopAnchorToTop>
		<BottomAnchorToTop>true</BottomAnchorToTop>
		<LeftAnchorToLeft>false</LeftAnchorToLeft>
		<RightAnchorToLeft>false</RightAnchorToLeft>
	</Button>
	
	<Button item = "CS_Clear"> 
		<ScreenID>CS_Clear</ScreenID> 
		<Font>2</Font>
		<Style_VScroll>false</Style_VScroll>
		<Style_HScroll>false</Style_HScroll>
		<Style_Transparent>false</Style_Transparent>
		<Style_Checkbox>false</Style_Checkbox>
		<Text>Clear</Text> 
		<TextColor><R>255</R><G>255</G><B>255</B></TextColor>
		<ButtonDrawTemplate>
			<Normal>A_SmallBtnNormal</Normal>
			<Pressed>A_SmallBtnPressed</Pressed>
			<Flyby>A_SmallBtnFlyby</Flyby>
			<Disabled>A_SmallBtnDisabled</Disabled>
			<PressedFlyby>A_SmallBtnPressedFlyby</PressedFlyby>
		</ButtonDrawTemplate>
		<RelativePosition>true</RelativePosition> 
		<AutoStretch>true</AutoStretch>
		<LeftAnchorOffset>75</LeftAnchorOffset>
		<TopAnchorOffset>5</TopAnchorOffset>
		<RightAnchorOffset>2</RightAnchorOffset>
		<BottomAnchorOffset>25</BottomAnchorOffset>
		<TopAnchorToTop>true</TopAnchorToTop>
		<BottomAnchorToTop>true</BottomAnchorToTop>
		<LeftAnchorToLeft>false</LeftAnchorToLeft>
		<RightAnchorToLeft>false</RightAnchorToLeft>
	</Button>
	
	<Listbox item = "CS_CharList"> 
		<ScreenID>CS_CharList</ScreenID> 
		<DrawTemplate>WDT_Inner</DrawTemplate>
		<Style_Border>true</Style_Border>
		<Style_VScroll>true</Style_VScroll>
		<Font>3</Font>
		<Columns><Width>60</Width><Heading>ID</Heading></Columns>
		<Columns><Width>120</Width><Heading>Characters</Heading></Columns>
		<Columns><Width>120</Width><Heading>Account</Heading></Columns>
		<Columns><Width>75</Width><Heading>Status</Heading></Columns>
		<Columns><Width>40</Width><Heading>Level</Heading></Columns>
		<Columns><Width>85</Width><Heading>Class</Heading></Columns>
		<Columns><Width>60</Width><Heading>Last On</Heading></Columns>
		<Columns><Width>200</Width><Heading>Guild</Heading></Columns>
		<AutoStretch>true</AutoStretch>
		<LeftAnchorOffset>0</LeftAnchorOffset>
		<TopAnchorOffset>0</TopAnchorOffset>
		<RightAnchorOffset>0</RightAnchorOffset>
		<BottomAnchorOffset>17</BottomAnchorOffset>
		<TopAnchorToTop>true</TopAnchorToTop>
		<BottomAnchorToTop>false</BottomAnchorToTop>
		<LeftAnchorToLeft>true</LeftAnchorToLeft>
		<RightAnchorToLeft>false</RightAnchorToLeft>
		<!-- <RelativePosition>true</RelativePosition>  -->
		<!-- <AutoStretch>true</AutoStretch> -->
	</Listbox>
	
	<Button item = "CS_DetailsChar"> 
		<ScreenID>CS_DetailsChar</ScreenID> 
		<Font>2</Font>
		<Style_VScroll>false</Style_VScroll>
		<Style_HScroll>false</Style_HScroll>
		<Style_Transparent>false</Style_Transparent>
		<Style_Checkbox>false</Style_Checkbox>
		<Text>Details</Text> 
		<TextColor><R>255</R><G>255</G><B>255</B></TextColor>
		<ButtonDrawTemplate>
			<Normal>A_SmallBtnNormal</Normal>
			<Pressed>A_SmallBtnPressed</Pressed>
			<Flyby>A_SmallBtnFlyby</Flyby>
			<Disabled>A_SmallBtnDisabled</Disabled>
			<PressedFlyby>A_SmallBtnPressedFlyby</PressedFlyby>
		</ButtonDrawTemplate>
		<AutoStretch>true</AutoStretch>
		<LeftAnchorOffset>0</LeftAnchorOffset>
		<TopAnchorOffset>15</TopAnchorOffset>
		<RightAnchorOffset>65</RightAnchorOffset>
		<BottomAnchorOffset>0</BottomAnchorOffset>
		<TopAnchorToTop>false</TopAnchorToTop>
		<BottomAnchorToTop>false</BottomAnchorToTop>
		<LeftAnchorToLeft>true</LeftAnchorToLeft>
		<RightAnchorToLeft>true</RightAnchorToLeft>
	</Button>
	
	<Button item = "CS_Logchar"> 
		<ScreenID>CS_Logchar</ScreenID> 
		<Font>2</Font>
		<Style_VScroll>false</Style_VScroll>
		<Style_HScroll>false</Style_HScroll>
		<Style_Transparent>false</Style_Transparent>
		<Style_Checkbox>false</Style_Checkbox>
		<Text>Logchar</Text> 
		<TextColor><R>255</R><G>255</G><B>255</B></TextColor>
		<ButtonDrawTemplate>
			<Normal>A_SmallBtnNormal</Normal>
			<Pressed>A_SmallBtnPressed</Pressed>
			<Flyby>A_SmallBtnFlyby</Flyby>
			<Disabled>A_SmallBtnDisabled</Disabled>
			<PressedFlyby>A_SmallBtnPressedFlyby</PressedFlyby>
		</ButtonDrawTemplate>
		<AutoStretch>true</AutoStretch>
		<LeftAnchorOffset>67</LeftAnchorOffset>
		<TopAnchorOffset>15</TopAnchorOffset>
		<RightAnchorOffset>132</RightAnchorOffset>
		<BottomAnchorOffset>0</BottomAnchorOffset>
		<TopAnchorToTop>false</TopAnchorToTop>
		<BottomAnchorToTop>false</BottomAnchorToTop>
		<LeftAnchorToLeft>true</LeftAnchorToLeft>
		<RightAnchorToLeft>true</RightAnchorToLeft>
	</Button>
	
	<Combobox item = "CS_CharListOrder">
		<ScreenID>CS_CharListOrder</ScreenID> 
		<Font>2</Font>
		<DrawTemplate>WDT_Inner</DrawTemplate>
		<ListHeight>60</ListHeight>
		<Button>BDT_Combo</Button>
		<Style_Border>true</Style_Border>
		<TextColor><R>255</R><G>255</G><B>255</B></TextColor>
		<RelativePosition>true</RelativePosition> 
		<AutoStretch>true</AutoStretch>
		<LeftAnchorOffset>117</LeftAnchorOffset>
		<TopAnchorOffset>15</TopAnchorOffset>
		<RightAnchorOffset>17</RightAnchorOffset>
		<BottomAnchorOffset>0</BottomAnchorOffset>
		<TopAnchorToTop>false</TopAnchorToTop>
		<BottomAnchorToTop>false</BottomAnchorToTop>
		<LeftAnchorToLeft>false</LeftAnchorToLeft>
		<RightAnchorToLeft>false</RightAnchorToLeft>
	</Combobox>
	
	<Button item = "CS_CharListOrderDesc">
		<ScreenID>CS_CharListOrderDesc</ScreenID>
		<RelativePosition>true</RelativePosition> 
		<AutoStretch>true</AutoStretch>
		<LeftAnchorOffset>15</LeftAnchorOffset>
		<TopAnchorOffset>15</TopAnchorOffset>
		<RightAnchorOffset>0</RightAnchorOffset>
		<BottomAnchorOffset>0</BottomAnchorOffset>
		<TopAnchorToTop>false</TopAnchorToTop>
		<BottomAnchorToTop>false</BottomAnchorToTop>
		<LeftAnchorToLeft>false</LeftAnchorToLeft>
		<RightAnchorToLeft>false</RightAnchorToLeft>
		<Style_Transparent>false</Style_Transparent>
		<Style_Checkbox>true</Style_Checkbox>
		<Text></Text>
		<TextColor><R>255</R><G>255</G><B>255</B></TextColor>
		<ButtonDrawTemplate>
			<Normal>A_CheckBoxNormal</Normal>
			<Pressed>A_CheckBoxPressed</Pressed>
		</ButtonDrawTemplate>
	</Button>
	
	<Screen item = "CS_CharListPage">
		<ScreenID>CS_CharListPage</ScreenID>
		<!--<Font/>-->
		<Location>
			<X>0</X>
			<Y>0</Y>
		</Location>
		<Size>
			<CX>200</CX>
			<CY>150</CY>
		</Size>
		<Style_VScroll>false</Style_VScroll>
		<Style_Transparent>true</Style_Transparent>
		<DrawTemplate>WDT_Inner</DrawTemplate>
		<Style_Titlebar>false</Style_Titlebar>
		<Style_Closebox>false</Style_Closebox>
		<Style_Minimizebox>false</Style_Minimizebox>
		<Style_Border>false</Style_Border>
		<Style_Sizable>false</Style_Sizable>
		<!-- <RelativePosition>false</RelativePosition> -->
		<!-- <AutoStretch>false</AutoStretch> -->
		<Pieces>CS_CharList</Pieces>
		<Pieces>CS_DetailsChar</Pieces>
		<Pieces>CS_Logchar</Pieces>
		<Pieces>CS_CharListOrder</Pieces>
		<Pieces>CS_CharListOrderDesc</Pieces>
	</Screen>
	
	<Listbox item = "CS_AccList"> 
		<ScreenID>CS_AccList</ScreenID> 
		<DrawTemplate>WDT_Inner</DrawTemplate>
		<Style_Border>true</Style_Border>
		<Style_VScroll>true</Style_VScroll>
		<Font>3</Font>
		<Columns><Sortable>true</Sortable><Width>60</Width><Heading>ID</Heading></Columns>
		<Columns><Sortable>true</Sortable><Width>120</Width><Heading>Accounts</Heading></Columns>
		<Columns><Sortable>true</Sortable><Width>75</Width><Heading>Status</Heading></Columns>
		<Columns><Sortable>true</Sortable><Width>150</Width><Heading>Last Character</Heading></Columns>
		<Columns><Sortable>true</Sortable><Width>75</Width><Heading>Last On</Heading></Columns>
		<AutoStretch>true</AutoStretch>
		<LeftAnchorOffset>0</LeftAnchorOffset>
		<TopAnchorOffset>0</TopAnchorOffset>
		<RightAnchorOffset>0</RightAnchorOffset>
		<BottomAnchorOffset>17</BottomAnchorOffset>
		<TopAnchorToTop>true</TopAnchorToTop>
		<BottomAnchorToTop>false</BottomAnchorToTop>
		<LeftAnchorToLeft>true</LeftAnchorToLeft>
		<RightAnchorToLeft>false</RightAnchorToLeft>
		<!-- <RelativePosition>true</RelativePosition>  -->
		<!-- <AutoStretch>true</AutoStretch> -->
	</Listbox>
	
	<Button item = "CS_DetailsAcc"> 
		<ScreenID>CS_DetailsAcc</ScreenID> 
		<Font>2</Font>
		<Style_VScroll>false</Style_VScroll>
		<Style_HScroll>false</Style_HScroll>
		<Style_Transparent>false</Style_Transparent>
		<Style_Checkbox>false</Style_Checkbox>
		<Text>Details</Text> 
		<TextColor><R>255</R><G>255</G><B>255</B></TextColor>
		<ButtonDrawTemplate>
			<Normal>A_SmallBtnNormal</Normal>
			<Pressed>A_SmallBtnPressed</Pressed>
			<Flyby>A_SmallBtnFlyby</Flyby>
			<Disabled>A_SmallBtnDisabled</Disabled>
			<PressedFlyby>A_SmallBtnPressedFlyby</PressedFlyby>
		</ButtonDrawTemplate>
		<AutoStretch>true</AutoStretch>
		<LeftAnchorOffset>0</LeftAnchorOffset>
		<TopAnchorOffset>15</TopAnchorOffset>
		<RightAnchorOffset>65</RightAnchorOffset>
		<BottomAnchorOffset>0</BottomAnchorOffset>
		<TopAnchorToTop>false</TopAnchorToTop>
		<BottomAnchorToTop>false</BottomAnchorToTop>
		<LeftAnchorToLeft>true</LeftAnchorToLeft>
		<RightAnchorToLeft>true</RightAnchorToLeft>
	</Button>
	
	<Combobox item = "CS_AccListOrder">
		<ScreenID>CS_AccListOrder</ScreenID> 
		<Font>2</Font>
		<DrawTemplate>WDT_Inner</DrawTemplate>
		<ListHeight>60</ListHeight>
		<Button>BDT_Combo</Button>
		<Style_Border>true</Style_Border>
		<TextColor><R>255</R><G>255</G><B>255</B></TextColor>
		<RelativePosition>true</RelativePosition> 
		<AutoStretch>true</AutoStretch>
		<LeftAnchorOffset>117</LeftAnchorOffset>
		<TopAnchorOffset>15</TopAnchorOffset>
		<RightAnchorOffset>17</RightAnchorOffset>
		<BottomAnchorOffset>0</BottomAnchorOffset>
		<TopAnchorToTop>false</TopAnchorToTop>
		<BottomAnchorToTop>false</BottomAnchorToTop>
		<LeftAnchorToLeft>false</LeftAnchorToLeft>
		<RightAnchorToLeft>false</RightAnchorToLeft>
	</Combobox>
	
	<Button item = "CS_AccListOrderDesc">
		<ScreenID>CS_AccListOrderDesc</ScreenID>
		<RelativePosition>true</RelativePosition> 
		<AutoStretch>true</AutoStretch>
		<LeftAnchorOffset>15</LeftAnchorOffset>
		<TopAnchorOffset>15</TopAnchorOffset>
		<RightAnchorOffset>0</RightAnchorOffset>
		<BottomAnchorOffset>0</BottomAnchorOffset>
		<TopAnchorToTop>false</TopAnchorToTop>
		<BottomAnchorToTop>false</BottomAnchorToTop>
		<LeftAnchorToLeft>false</LeftAnchorToLeft>
		<RightAnchorToLeft>false</RightAnchorToLeft>
		<Style_Transparent>false</Style_Transparent>
		<Style_Checkbox>true</Style_Checkbox>
		<Text></Text>
		<TextColor><R>255</R><G>255</G><B>255</B></TextColor>
		<ButtonDrawTemplate>
			<Normal>A_CheckBoxNormal</Normal>
			<Pressed>A_CheckBoxPressed</Pressed>
		</ButtonDrawTemplate>
	</Button>
	
	<Screen item = "CS_AccListPage">
		<ScreenID>CS_AccListPage</ScreenID>
		<!--<Font/>-->
		<Location>
			<X>0</X>
			<Y>0</Y>
		</Location>
		<Size>
			<CX>200</CX>
			<CY>150</CY>
		</Size>
		<Style_VScroll>false</Style_VScroll>
		<Style_Transparent>true</Style_Transparent>
		<DrawTemplate>WDT_Inner</DrawTemplate>
		<Style_Titlebar>false</Style_Titlebar>
		<Style_Closebox>false</Style_Closebox>
		<Style_Minimizebox>false</Style_Minimizebox>
		<Style_Border>false</Style_Border>
		<Style_Sizable>false</Style_Sizable>
		<!-- <RelativePosition>false</RelativePosition> -->
		<!-- <AutoStretch>false</AutoStretch> -->
		<Pieces>CS_AccList</Pieces>
		<Pieces>CS_DetailsAcc</Pieces>
		<Pieces>CS_AccListOrder</Pieces>
		<Pieces>CS_AccListOrderDesc</Pieces>
	</Screen>
	
	<VerticalLayoutBox item = "CS_Layout">
		<ScreenID>CS_Layout</ScreenID>
		<DrawTemplate>WDT_Inner</DrawTemplate>
		<AutoStretch>true</AutoStretch>
		<LeftAnchorOffset>2</LeftAnchorOffset>
		<TopAnchorOffset>30</TopAnchorOffset>
		<RightAnchorOffset>2</RightAnchorOffset>
		<BottomAnchorOffset>2</BottomAnchorOffset>
		<TopAnchorToTop>true</TopAnchorToTop>
		<BottomAnchorToTop>false</BottomAnchorToTop>
		<LeftAnchorToLeft>true</LeftAnchorToLeft>
		<RightAnchorToLeft>false</RightAnchorToLeft>
		<Spacing>4</Spacing>
		<Style_Border>false</Style_Border>
		<Style_VScroll>false</Style_VScroll>
		<Style_Transparent>true</Style_Transparent>
		<Pieces>Screen:CS_CharListPage</Pieces>
		<Pieces>Screen:CS_AccListPage</Pieces>
	</VerticalLayoutBox>	

	<Screen item = "CharSearchWnd"> 
		<RelativePosition>false</RelativePosition> 
		<Location><X>170</X><Y>15</Y></Location> 
		<Size><CX>200</CX><CY>240</CY></Size> 
		<Style_VScroll>false</Style_VScroll> 
		<Style_HScroll>false</Style_HScroll> 
		<Style_Transparent>false</Style_Transparent> 
		<TooltipReference>This is the DPS Window.</TooltipReference> 
		<DrawTemplate>WDT_Rounded</DrawTemplate> 
		<Style_Titlebar>true</Style_Titlebar> 
		<Style_Closebox>true</Style_Closebox> 
		<Style_Minimizebox>true</Style_Minimizebox> 
		<Style_Border>true</Style_Border> 
		<Style_Sizable>true</Style_Sizable> 
		<Text>P1999 Character Search</Text> 
		<Pieces>CS_ServerList</Pieces>
		<Pieces>CS_SearchType</Pieces>
		<Pieces>CS_Partial</Pieces>
		<Pieces>CS_Name</Pieces>
		<Pieces>CS_Search</Pieces>
		<Pieces>CS_Clear</Pieces>
		<Pieces>CS_Layout</Pieces>
	</Screen>

</XML>